tourney_id,tourney_name,surface,draw_size,tourney_level,indoor,tourney_date,match_num,winner_id,winner_seed,winner_entry,winner_name,winner_hand,winner_ht,winner_ioc,winner_age,winner_rank,winner_rank_points,loser_id,loser_seed,loser_entry,loser_name,loser_hand,loser_ht,loser_ioc,loser_age,loser_rank,loser_rank_points,score,best_of,round,minutes,w_ace,w_df,w_svpt,w_1stIn,w_1stWon,w_2ndWon,w_SvGms,w_bpSaved,w_bpFaced,l_ace,l_df,l_svpt,l_1stIn,l_1stWon,l_2ndWon,l_SvGms,l_bpSaved,l_bpFaced,_source,_source_file,_source_year,_retrieved_at,_original_row_number,_match_key,_dedup_status,_year_conflict,_stat_integrity_conflicts,_winner_name_normalized,_loser_name_normalized,_tourney_name_normalized,_round_normalized,_surface_normalized
2020-2205,Noumea,Hard,48,C,,20200112,1,BC65,,,Matthias Bachinger,R,188,GER,32.78,218,218,R0DG,,,Holger Rune,R,188,DEN,16.706,1019,9,6-1 6-4,3,R64,64,5,4,56,31,25,13,9,1,2,6,3,49,35,20,5,8,2,6,TennisMyLife,2020_challenger.csv,2020,2026-08-23T06:37:21.010456+00:00,2,e5bf0980e0b4b233afdbc78b0ac1ccf2,NEW_MATCH,0,,matthias bachinger,holger rune,noumea,r64,hard
2020-2205,Noumea,Hard,48,C,,20200112,2,C0BC,,,Maxime Cressy,R,201,USA,22.68,191,258,V717,,,Alexey Vatutin,R,178,RUS,27.209,206,233,6-3 3-6 6-4,3,R64,120,14,6,88,55,42,20,14,8,9,6,4,84,53,42,16,14,5,7,TennisMyLife,2020_challenger.csv,2020,2026-08-23T06:37:21.010456+00:00,3,71e5749520c7e50fb7168c0181ebdb4f,NEW_MATCH,0,,maxime cressy,alexey vatutin,noumea,r64,hard
2020-2205,Noumea,Hard,48,C,,20200112,3,G09O,,,Hugo Gaston,L,173,FRA,19.294,246,185,BE69,,,Yan Bai,R,185,CHN,30.645,211,229,6-4 7-6(6),3,R64,109,0,0,68,40,25,17,11,2,5,0,2,93,54,29,22,11,7,11,TennisMyLife,2020_challenger.csv,2020,2026-08-23T06:37:21.010456+00:00,4,787df947efee3d82f7cbbcad34affb1b,NEW_MATCH,0,,hugo gaston,yan bai,noumea,r64,hard
2020-2205,Noumea,Hard,48,C,,20200112,4,G858,,,Ernests Gulbis,R,191,LAT,31.368,258,171,MN13,,,Maximilian Marterer,L,188,GER,24.578,265,166,1-6 6-3 7-6(5),3,R64,120,10,5,81,50,43,15,14,4,6,7,1,95,58,45,18,14,5,6,TennisMyLife,2020_challenger.csv,2020,2026-08-23T06:37:21.010456+00:00,5,ef776593ce11c98a5a70c8e152453de9,NEW_MATCH,0,,ernests gulbis,maximilian marterer,noumea,r64,hard
2020-2205,Noumea,Hard,48,C,,20200112,5,K834,,,Blaz Kavcic,R,188,SLO,32.857,341,112,BT68,,,Elliot Benchetrit,R,193,MAR,21.279,217,219,6-4 7-5,3,R64,109,5,2,55,29,23,15,11,0,2,8,3,91,50,31,18,11,11,15,TennisMyLife,2020_challenger.csv,2020,2026-08-23T06:37:21.010456+00:00,6,d0c155b88807e9b9b977c467f072a7b9,NEW_MATCH,0,,blaz kavcic,elliot benchetrit,noumea,r64,hard
2020-2205,Noumea,Hard,48,C,,20200112,6,KD35,,,Thai-Son Kwiatkowski,R,188,USA,24.912,253,179,LB66,,,Constant Lestienne,R,180,FRA,27.639,224,213,6-4 6-2,3,R64,67,6,1,47,31,22,11,9,0,1,3,2,63,35,24,9,9,5,9,TennisMyLife,2020_challenger.csv,2020,2026-08-23T06:37:21.010456+00:00,7,753b450f95dc082459f2b7b12c5a1bbd,NEW_MATCH,0,,thai son kwiatkowski,constant lestienne,noumea,r64,hard
2020-2205,Noumea,Hard,48,C,,20200112,7,LC11,,,Tristan Lamasine,R,183,FRA,26.856,215,221,Z419,,,Bernabe Zapata Miralles,R,183,ESP,22.998,196,252,4-6 6-4 7-5,3,R64,115,4,0,87,62,40,15,16,2,6,0,2,85,67,42,8,16,4,9,TennisMyLife,2020_challenger.csv,2020,2026-08-23T06:37:21.010456+00:00,8,d8b00ed3089440fc4b89e651879bdf7c,NEW_MATCH,0,,tristan lamasine,bernabe zapata miralles,noumea,r64,hard
2020-2205,Noumea,Hard,48,C,,20200112,8,MJ01,,,Roberto Marcora,R,193,ITA,30.368,177,283,TE16,,,Carlos Taberner,R,183,ESP,22.428,187,264,6-3 3-6 6-3,3,R64,124,9,0,82,51,35,21,14,4,6,1,4,77,37,29,20,13,2,5,TennisMyLife,2020_challenger.csv,2020,2026-08-23T06:37:21.010456+00:00,9,0e4c2a437d1f395f2de4cd92c1ad4930,NEW_MATCH,0,,roberto marcora,carlos taberner,noumea,r64,hard
2020-2205,Noumea,Hard,48,C,,20200112,9,M0G4,,,Harold Mayot,R,180,FRA,17.936,688,28,SQ79,,,Colin Sinclair,R,188,NMI,25.065,623,35,4-6 6-3 6-2,3,R64,110,7,5,85,54,44,16,14,5,6,11,3,90,57,41,14,13,6,9,TennisMyLife,2020_challenger.csv,2020,2026-08-23T06:37:21.010456+00:00,10,8399d97b68a6927c6acbe56e415ba7c1,NEW_MATCH,0,,harold mayot,colin sinclair,noumea,r64,hard
2020-2205,Noumea,Hard,48,C,,20200112,10,MN70,,,Joao Menezes,R,185,BRA,23.069,186,266,N652,,,JiSung Nam,R,183,KOR,26.409,240,192,4-6 6-1 6-3,3,R64,123,11,2,97,71,49,12,13,10,12,0,3,75,42,22,20,13,6,11,TennisMyLife,2020_challenger.csv,2020,2026-08-23T06:37:21.010456+00:00,11,59205c397d3e72cb37fe94fa8de981b1,NEW_MATCH,0,,joao menezes,jisung nam,noumea,r64,hard
2020-2205,Noumea,Hard,48,C,,20200112,11,MI01,,,Hiroki Moriya,R,168,JPN,29.24,216,220,V824,,,Mario Vilella Martinez,R,178,ESP,24.528,193,258,7-5 6-3,3,R64,91,5,4,59,35,26,11,10,3,5,3,6,68,41,22,14,11,2,7,TennisMyLife,2020_challenger.csv,2020,2026-08-23T06:37:21.010456+00:00,12,550fae20232774007f26d985f9bbefe2,NEW_MATCH,0,,hiroki moriya,mario vilella martinez,noumea,r64,hard
2020-2205,Noumea,Hard,48,C,,20200112,12,MP20,,,Alexandre Muller,R,183,FRA,22.943,231,202,HB64,,,Quentin Halys,R,191,FRA,23.211,213,222,7-6(2) 6-1,3,R64,85,3,3,73,53,39,6,10,3,5,7,9,58,35,20,8,9,3,7,TennisMyLife,2020_challenger.csv,2020,2026-08-23T06:37:21.010456+00:00,13,de9619be02b4d43cefb2b162d5ca795d,NEW_MATCH,0,,alexandre muller,quentin halys,noumea,r64,hard
2020-2205,Noumea,Hard,48,C,,20200112,13,PG20,,,Dmitry Popko,R,191,KAZ,23.217,184,271,CG94,,,Enzo Couacaud,R,183,FRA,24.868,192,258,6-4 7-5,3,R64,98,0,5,80,44,29,19,11,8,10,4,2,76,49,30,13,11,8,12,TennisMyLife,2020_challenger.csv,2020,2026-08-23T06:37:21.010456+00:00,14,5c7a92fa699109603f56dee718bdee35,NEW_MATCH,0,,dmitry popko,enzo couacaud,noumea,r64,hard
2020-2205,Noumea,Hard,48,C,,20200112,14,TA29,,,Marco Trungelliti,R,178,ARG,29.947,210,230,R685,,,Lukas Rosol,R,193,CZE,34.47,176,285,4-6 6-4 7-6(0),3,R64,135,8,2,105,60,43,29,16,9,11,6,3,105,76,53,15,16,8,10,TennisMyLife,2020_challenger.csv,2020,2026-08-23T06:37:21.010456+00:00,15,4b00b492329547f03971bd63fc1850b6,NEW_MATCH,0,,marco trungelliti,lukas rosol,noumea,r64,hard
2020-2205,Noumea,Hard,48,C,,20200112,15,V490,,,Matteo Viola,R,185,ITA,32.517,219,217,CC66,,,Andrea Collarini,L,183,ARG,27.948,190,260,6-3 7-6(4),3,R64,89,1,3,68,47,32,13,11,1,3,3,3,57,34,22,12,10,2,5,TennisMyLife,2020_challenger.csv,2020,2026-08-23T06:37:21.010456+00:00,16,e48a84d3f016eb6864df80247c7656b2,NEW_MATCH,0,,matteo viola,andrea collarini,noumea,r64,hard
2020-2205,Noumea,Hard,48,C,,20200112,16,W09G,,,J.J. Wolf,R,183,USA,21.06,185,268,MJ98,,,Facundo Mena,R,183,ARG,27.305,204,237,6-2 6-2,3,R64,66,6,4,48,22,21,16,8,2,2,4,0,58,32,14,15,8,3,7,TennisMyLife,2020_challenger.csv,2020,2026-08-23T06:37:21.010456+00:00,17,c49cf1699235febb1a0ac19e72e2665d,NEW_MATCH,0,,j j wolf,facundo mena,noumea,r64,hard
2020-2205,Noumea,Hard,48,C,,20200112,17,LC11,,,Tristan Lamasine,R,183,FRA,26.856,215,221,D874,1,,Federico Delbonis,L,193,ARG,29.27,74,709,6-3 6-4,3,R32,79,4,0,65,42,31,16,10,4,4,1,4,55,36,28,7,9,1,3,TennisMyLife,2020_challenger.csv,2020,2026-08-23T06:37:21.010456+00:00,18,e1332a264b85f545afdeacafdd7699a1,NEW_MATCH,0,,tristan lamasine,federico delbonis,noumea,r32,hard
2020-2205,Noumea,Hard,48,C,,20200112,18,W09G,,,J.J. Wolf,R,183,USA,21.06,185,268,CF59,2,,Roberto Carballes Baena,R,183,ESP,26.806,80,664,6-2 6-7(9) 6-2,3,R32,146,8,4,91,53,41,19,14,3,6,5,3,110,63,34,24,14,10,17,TennisMyLife,2020_challenger.csv,2020,2026-08-23T06:37:21.010456+00:00,19,7fc4f79809bb1ca1b1e82388b7613964,NEW_MATCH,0,,j j wolf,roberto carballes baena,noumea,r32,hard
2020-2205,Noumea,Hard,48,C,,20200112,19,SE73,4,,Yuichi Sugita,R,175,JPN,31.316,100,559,MI01,,,Hiroki Moriya,R,168,JPN,29.24,216,220,4-6 6-4 6-3,3,R32,146,9,3,113,69,48,21,15,6,9,3,9,106,60,39,21,14,7,11,TennisMyLife,2020_challenger.csv,2020,2026-08-23T06:37:21.010456+00:00,20,2732c3a60db4f05492762b0adc44d243,NEW_MATCH,0,,yuichi sugita,hiroki moriya,noumea,r32,hard
2020-2205,Noumea,Hard,48,C,,20200112,20,F586,5,,Thomas Fabbiano,R,173,ITA,30.631,111,482,G09O,,,Hugo Gaston,L,173,FRA,19.294,246,185,6-2 6-2,3,R32,59,1,0,47,33,26,9,8,1,1,5,4,43,23,13,9,8,4,8,TennisMyLife,2020_challenger.csv,2020,2026-08-23T06:37:21.010456+00:00,21,0bb8747e2534c2d5fe70989d7112120a,NEW_MATCH,0,,thomas fabbiano,hugo gaston,noumea,r32,hard
2020-2205,Noumea,Hard,48,C,,20200112,21,O483,6,,Christopher O'Connell,R,183,AUS,25.61,117,470,PG20,,,Dmitry Popko,R,191,KAZ,23.217,184,271,7-6(9) 6-4,3,R32,107,0,3,86,62,42,8,11,6,9,3,2,62,41,26,12,11,0,4,TennisMyLife,2020_challenger.csv,2020,2026-08-23T06:37:21.010456+00:00,22,079282c3e7791ffed489e732235aa875,NEW_MATCH,0,,christopher o connell,dmitry popko,noumea,r32,hard
2020-2205,Noumea,Hard,48,C,,20200112,22,CE77,7,,Federico Coria,R,180,ARG,27.844,118,464,C0BC,,,Maxime Cressy,R,201,USA,22.68,191,258,4-6 6-4 6-3,3,R32,120,3,6,85,64,47,10,14,4,6,14,11,93,57,42,17,15,5,9,TennisMyLife,2020_challenger.csv,2020,2026-08-23T06:37:21.010456+00:00,23,dc4042137a369fc65519d2b8272e0660,NEW_MATCH,0,,federico coria,maxime cressy,noumea,r32,hard
2020-2205,Noumea,Hard,48,C,,20200112,23,M0G4,,,Harold Mayot,R,180,FRA,17.936,688,28,BF23,8,,Facundo Bagnis,L,183,ARG,29.873,135,405,3-6 6-3 6-3,3,R32,107,6,1,73,51,39,14,13,5,6,6,2,87,59,40,16,14,8,11,TennisMyLife,2020_challenger.csv,2020,2026-08-23T06:37:21.010456+00:00,24,dc24a290283d1579a4acc8b30ef473af,NEW_MATCH,0,,harold mayot,facundo bagnis,noumea,r32,hard
2020-2205,Noumea,Hard,48,C,,20200112,24,K966,9,,Martin Klizan,L,191,SVK,30.505,140,373,KD35,,,Thai-Son Kwiatkowski,R,188,USA,24.912,253,179,7-6(9) 4-6 6-4,3,R32,152,6,0,120,79,53,22,16,7,10,9,2,102,58,46,21,16,1,4,TennisMyLife,2020_challenger.csv,2020,2026-08-23T06:37:21.010456+00:00,25,d3070fe4abdc928fbad578bc8fce57e9,NEW_MATCH,0,,martin klizan,thai son kwiatkowski,noumea,r32,hard
2020-2205,Noumea,Hard,48,C,,20200112,25,MJ01,,,Roberto Marcora,R,193,ITA,30.368,177,283,GB53,10,,Federico Gaio,R,178,ITA,27.855,150,347,7-6(5) 6-7(6) 7-6(2),3,R32,177,10,3,127,81,59,26,18,4,7,10,7,121,72,55,24,18,3,6,TennisMyLife,2020_challenger.csv,2020,2026-08-23T06:37:21.010456+00:00,26,3b5e39bc1053342507dbb38dabdad052,NEW_MATCH,0,,roberto marcora,federico gaio,noumea,r32,hard
2020-2205,Noumea,Hard,48,C,,20200112,26,K834,,,Blaz Kavcic,R,188,SLO,32.857,341,112,CI14,11,,Jay Clarke,R,183,GBR,21.462,154,335,6-4 6-2,3,R32,97,3,2,56,40,30,9,9,1,2,1,2,68,38,21,15,9,5,9,TennisMyLife,2020_challenger.csv,2020,2026-08-23T06:37:21.010456+00:00,27,6d502ef8cb762976bf8e7edd84bc8224,NEW_MATCH,0,,blaz kavcic,jay clarke,noumea,r32,hard
2020-2205,Noumea,Hard,48,C,,20200112,27,SK94,12,,Cedrik-Marcel Stebe,L,180,GER,29.259,164,307,BC65,,,Matthias Bachinger,R,188,GER,32.78,218,218,7-6(2) RET,3,R32,61,4,3,44,32,19,6,6,1,4,0,6,41,24,17,5,6,0,3,TennisMyLife,2020_challenger.csv,2020,2026-08-23T06:37:21.010456+00:00,28,8af74901c0c42d0048865e098bb60c52,NEW_MATCH,0,,cedrik marcel stebe,matthias bachinger,noumea,r32,hard
2020-2205,Noumea,Hard,48,C,,20200112,28,TA29,,,Marco Trungelliti,R,178,ARG,29.947,210,230,TC12,13,,Mikael Torpegaard,R,193,DEN,25.681,166,303,6-3 3-6 6-1,3,R32,104,4,2,86,45,31,22,13,3,6,4,0,63,34,22,12,12,2,7,TennisMyLife,2020_challenger.csv,2020,2026-08-23T06:37:21.010456+00:00,29,d3d7e6f3528feb6ba16781206bfca3e4,NEW_MATCH,0,,marco trungelliti,mikael torpegaard,noumea,r32,hard
2020-2205,Noumea,Hard,48,C,,20200112,29,MP20,,,Alexandre Muller,R,183,FRA,22.943,231,202,MO44,14,,Pedro Martinez,R,185,ESP,22.713,168,300,7-6(5) 6-3,3,R32,113,5,1,86,58,38,17,11,7,8,1,1,65,45,30,12,10,5,7,TennisMyLife,2020_challenger.csv,2020,2026-08-23T06:37:21.010456+00:00,30,55558b0e36cb604490901b6829442be7,NEW_MATCH,0,,alexandre muller,pedro martinez,noumea,r32,hard
2020-2205,Noumea,Hard,48,C,,20200112,30,H997,15,,Yannick Hanfmann,R,193,GER,28.164,170,294,MN70,,,Joao Menezes,R,185,BRA,23.069,186,266,6-4 6-2,3,R32,76,4,3,62,39,30,11,9,2,2,2,3,56,46,26,5,9,1,4,TennisMyLife,2020_challenger.csv,2020,2026-08-23T06:37:21.010456+00:00,31,4b42bd29880d6344ebc00c3ade03733e,NEW_MATCH,0,,yannick hanfmann,joao menezes,noumea,r32,hard
2020-2205,Noumea,Hard,48,C,,20200112,31,G858,,,Ernests Gulbis,R,191,LAT,31.368,258,171,SK47,16,,Mohamed Safwat,R,180,EGY,29.314,172,291,6-4 6-4,3,R32,83,6,4,57,38,30,9,10,0,1,4,3,63,36,24,14,10,4,7,TennisMyLife,2020_challenger.csv,2020,2026-08-23T06:37:21.010456+00:00,32,6cdf6d8dfbd96cce41a00d84213f32ae,NEW_MATCH,0,,ernests gulbis,mohamed safwat,noumea,r32,hard
2020-2205,Noumea,Hard,48,C,,20200112,32,V490,,,Matteo Viola,R,185,ITA,32.517,219,217,KH56,,,Zdenek Kolar,R,183,CZE,23.258,226,209,6-4 4-6 6-4,3,R32,119,2,1,85,62,43,14,15,2,4,2,2,94,64,45,13,15,3,6,TennisMyLife,2020_challenger.csv,2020,2026-08-23T06:37:21.010456+00:00,33,99e067a0a27259bfa1f4f3ccb93fb4b4,NEW_MATCH,0,,matteo viola,zdenek kolar,noumea,r32,hard
2020-2205,Noumea,Hard,48,C,,20200112,33,SE73,4,,Yuichi Sugita,R,175,JPN,31.316,100,559,TA29,,,Marco Trungelliti,R,178,ARG,29.947,210,230,2-6 6-4 7-6(8),3,R16,151,5,4,103,65,41,18,15,2,7,12,6,123,71,44,28,15,10,14,TennisMyLife,2020_challenger.csv,2020,2026-08-23T06:37:21.010456+00:00,34,91d5b52977dc494c4b884caade9def1b,NEW_MATCH,0,,yuichi sugita,marco trungelliti,noumea,r16,hard
2020-2205,Noumea,Hard,48,C,,20200112,34,K834,,,Blaz Kavcic,R,188,SLO,32.857,341,112,F586,5,,Thomas Fabbiano,R,173,ITA,30.631,111,482,6-4 7-6(3),3,R16,124,7,4,81,46,33,20,11,7,8,4,2,69,50,34,8,11,0,2,TennisMyLife,2020_challenger.csv,2020,2026-08-23T06:37:21.010456+00:00,35,af0b82c3f5db9838cc24dff2629534d9,NEW_MATCH,0,,blaz kavcic,thomas fabbiano,noumea,r16,hard
2020-2205,Noumea,Hard,48,C,,20200112,35,K966,9,,Martin Klizan,L,191,SVK,30.505,140,373,O483,6,,Christopher O'Connell,R,183,AUS,25.61,117,470,7-6(2) 6-2,3,R16,112,4,0,81,53,38,17,10,3,3,8,0,71,50,37,7,10,4,6,TennisMyLife,2020_challenger.csv,2020,2026-08-23T06:37:21.010456+00:00,36,c474a66d23dd250732d83efb7e4dff42,NEW_MATCH,0,,martin klizan,christopher o connell,noumea,r16,hard
2020-2205,Noumea,Hard,48,C,,20200112,36,SK94,12,,Cedrik-Marcel Stebe,L,180,GER,29.259,164,307,CE77,7,,Federico Coria,R,180,ARG,27.844,118,464,6-1 6-3,3,R16,70,0,2,56,36,22,14,8,3,4,0,2,48,30,13,9,8,2,7,TennisMyLife,2020_challenger.csv,2020,2026-08-23T06:37:21.010456+00:00,37,904105130574ab915365fac76dcd909b,NEW_MATCH,0,,cedrik marcel stebe,federico coria,noumea,r16,hard
2020-2205,Noumea,Hard,48,C,,20200112,37,V490,,,Matteo Viola,R,185,ITA,32.517,219,217,H997,15,,Yannick Hanfmann,R,193,GER,28.164,170,294,6-4 6-7(5) 6-4,3,R16,166,3,3,114,81,53,13,16,4,8,1,2,133,102,57,13,16,17,23,TennisMyLife,2020_challenger.csv,2020,2026-08-23T06:37:21.010456+00:00,38,efc4c52e05ae86ab01553d406a9c155b,NEW_MATCH,0,,matteo viola,yannick hanfmann,noumea,r16,hard
2020-2205,Noumea,Hard,48,C,,20200112,38,LC11,,,Tristan Lamasine,R,183,FRA,26.856,215,221,G858,,,Ernests Gulbis,R,191,LAT,31.368,258,171,6-2 6-2,3,R16,75,1,2,55,36,25,13,8,3,3,6,3,57,29,13,15,8,6,10,TennisMyLife,2020_challenger.csv,2020,2026-08-23T06:37:21.010456+00:00,39,59f0b9e5e197c2ed4d0aade6a2b04755,NEW_MATCH,0,,tristan lamasine,ernests gulbis,noumea,r16,hard
2020-2205,Noumea,Hard,48,C,,20200112,39,MJ01,,,Roberto Marcora,R,193,ITA,30.368,177,283,M0G4,,,Harold Mayot,R,180,FRA,17.936,688,28,6-2 6-2,3,R16,56,7,0,42,26,21,13,8,1,1,2,0,46,23,14,11,8,2,6,TennisMyLife,2020_challenger.csv,2020,2026-08-23T06:37:21.010456+00:00,40,9b3ca1e2ad54bbea9d2a0c6014acefb2,NEW_MATCH,0,,roberto marcora,harold mayot,noumea,r16,hard
2020-2205,Noumea,Hard,48,C,,20200112,40,W09G,,,J.J. Wolf,R,183,USA,21.06,185,268,MP20,,,Alexandre Muller,R,183,FRA,22.943,231,202,6-1 6-3,3,R16,55,4,3,41,25,19,9,8,0,1,0,2,46,32,17,3,8,2,7,TennisMyLife,2020_challenger.csv,2020,2026-08-23T06:37:21.010456+00:00,41,a617e5b2c5c4dee5efa71ddaa9156a8d,NEW_MATCH,0,,j j wolf,alexandre muller,noumea,r16,hard
2020-2205,Noumea,Hard,48,C,,20200112,41,SE73,4,,Yuichi Sugita,R,175,JPN,31.316,100,559,K966,9,,Martin Klizan,L,191,SVK,30.505,140,373,6-1 6-2,3,QF,83,5,1,61,36,30,11,8,8,8,2,3,53,27,13,12,7,4,8,TennisMyLife,2020_challenger.csv,2020,2026-08-23T06:37:21.010456+00:00,42,eee120a55c7be9ac4a30155478a7e219,NEW_MATCH,0,,yuichi sugita,martin klizan,noumea,qf,hard
2020-2205,Noumea,Hard,48,C,,20200112,42,SK94,12,,Cedrik-Marcel Stebe,L,180,GER,29.259,164,307,LC11,,,Tristan Lamasine,R,183,FRA,26.856,215,221,6-4 6-1,3,QF,99,0,1,56,36,24,10,8,4,5,1,2,85,53,29,14,9,11,16,TennisMyLife,2020_challenger.csv,2020,2026-08-23T06:37:21.010456+00:00,43,c5eb5e33b62b48985b3c097a2f870185,NEW_MATCH,0,,cedrik marcel stebe,tristan lamasine,noumea,qf,hard
2020-2205,Noumea,Hard,48,C,,20200112,43,V490,,,Matteo Viola,R,185,ITA,32.517,219,217,MJ01,,,Roberto Marcora,R,193,ITA,30.368,177,283,7-6(2) 7-6(5),3,QF,113,2,4,94,65,36,18,12,6,10,4,3,84,51,33,15,12,6,10,TennisMyLife,2020_challenger.csv,2020,2026-08-23T06:37:21.010456+00:00,44,d9c163ef5dc1bf6cdc0567ca743bfeea,NEW_MATCH,0,,matteo viola,roberto marcora,noumea,qf,hard
2020-2205,Noumea,Hard,48,C,,20200112,44,W09G,,,J.J. Wolf,R,183,USA,21.06,185,268,K834,,,Blaz Kavcic,R,188,SLO,32.857,341,112,6-3 6-4,3,QF,90,14,4,78,51,39,14,10,6,6,4,3,59,40,26,10,9,3,5,TennisMyLife,2020_challenger.csv,2020,2026-08-23T06:37:21.010456+00:00,45,f7d780e237eef585a04f52128aa8a7a2,NEW_MATCH,0,,j j wolf,blaz kavcic,noumea,qf,hard
2020-2205,Noumea,Hard,48,C,,20200112,45,SE73,4,,Yuichi Sugita,R,175,JPN,31.316,100,559,SK94,12,,Cedrik-Marcel Stebe,L,180,GER,29.259,164,307,7-5 4-6 6-3,3,SF,125,3,1,90,59,37,17,16,3,9,5,5,87,52,31,14,15,5,12,TennisMyLife,2020_challenger.csv,2020,2026-08-23T06:37:21.010456+00:00,46,202f725dbcf13e700609093472ce24b9,NEW_MATCH,0,,yuichi sugita,cedrik marcel stebe,noumea,sf,hard
2020-2205,Noumea,Hard,48,C,,20200112,46,W09G,,,J.J. Wolf,R,183,USA,21.06,185,268,V490,,,Matteo Viola,R,185,ITA,32.517,219,217,6-2 6-2,3,SF,61,4,1,41,23,20,12,8,0,0,2,2,63,46,25,6,8,4,8,TennisMyLife,2020_challenger.csv,2020,2026-08-23T06:37:21.010456+00:00,47,6e0b6b1ccdd524895eda377287dd92a3,NEW_MATCH,0,,j j wolf,matteo viola,noumea,sf,hard
2020-2205,Noumea,Hard,48,C,,20200112,47,W09G,,,J.J. Wolf,R,183,USA,21.06,185,268,SE73,4,,Yuichi Sugita,R,175,JPN,31.316,100,559,6-2 6-2,3,F,65,6,1,54,29,24,14,8,4,4,2,2,47,28,17,8,8,5,9,TennisMyLife,2020_challenger.csv,2020,2026-08-23T06:37:21.010456+00:00,48,fc5429f531e165bd2e771d8ef113191a,NEW_MATCH,0,,j j wolf,yuichi sugita,noumea,f,hard
2020-7318,Ann Arbor,Hard,48,C,,20200112,1,A0AO,,,Alen Avidzba,R,188,RUS,19.882,416,81,SP05,,,Evan Song,L,178,USA,27.598,515,54,6-4 6-4,3,R64,100,7,2,61,33,29,17,10,4,4,5,1,78,55,35,13,10,7,9,TennisMyLife,2020_challenger.csv,2020,2026-08-23T06:37:21.010456+00:00,49,0dc84412159fe0d04f5e7b6e11d71925,NEW_MATCH,0,,alen avidzba,evan song,ann arbor,r64,hard
2020-7318,Ann Arbor,Hard,48,C,,20200112,2,BV27,,,Ulises Blanch,R,188,USA,21.802,419,79,KG27,,,Strong Kirchheimer,R,185,USA,24.715,553,47,6-3 7-6(6),3,R64,92,14,5,68,41,34,11,11,1,3,5,2,65,44,29,9,10,2,5,TennisMyLife,2020_challenger.csv,2020,2026-08-23T06:37:21.010456+00:00,50,dddc6ee96365c8ff40aae6d9ea41ab48,NEW_MATCH,0,,ulises blanch,strong kirchheimer,ann arbor,r64,hard
2020-7318,Ann Arbor,Hard,48,C,,20200112,3,E698,,,Gastao Elias,R,180,POR,29.133,447,70,H928,,,Diego Hidalgo,L,180,ECU,26.735,371,99,2-6 7-5 6-3,3,R64,164,7,1,86,45,34,23,14,2,4,7,7,108,68,44,21,15,9,12,TennisMyLife,2020_challenger.csv,2020,2026-08-23T06:37:21.010456+00:00,51,b51cd7c4d24274cf260ad711ecbdb1ec,NEW_MATCH,0,,gastao elias,diego hidalgo,ann arbor,r64,hard
2020-7318,Ann Arbor,Hard,48,C,,20200112,4,F0CK,,,Andrew Fenty,R,193,USA,19.847,1330,3,S0BW,,,Ondrej Styler,R,,CZE,19.614,1919,1,7-6(4) 7-6(5),3,R64,125,9,2,79,53,39,19,12,2,3,9,1,94,63,46,15,12,3,4,TennisMyLife,2020_challenger.csv,2020,2026-08-23T06:37:21.010456+00:00,52,870df730f60ead112100e6bced79cb4f,NEW_MATCH,0,,andrew fenty,ondrej styler,ann arbor,r64,hard
2020-7318,Ann Arbor,Hard,48,C,,20200112,5,GF23,,,Lucas Gerch,L,193,GER,25.062,462,67,S0K7,,,Zachary Svajda,R,175,USA,17.12,914,12,6-3 6-3,3,R64,78,4,2,52,31,24,11,9,1,2,0,2,72,50,26,11,9,6,10,TennisMyLife,2020_challenger.csv,2020,2026-08-23T06:37:21.010456+00:00,53,e73675e7bc6b0c31d1ce6c96092e522a,NEW_MATCH,0,,lucas gerch,zachary svajda,ann arbor,r64,hard
2020-7318,Ann Arbor,Hard,48,C,,20200112,6,HB48,,,Calvin Hemery,R,191,FRA,24.956,420,78,BF98,,,Alessandro Bega,R,170,ITA,29.002,400,85,6-1 6-4,3,R64,51,8,5,48,32,28,7,9,1,2,3,2,42,33,19,2,8,3,7,TennisMyLife,2020_challenger.csv,2020,2026-08-23T06:37:21.010456+00:00,54,c7b36cde2360c5b1a3fed79a55fd8232,NEW_MATCH,0,,calvin hemery,alessandro bega,ann arbor,r64,hard
2020-7318,Ann Arbor,Hard,48,C,,20200112,7,K0AZ,,,Aleksandar Kovacevic,R,183,USA,21.372,560,45,CF10,,,Nick Chappell,L,178,USA,27.313,468,66,7-6(4) 6-2,3,R64,77,5,4,59,34,31,12,10,0,1,1,3,66,43,29,11,10,3,6,TennisMyLife,2020_challenger.csv,2020,2026-08-23T06:37:21.010456+00:00,55,7bf7c0e6e268df8b4f434d6db736f596,NEW_MATCH,0,,aleksandar kovacevic,nick chappell,ann arbor,r64,hard
2020-7318,Ann Arbor,Hard,48,C,,20200112,8,KE64,,,Stefan Kozlov,R,183,USA,21.944,431,73,RC91,,,Arthur Rinderknech,R,196,FRA,24.474,323,121,6-3 6-4,3,R64,82,7,3,61,33,23,18,10,3,4,4,1,43,29,22,6,9,1,4,TennisMyLife,2020_challenger.csv,2020,2026-08-23T06:37:21.010456+00:00,56,9a2f6eb1b358314fdb717009c60050d3,NEW_MATCH,0,,stefan kozlov,arthur rinderknech,ann arbor,r64,hard
2020-7318,Ann Arbor,Hard,48,C,,20200112,9,K0A3,,,Patrick Kypson,R,188,USA,20.208,865,14,C0C8,,,Juan Manuel Cerundolo,L,183,ARG,18.157,388,92,7-6(4) 5-7 7-5,3,R64,158,12,1,124,81,60,24,18,11,13,6,2,116,67,50,30,18,4,6,TennisMyLife,2020_challenger.csv,2020,2026-08-23T06:37:21.010456+00:00,57,7d2c96a8a5400f6896cae0e9b0f704ce,NEW_MATCH,0,,patrick kypson,juan manuel cerundolo,ann arbor,r64,hard
2020-7318,Ann Arbor,Hard,48,C,,20200112,10,LD26,,,Edan Leshem,R,183,ISR,22.817,385,94,O507,,,Julian Ocleppo,R,191,ITA,22.448,401,85,6-4 6-3,3,R64,72,10,0,54,45,35,5,9,1,1,9,1,47,33,24,7,10,0,3,TennisMyLife,2020_challenger.csv,2020,2026-08-23T06:37:21.010456+00:00,58,1daebfe66ddc9d738e0486d659a5fa04,NEW_MATCH,0,,edan leshem,julian ocleppo,ann arbor,r64,hard
2020-7318,Ann Arbor,Hard,48,C,,20200112,11,MW84,,,John McNally,R,183,USA,21.235,641,32,GD08,,,Lloyd Glasspool,R,191,GBR,26.146,399,85,6-4 6-1,3,R64,61,8,2,53,39,30,8,9,1,1,5,1,45,33,21,6,8,1,4,TennisMyLife,2020_challenger.csv,2020,2026-08-23T06:37:21.010456+00:00,59,33e55c50efc8225620f947986bf3e3b4,NEW_MATCH,0,,john mcnally,lloyd glasspool,ann arbor,r64,hard
2020-7318,Ann Arbor,Hard,48,C,,20200112,12,N0AE,,,Brandon Nakashima,R,188,USA,18.442,364,101,RH54,,,Rayane Roumane,R,193,ALG,19.335,362,102,6-2 6-2,3,R64,59,2,2,44,24,21,12,8,0,0,5,1,42,29,18,4,8,1,5,TennisMyLife,2020_challenger.csv,2020,2026-08-23T06:37:21.010456+00:00,60,cddbe5f9df2ad8d91c36e4bfe443ce7a,NEW_MATCH,0,,brandon nakashima,rayane roumane,ann arbor,r64,hard
2020-7318,Ann Arbor,Hard,48,C,,20200112,13,RC93,,,Martin Redlicki,L,196,USA,24.386,390,91,GB42,,,Alejandro Gomez,R,183,COL,28.413,551,47,6-3 6-7(4) 7-6(4),3,R64,123,19,2,100,69,58,20,16,1,1,40,6,104,57,47,31,17,0,2,TennisMyLife,2020_challenger.csv,2020,2026-08-23T06:37:21.010456+00:00,61,9d43b6b3d57c419b25df021ed81af756,NEW_MATCH,0,,martin redlicki,alejandro gomez,ann arbor,r64,hard
2020-7318,Ann Arbor,Hard,48,C,,20200112,14,SK51,,,Tobias Simon,R,198,GER,28.654,458,68,KB37,,,Evan King,L,185,USA,27.8,342,112,6-4 6-2,3,R64,67,12,5,47,26,23,13,9,0,0,3,1,55,43,26,6,9,5,8,TennisMyLife,2020_challenger.csv,2020,2026-08-23T06:37:21.010456+00:00,62,defe90b104635a8e0d721ad86485f103,NEW_MATCH,0,,tobias simon,evan king,ann arbor,r64,hard
2020-7318,Ann Arbor,Hard,48,C,,20200112,15,V620,,,Agustin Velotti,R,,ARG,27.636,380,96,BC76,,,Nicolas Barrientos,R,175,COL,32.72,788,19,6-4 6-3,3,R64,74,8,1,48,29,27,8,9,2,3,2,3,64,44,27,9,10,3,7,TennisMyLife,2020_challenger.csv,2020,2026-08-23T06:37:21.010456+00:00,63,cbb53cea1b09727dcc7e8476a84c6ba3,NEW_MATCH,0,,agustin velotti,nicolas barrientos,ann arbor,r64,hard
2020-7318,Ann Arbor,Hard,48,C,,20200112,16,Z0AB,,,Alexey Zakharov,R,188,RUS,19.726,495,60,LC54,,,Benjamin Lock,R,198,ZIM,26.858,483,63,6-3 7-5,3,R64,109,15,0,54,36,30,14,11,0,0,3,3,76,42,31,14,10,6,8,TennisMyLife,2020_challenger.csv,2020,2026-08-23T06:37:21.010456+00:00,64,507e9c41fecbd7a00ad6dc12b0ad81db,NEW_MATCH,0,,alexey zakharov,benjamin lock,ann arbor,r64,hard
2020-7318,Ann Arbor,Hard,48,C,,20200112,17,F811,1,,Bjorn Fratangelo,R,183,USA,26.483,202,239,E698,,,Gastao Elias,R,180,POR,29.133,447,70,6-3 6-3,3,R32,75,2,1,49,36,29,9,9,0,0,4,3,62,30,21,14,9,3,6,TennisMyLife,2020_challenger.csv,2020,2026-08-23T06:37:21.010456+00:00,65,260efa294e71ac65d5f87d187bb51ba9,NEW_MATCH,0,,bjorn fratangelo,gastao elias,ann arbor,r32,hard
2020-7318,Ann Arbor,Hard,48,C,,20200112,18,BV27,,,Ulises Blanch,R,188,USA,21.802,419,79,RC96,2,,Noah Rubin,R,175,USA,23.89,249,181,7-5 7-6(4),3,R32,93,15,4,71,41,35,15,12,1,3,9,5,81,56,39,11,12,3,6,TennisMyLife,2020_challenger.csv,2020,2026-08-23T06:37:21.010456+00:00,66,8825b9dc33be052e6078b719b795bfd2,NEW_MATCH,0,,ulises blanch,noah rubin,ann arbor,r32,hard
2020-7318,Ann Arbor,Hard,48,C,,20200112,19,LD26,,,Edan Leshem,R,183,ISR,22.817,385,94,K0AH,3,,Sebastian Korda,R,196,USA,19.521,242,189,7-5 6-3,3,R32,75,4,0,54,34,26,10,11,3,6,4,3,61,39,23,8,10,4,9,TennisMyLife,2020_challenger.csv,2020,2026-08-23T06:37:21.010456+00:00,67,34e6230a032489fb4c63946b54caae62,NEW_MATCH,0,,edan leshem,sebastian korda,ann arbor,r32,hard
2020-7318,Ann Arbor,Hard,48,C,,20200112,20,CF88,4,,Roberto Cid Subervi,R,193,DOM,26.368,259,171,V620,,,Agustin Velotti,R,,ARG,27.636,380,96,6-7(4) 6-2 7-6(13),3,R32,174,6,2,107,72,56,18,16,0,1,8,3,129,79,53,30,16,9,12,TennisMyLife,2020_challenger.csv,2020,2026-08-23T06:37:21.010456+00:00,68,e38cc29d41ad7bb64ecbff86221a08e6,NEW_MATCH,0,,roberto cid subervi,agustin velotti,ann arbor,r32,hard
2020-7318,Ann Arbor,Hard,48,C,,20200112,21,K0AZ,,,Aleksandar Kovacevic,R,183,USA,21.372,560,45,BE54,5,,Ruben Bemelmans,L,183,BEL,31.995,256,172,6-2 6-4,3,R32,76,12,0,51,30,23,15,9,1,1,3,1,60,46,27,7,9,5,8,TennisMyLife,2020_challenger.csv,2020,2026-08-23T06:37:21.010456+00:00,69,d06f388fa92a02707c6a8ae72c5d6666,NEW_MATCH,0,,aleksandar kovacevic,ruben bemelmans,ann arbor,r32,hard
2020-7318,Ann Arbor,Hard,48,C,,20200112,22,KE64,,,Stefan Kozlov,R,183,USA,21.944,431,73,O376,6,,Renzo Olivo,R,178,ARG,27.828,263,168,7-6(2) 6-2,3,R32,99,2,4,75,42,27,14,10,7,10,1,5,65,43,24,8,10,1,6,TennisMyLife,2020_challenger.csv,2020,2026-08-23T06:37:21.010456+00:00,70,b52cc63251138424573b0e48499401ad,NEW_MATCH,0,,stefan kozlov,renzo olivo,ann arbor,r32,hard
2020-7318,Ann Arbor,Hard,48,C,,20200112,23,Q941,7,,Roberto Quiroz,L,193,ECU,27.885,264,167,SK51,,,Tobias Simon,R,198,GER,28.654,458,68,6-4 6-7(8) 7-6(4),3,R32,160,9,3,113,71,50,32,17,3,3,24,5,114,68,50,30,17,1,2,TennisMyLife,2020_challenger.csv,2020,2026-08-23T06:37:21.010456+00:00,71,eb7534a19a657f51246e6d9d75338720,NEW_MATCH,0,,roberto quiroz,tobias simon,ann arbor,r32,hard
2020-7318,Ann Arbor,Hard,48,C,,20200112,24,AB71,8,,JC Aragone,R,178,USA,24.542,274,150,F0CK,,,Andrew Fenty,R,193,USA,19.847,1330,3,6-1 6-4,3,R32,74,4,3,51,37,29,6,9,0,1,3,1,60,44,28,3,8,2,6,TennisMyLife,2020_challenger.csv,2020,2026-08-23T06:37:21.010456+00:00,72,c8327cee3c75f5981149b67a79a4e9d2,NEW_MATCH,0,,jc aragone,andrew fenty,ann arbor,r32,hard
2020-7318,Ann Arbor,Hard,48,C,,20200112,25,SP80,9,,Nino Serdarusic,R,191,CRO,23.08,300,131,HB48,,,Calvin Hemery,R,191,FRA,24.956,420,78,3-1 RET,3,R32,12,2,0,10,8,6,2,2,0,0,0,2,11,5,2,3,2,0,1,TennisMyLife,2020_challenger.csv,2020,2026-08-23T06:37:21.010456+00:00,73,754a8c6f1c5979b6fa946ba74de2f2aa,NEW_MATCH,0,,nino serdarusic,calvin hemery,ann arbor,r32,hard
2020-7318,Ann Arbor,Hard,48,C,,20200112,26,AE14,10,,Daniel Altmaier,R,188,GER,21.333,276,145,A0AO,,,Alen Avidzba,R,188,RUS,19.882,416,81,6-4 6-7(6) 6-3,3,R32,136,10,1,94,67,53,20,16,2,2,8,3,90,57,46,16,15,2,4,TennisMyLife,2020_challenger.csv,2020,2026-08-23T06:37:21.010456+00:00,74,290f9e594b90437388f2aff75c6206cb,NEW_MATCH,0,,daniel altmaier,alen avidzba,ann arbor,r32,hard
2020-7318,Ann Arbor,Hard,48,C,,20200112,27,GF23,,,Lucas Gerch,L,193,GER,25.062,462,67,U120,11,,Kaichi Uchida,R,180,JPN,25.388,283,143,7-6(2) 7-5,3,R32,106,6,6,89,50,34,20,12,9,13,0,2,81,50,27,15,12,8,13,TennisMyLife,2020_challenger.csv,2020,2026-08-23T06:37:21.010456+00:00,75,75a24d9826efc0a6bbe6b2b3b1a23139,NEW_MATCH,0,,lucas gerch,kaichi uchida,ann arbor,r32,hard
2020-7318,Ann Arbor,Hard,48,C,,20200112,28,N0AE,,,Brandon Nakashima,R,188,USA,18.442,364,101,KB14,12,,Kevin King,L,191,USA,28.871,309,127,6-3 7-6(2),3,R32,99,4,1,75,45,38,16,11,7,7,5,2,66,53,37,5,10,3,4,TennisMyLife,2020_challenger.csv,2020,2026-08-23T06:37:21.010456+00:00,76,e68cb6c1876d4576f3870ee5b9fb859f,NEW_MATCH,0,,brandon nakashima,kevin king,ann arbor,r32,hard
2020-7318,Ann Arbor,Hard,48,C,,20200112,29,SL94,13,,Pedro Sakamoto,R,178,BRA,26.538,302,130,Z0AB,,,Alexey Zakharov,R,188,RUS,19.726,495,60,6-2 7-6(7),3,R32,88,4,1,61,40,34,15,10,1,1,9,3,64,30,29,16,10,1,3,TennisMyLife,2020_challenger.csv,2020,2026-08-23T06:37:21.010456+00:00,77,07b1a7f4051c788ff57343fba8bca855,NEW_MATCH,0,,pedro sakamoto,alexey zakharov,ann arbor,r32,hard
2020-7318,Ann Arbor,Hard,48,C,,20200112,30,K0A3,,,Patrick Kypson,R,188,USA,20.208,865,14,RC62,14,,Michael Redlicki,L,203,USA,26.155,374,98,3-6 6-2 6-3,3,R32,100,5,2,78,58,45,9,13,3,4,7,2,76,47,32,14,13,1,4,TennisMyLife,2020_challenger.csv,2020,2026-08-23T06:37:21.010456+00:00,78,95cb86089713252385eb2976d2fb6b4f,NEW_MATCH,0,,patrick kypson,michael redlicki,ann arbor,r32,hard
2020-7318,Ann Arbor,Hard,48,C,,20200112,31,BH02,15,,Sekou Bangoura,R,183,USA,28.151,310,127,RC93,,,Martin Redlicki,L,196,USA,24.386,390,91,7-6(8) 6-3,3,R32,111,9,1,70,43,36,18,11,2,3,12,5,92,58,43,13,10,9,11,TennisMyLife,2020_challenger.csv,2020,2026-08-23T06:37:21.010456+00:00,79,868e4479ff8b67bf8075802827f742ae,NEW_MATCH,0,,sekou bangoura,martin redlicki,ann arbor,r32,hard
2020-7318,Ann Arbor,Hard,48,C,,20200112,32,MW84,,,John McNally,R,183,USA,21.235,641,32,BD20,16,,Thomaz Bellucci,L,188,BRA,32.036,313,125,6-3 6-4,3,R32,76,3,1,52,35,26,12,10,1,2,1,4,51,29,20,9,9,2,5,TennisMyLife,2020_challenger.csv,2020,2026-08-23T06:37:21.010456+00:00,80,4d6c1234e349a654b80eded3b714b012,NEW_MATCH,0,,john mcnally,thomaz bellucci,ann arbor,r32,hard
2020-7318,Ann Arbor,Hard,48,C,,20200112,33,F811,1,,Bjorn Fratangelo,R,183,USA,26.483,202,239,MW84,,,John McNally,R,183,USA,21.235,641,32,6-3 6-3,3,R16,78,4,0,48,36,29,8,9,0,0,7,1,56,34,24,8,9,2,5,TennisMyLife,2020_challenger.csv,2020,2026-08-23T06:37:21.010456+00:00,81,0e7c61449263b632f10795cb221b40ef,NEW_MATCH,0,,bjorn fratangelo,john mcnally,ann arbor,r16,hard
2020-7318,Ann Arbor,Hard,48,C,,20200112,34,CF88,4,,Roberto Cid Subervi,R,193,DOM,26.368,259,171,BH02,15,,Sekou Bangoura,R,183,USA,28.151,310,127,6-4 6-4,3,R16,89,3,2,60,43,32,9,10,6,7,3,2,69,49,34,6,10,3,6,TennisMyLife,2020_challenger.csv,2020,2026-08-23T06:37:21.010456+00:00,82,e9aa6fcaeb575095c0d6b8ce46aa129d,NEW_MATCH,0,,roberto cid subervi,sekou bangoura,ann arbor,r16,hard
2020-7318,Ann Arbor,Hard,48,C,,20200112,35,Q941,7,,Roberto Quiroz,L,193,ECU,27.885,264,167,SP80,9,,Nino Serdarusic,R,191,CRO,23.08,300,131,7-5 7-6(5),3,R16,103,9,3,84,57,46,13,12,3,3,7,0,66,43,34,16,12,3,4,TennisMyLife,2020_challenger.csv,2020,2026-08-23T06:37:21.010456+00:00,83,f8b7a74f24dec06b4e2e25687e5a6fa4,NEW_MATCH,0,,roberto quiroz,nino serdarusic,ann arbor,r16,hard
2020-7318,Ann Arbor,Hard,48,C,,20200112,36,AB71,8,,JC Aragone,R,178,USA,24.542,274,150,GF23,,,Lucas Gerch,L,193,GER,25.062,462,67,3-6 6-4 6-4,3,R16,156,1,3,93,64,37,15,15,6,11,5,6,105,50,35,21,14,14,19,TennisMyLife,2020_challenger.csv,2020,2026-08-23T06:37:21.010456+00:00,84,1bf8af46f50b9488c46c6d7cdcc11544,NEW_MATCH,0,,jc aragone,lucas gerch,ann arbor,r16,hard
2020-7318,Ann Arbor,Hard,48,C,,20200112,37,AE14,10,,Daniel Altmaier,R,188,GER,21.333,276,145,K0AZ,,,Aleksandar Kovacevic,R,183,USA,21.372,560,45,5-7 7-6(4) 6-3,3,R16,124,24,2,98,66,55,20,17,2,3,17,5,111,71,52,23,16,7,8,TennisMyLife,2020_challenger.csv,2020,2026-08-23T06:37:21.010456+00:00,85,ba3c645e4c2b106c9ad9e448719c825f,NEW_MATCH,0,,daniel altmaier,aleksandar kovacevic,ann arbor,r16,hard
2020-7318,Ann Arbor,Hard,48,C,,20200112,38,LD26,,,Edan Leshem,R,183,ISR,22.817,385,94,SL94,13,,Pedro Sakamoto,R,178,BRA,26.538,302,130,4-6 6-3 7-5,3,R16,144,12,5,102,60,48,22,16,8,10,10,0,110,74,49,16,15,7,10,TennisMyLife,2020_challenger.csv,2020,2026-08-23T06:37:21.010456+00:00,86,d9329bc2aaf01ce0030efef7474b21d3,NEW_MATCH,0,,edan leshem,pedro sakamoto,ann arbor,r16,hard
2020-7318,Ann Arbor,Hard,48,C,,20200112,39,BV27,,,Ulises Blanch,R,188,USA,21.802,419,79,K0A3,,,Patrick Kypson,R,188,USA,20.208,865,14,7-6(2) 6-2,3,R16,68,13,1,56,38,34,9,10,1,2,6,3,64,42,30,10,10,7,10,TennisMyLife,2020_challenger.csv,2020,2026-08-23T06:37:21.010456+00:00,87,c21fbfd4beb026502f5d5d1bfc72ea95,NEW_MATCH,0,,ulises blanch,patrick kypson,ann arbor,r16,hard
2020-7318,Ann Arbor,Hard,48,C,,20200112,40,KE64,,,Stefan Kozlov,R,183,USA,21.944,431,73,N0AE,,,Brandon Nakashima,R,188,USA,18.442,364,101,4-6 6-3 6-2,3,R16,120,7,3,89,59,46,15,14,3,4,2,1,67,42,34,11,13,1,4,TennisMyLife,2020_challenger.csv,2020,2026-08-23T06:37:21.010456+00:00,88,49b61170de9de5810371b49f30d84b69,NEW_MATCH,0,,stefan kozlov,brandon nakashima,ann arbor,r16,hard
2020-7318,Ann Arbor,Hard,48,C,,20200112,41,KE64,,,Stefan Kozlov,R,183,USA,21.944,431,73,F811,1,,Bjorn Fratangelo,R,183,USA,26.483,202,239,7-6(4) 6-2,3,QF,83,1,2,57,32,23,21,10,1,1,6,1,62,36,23,15,10,3,5,TennisMyLife,2020_challenger.csv,2020,2026-08-23T06:37:21.010456+00:00,89,3db18470e11e2a597d811f01bec03e2f,NEW_MATCH,0,,stefan kozlov,bjorn fratangelo,ann arbor,qf,hard
2020-7318,Ann Arbor,Hard,48,C,,20200112,42,CF88,4,,Roberto Cid Subervi,R,193,DOM,26.368,259,171,Q941,7,,Roberto Quiroz,L,193,ECU,27.885,264,167,6-4 6-4,3,QF,83,2,1,61,42,33,13,10,2,2,4,0,66,43,31,8,10,3,5,TennisMyLife,2020_challenger.csv,2020,2026-08-23T06:37:21.010456+00:00,90,8579094e377e7c500cafef8682df59ed,NEW_MATCH,0,,roberto cid subervi,roberto quiroz,ann arbor,qf,hard
2020-7318,Ann Arbor,Hard,48,C,,20200112,43,BV27,,,Ulises Blanch,R,188,USA,21.802,419,79,AB71,8,,JC Aragone,R,178,USA,24.542,274,150,7-5 5-7 6-2,3,QF,126,14,2,85,51,41,21,16,1,2,6,4,107,69,48,17,16,8,11,TennisMyLife,2020_challenger.csv,2020,2026-08-23T06:37:21.010456+00:00,91,67e9dc649afc8f844393bd1b52ebeffa,NEW_MATCH,0,,ulises blanch,jc aragone,ann arbor,qf,hard
2020-7318,Ann Arbor,Hard,48,C,,20200112,44,AE14,10,,Daniel Altmaier,R,188,GER,21.333,276,145,LD26,,,Edan Leshem,R,183,ISR,22.817,385,94,7-6(4) 7-5,3,QF,111,16,2,77,50,39,15,12,1,2,6,3,77,47,33,16,12,1,3,TennisMyLife,2020_challenger.csv,2020,2026-08-23T06:37:21.010456+00:00,92,2ef54f0d71ece1da15b35f59c6717ccf,NEW_MATCH,0,,daniel altmaier,edan leshem,ann arbor,qf,hard
2020-7318,Ann Arbor,Hard,48,C,,20200112,45,CF88,4,,Roberto Cid Subervi,R,193,DOM,26.368,259,171,KE64,,,Stefan Kozlov,R,183,USA,21.944,431,73,7-6(1) 5-7 6-3,3,SF,162,4,3,130,81,57,28,17,17,19,4,4,94,63,46,17,16,4,6,TennisMyLife,2020_challenger.csv,2020,2026-08-23T06:37:21.010456+00:00,93,5f4bd8d0c3047f861e096f4586378d49,NEW_MATCH,0,,roberto cid subervi,stefan kozlov,ann arbor,sf,hard
2020-7318,Ann Arbor,Hard,48,C,,20200112,46,BV27,,,Ulises Blanch,R,188,USA,21.802,419,79,AE14,10,,Daniel Altmaier,R,188,GER,21.333,276,145,6-3 6-4,3,SF,64,3,1,52,34,29,12,10,0,0,10,2,52,34,28,6,9,1,3,TennisMyLife,2020_challenger.csv,2020,2026-08-23T06:37:21.010456+00:00,94,0cb1299d6f1149934ac93855db35ea98,NEW_MATCH,0,,ulises blanch,daniel altmaier,ann arbor,sf,hard
2020-7318,Ann Arbor,Hard,48,C,,20200112,47,BV27,,,Ulises Blanch,R,188,USA,21.802,419,79,CF88,4,,Roberto Cid Subervi,R,193,DOM,26.368,259,171,3-6 6-4 6-2,3,F,93,3,1,72,49,36,13,14,2,5,3,0,66,47,33,9,13,3,7,TennisMyLife,2020_challenger.csv,2020,2026-08-23T06:37:21.010456+00:00,95,fadb197962e4a25d9864ad0593bbe4c5,NEW_MATCH,0,,ulises blanch,roberto cid subervi,ann arbor,f,hard
2020-7393,Canberra (Bendigo 1),Hard,48,C,,20200112,1,BI81,,,Alex Bolt,L,183,AUS,27.017,157,328,HA28,,,Filip Horansky,R,191,SVK,27.012,169,299,6-2 6-1,3,R64,48,8,1,43,29,27,7,8,0,0,3,3,39,24,14,4,7,2,6,TennisMyLife,2020_challenger.csv,2020,2026-08-23T06:37:21.010456+00:00,96,d0c4a7ceef4e905f3ea4fc480626fea7,NEW_MATCH,0,,alex bolt,filip horansky,canberra bendigo 1,r64,hard
2020-7393,Canberra (Bendigo 1),Hard,48,C,,20200112,2,BJ05,,,Harry Bourchier,R,185,AUS,23.967,286,140,PG94,,,Marc Polmans,R,188,AUS,22.697,133,411,5-7 6-3 7-6(4),3,R64,141,19,2,102,67,51,22,17,6,9,7,9,106,66,50,18,16,4,7,TennisMyLife,2020_challenger.csv,2020,2026-08-23T06:37:21.010456+00:00,97,0d99bf422e506181397d742611427921,NEW_MATCH,0,,harry bourchier,marc polmans,canberra bendigo 1,r64,hard
2020-7393,Canberra (Bendigo 1),Hard,48,C,,20200112,3,GE33,,,Daniel Elahi Galan,R,191,COL,23.567,188,263,SC56,,,Dudi Sela,R,175,ISR,34.773,141,373,5-7 6-2 6-4,3,R64,127,5,4,104,65,43,18,15,8,12,3,1,95,68,42,11,15,2,8,TennisMyLife,2020_challenger.csv,2020,2026-08-23T06:37:21.010456+00:00,98,7fd1cb5e3c331405450363a8af792ed6,NEW_MATCH,0,,daniel elahi galan,dudi sela,canberra bendigo 1,r64,hard
2020-7393,Canberra (Bendigo 1),Hard,48,C,,20200112,4,GA94,,,Prajnesh Gunneswaran,L,188,IND,30.166,122,442,KB95,,,Jason Kubler,R,178,AUS,26.65,257,172,7-5 6-3,3,R64,88,10,2,67,48,34,12,11,1,3,6,3,77,47,26,16,10,5,9,TennisMyLife,2020_challenger.csv,2020,2026-08-23T06:37:21.010456+00:00,99,66a18a7dacaa0ecc2499bc9b98edcf67,NEW_MATCH,0,,prajnesh gunneswaran,jason kubler,canberra bendigo 1,r64,hard
2020-7393,Canberra (Bendigo 1),Hard,48,C,,20200112,5,HB29,,,Andrew Harris,R,183,AUS,25.851,160,318,CA99,,,Marius Copil,R,191,ROU,29.238,152,344,4-6 7-5 7-6(7),3,R64,148,3,1,101,67,50,20,17,3,6,14,3,108,59,42,28,17,2,5,TennisMyLife,2020_challenger.csv,2020,2026-08-23T06:37:21.010456+00:00,100,a95fc1ae411ec42a2fc8b91e109b6f9b,NEW_MATCH,0,,andrew harris,marius copil,canberra bendigo 1,r64,hard
2020-7393,Canberra (Bendigo 1),Hard,48,C,,20200112,6,KC86,,,Darian King,R,188,BAR,27.713,194,257,J380,,,Jason Jung,R,180,TPE,30.576,125,429,4-6 6-4 6-3,3,R64,140,6,3,98,66,43,17,15,1,4,1,2,98,59,34,23,14,7,11,TennisMyLife,2020_challenger.csv,2020,2026-08-23T06:37:21.010456+00:00,101,f512958df6a16ed7cd66760ee2815128,NEW_MATCH,0,,darian king,jason jung,canberra bendigo 1,r64,hard
2020-7393,Canberra (Bendigo 1),Hard,48,C,,20200112,7,KA98,,,Bradley Klahn,L,183,USA,29.396,132,415,V836,,,Juan Pablo Varillas,R,185,PER,24.268,142,372,7-5 6-3,3,R64,70,15,2,52,35,32,13,11,1,1,5,7,74,34,24,18,10,8,10,TennisMyLife,2020_challenger.csv,2020,2026-08-23T06:37:21.010456+00:00,102,b37b24a77a27782ac9cb51a7968b5ca2,NEW_MATCH,0,,bradley klahn,juan pablo varillas,canberra bendigo 1,r64,hard
2020-7393,Canberra (Bendigo 1),Hard,48,C,,20200112,8,KC12,,,Mitchell Krueger,R,188,USA,25.999,165,304,E690,,,Matthew Ebden,R,188,AUS,32.129,236,195,6-2 6-4,3,R64,75,3,1,55,29,22,14,9,3,4,3,5,50,25,18,9,9,0,4,TennisMyLife,2020_challenger.csv,2020,2026-08-23T06:37:21.010456+00:00,103,3ba25675d5c7eef11152938b22900808,NEW_MATCH,0,,mitchell krueger,matthew ebden,canberra bendigo 1,r64,hard
2020-7393,Canberra (Bendigo 1),Hard,48,C,,20200112,9,L733,,,Zhe Li,R,183,CHN,33.311,209,231,SQ80,,,Akira Santillan,R,180,AUS,22.642,247,182,6-4 6-0,3,R64,77,0,1,49,33,21,11,8,1,2,5,3,61,28,15,14,8,5,10,TennisMyLife,2020_challenger.csv,2020,2026-08-23T06:37:21.010456+00:00,104,5e5c352cc35f808e836137caddbbc679,NEW_MATCH,0,,zhe li,akira santillan,canberra bendigo 1,r64,hard
2020-7393,Canberra (Bendigo 1),Hard,48,C,,20200112,10,MH16,,,Yannick Maden,R,185,GER,30.207,124,429,G476,,,Guillermo Garcia-Lopez,R,185,ESP,36.608,151,345,7-6(2) 6-3,3,R64,89,1,4,76,41,28,19,10,8,10,7,3,59,41,29,4,11,3,7,TennisMyLife,2020_challenger.csv,2020,2026-08-23T06:37:21.010456+00:00,105,6a0913b0e856c4de19d6df18fcc529ec,NEW_MATCH,0,,yannick maden,guillermo garcia lopez,canberra bendigo 1,r64,hard
2020-7393,Canberra (Bendigo 1),Hard,48,C,,20200112,11,O449,,,Oscar Otte,R,193,GER,26.491,162,314,GA79,,,Lorenzo Giustino,R,180,ITA,28.339,149,347,5-7 6-1 6-4,3,R64,131,16,4,76,40,35,21,15,2,4,4,5,127,77,45,24,14,14,18,TennisMyLife,2020_challenger.csv,2020,2026-08-23T06:37:21.010456+00:00,106,fe8388373d6bd9165834310dc1faf6ab,NEW_MATCH,0,,oscar otte,lorenzo giustino,canberra bendigo 1,r64,hard
2020-7393,Canberra (Bendigo 1),Hard,48,C,,20200112,12,PE02,,,Danilo Petrovic,R,203,SRB,27.967,167,301,Y218,,,Elias Ymer,R,185,SWE,23.756,173,290,7-5 7-6(3),3,R64,93,7,7,69,36,26,21,12,2,4,4,5,78,51,34,13,12,1,4,TennisMyLife,2020_challenger.csv,2020,2026-08-23T06:37:21.010456+00:00,107,387dea3d0ec95f4018a1494901d8268a,NEW_MATCH,0,,danilo petrovic,elias ymer,canberra bendigo 1,r64,hard
2020-7393,Canberra (Bendigo 1),Hard,48,C,,20200112,13,RA51,,,Blaz Rola,L,193,SLO,29.27,143,370,I305,,,Ilya Ivashka,R,193,BLR,25.881,136,402,7-5 7-6(3),3,R64,111,14,1,82,58,42,12,12,3,4,9,3,78,58,37,12,12,2,4,TennisMyLife,2020_challenger.csv,2020,2026-08-23T06:37:21.010456+00:00,108,433200956aae27d197e3f983047eb452,NEW_MATCH,0,,blaz rola,ilya ivashka,canberra bendigo 1,r64,hard
2020-7393,Canberra (Bendigo 1),Hard,48,C,,20200112,14,RH24,,,Emil Ruusuvuori,R,188,FIN,20.78,121,459,RB56,,,Ramkumar Ramanathan,R,188,IND,25.177,183,273,3-6 6-2 6-3,3,R64,87,8,2,79,55,44,13,13,3,4,7,5,65,35,27,16,13,1,4,TennisMyLife,2020_challenger.csv,2020,2026-08-23T06:37:21.010456+00:00,109,0dec9f1c27ab4241ec13c5a6557b1a05,NEW_MATCH,0,,emil ruusuvuori,ramkumar ramanathan,canberra bendigo 1,r64,hard
2020-7393,Canberra (Bendigo 1),Hard,48,C,,20200112,15,V832,,,Aleksandar Vukic,R,188,AUS,23.767,273,150,GA36,,,Emilio Gomez,R,185,ECU,28.123,144,364,7-5 7-6(4),3,R64,86,10,1,70,44,37,16,12,3,4,5,4,84,57,44,10,12,7,9,TennisMyLife,2020_challenger.csv,2020,2026-08-23T06:37:21.010456+00:00,110,8293d70a250f8eaeccc9291bd02535ce,NEW_MATCH,0,,aleksandar vukic,emilio gomez,canberra bendigo 1,r64,hard
2020-7393,Canberra (Bendigo 1),Hard,48,C,,20200112,16,Z371,,,Zhizhen Zhang,R,193,CHN,23.239,137,388,PH71,,,Max Purcell,R,185,AUS,21.777,214,221,6-2 6-4,3,R64,62,8,0,54,29,21,17,9,0,0,5,3,47,33,23,5,9,1,4,TennisMyLife,2020_challenger.csv,2020,2026-08-23T06:37:21.010456+00:00,111,8a4df83181d7e4d59f348fa58a7dc072,NEW_MATCH,0,,zhizhen zhang,max purcell,canberra bendigo 1,r64,hard
2020-7393,Canberra (Bendigo 1),Hard,48,C,,20200112,17,HH26,1,,Ugo Humbert,L,188,FRA,21.547,56,912,PE02,,,Danilo Petrovic,R,203,SRB,27.967,167,301,6-1 6-4,3,R32,59,11,0,44,24,24,12,9,0,0,4,3,48,31,19,8,8,3,6,TennisMyLife,2020_challenger.csv,2020,2026-08-23T06:37:21.010456+00:00,112,b33e1e56a4328039810d47ed2f925cd0,NEW_MATCH,0,,ugo humbert,danilo petrovic,canberra bendigo 1,r32,hard
2020-7393,Canberra (Bendigo 1),Hard,48,C,,20200112,18,L733,,,Zhe Li,R,183,CHN,33.311,209,231,SA93,2,,Andreas Seppi,R,191,ITA,35.89,71,776,3-6 7-5 6-4,3,R32,107,6,0,76,56,41,17,15,2,4,16,3,93,56,41,22,16,8,11,TennisMyLife,2020_challenger.csv,2020,2026-08-23T06:37:21.010456+00:00,113,113e0ed980fcfa2cc09c7848f8d47e1c,NEW_MATCH,0,,zhe li,andreas seppi,canberra bendigo 1,r32,hard
2020-7393,Canberra (Bendigo 1),Hard,48,C,,20200112,19,RH24,,,Emil Ruusuvuori,R,188,FIN,20.78,121,459,S0AG,3,,Jannik Sinner,R,191,ITA,18.407,78,671,6-3 6-4,3,R32,61,8,2,56,39,31,9,10,1,2,8,3,59,35,25,8,9,2,5,TennisMyLife,2020_challenger.csv,2020,2026-08-23T06:37:21.010456+00:00,114,f6633f5aaabe3332b323c5b99eaf7974,NEW_MATCH,0,,emil ruusuvuori,jannik sinner,canberra bendigo 1,r32,hard
2020-7393,Canberra (Bendigo 1),Hard,48,C,,20200112,20,K435,4,,Philipp Kohlschreiber,R,178,GER,36.241,79,665,V832,,,Aleksandar Vukic,R,188,AUS,23.767,273,150,6-4 7-5,3,R32,82,6,3,68,35,27,18,11,2,4,4,6,72,35,21,17,11,4,8,TennisMyLife,2020_challenger.csv,2020,2026-08-23T06:37:21.010456+00:00,115,d6bad77e7997ea3e22f2c3e5106b2bab,NEW_MATCH,0,,philipp kohlschreiber,aleksandar vukic,canberra bendigo 1,r32,hard
2020-7393,Canberra (Bendigo 1),Hard,48,C,,20200112,21,J386,5,,Steve Johnson,R,188,USA,30.051,84,630,Z371,,,Zhizhen Zhang,R,193,CHN,23.239,137,388,6-7(9) 6-4 6-4,3,R32,131,7,1,101,54,42,31,16,4,5,12,2,113,76,57,18,16,7,10,TennisMyLife,2020_challenger.csv,2020,2026-08-23T06:37:21.010456+00:00,116,438d6e2c12600cf366b6f63a9252425d,NEW_MATCH,0,,steve johnson,zhizhen zhang,canberra bendigo 1,r32,hard
2020-7393,Canberra (Bendigo 1),Hard,48,C,,20200112,22,MU94,6,,Jaume Munar,R,183,ESP,22.689,89,603,KC86,,,Darian King,R,188,BAR,27.713,194,257,4-6 6-3 6-0,3,R32,112,3,2,83,51,35,14,13,6,10,1,4,69,48,23,8,12,2,9,TennisMyLife,2020_challenger.csv,2020,2026-08-23T06:37:21.010456+00:00,117,42acdc3ebe6c7853c77dc23251ae741c,NEW_MATCH,0,,jaume munar,darian king,canberra bendigo 1,r32,hard
2020-7393,Canberra (Bendigo 1),Hard,48,C,,20200112,23,KF17,7,,Soonwoo Kwon,R,180,KOR,22.111,86,622,MH16,,,Yannick Maden,R,185,GER,30.207,124,429,6-1 6-2,3,R32,48,4,0,39,27,25,8,8,3,3,4,0,39,23,14,4,7,0,4,TennisMyLife,2020_challenger.csv,2020,2026-08-23T06:37:21.010456+00:00,118,47c1bb46d7643ee230134c03a4f63823,NEW_MATCH,0,,soonwoo kwon,yannick maden,canberra bendigo 1,r32,hard
2020-7393,Canberra (Bendigo 1),Hard,48,C,,20200112,24,KE73,8,,Dominik Koepfer,L,180,GER,25.706,95,584,RA51,,,Blaz Rola,L,193,SLO,29.27,143,370,6-4 3-6 6-0,3,R32,92,2,0,67,44,34,15,12,3,4,6,1,68,43,28,15,13,0,4,TennisMyLife,2020_challenger.csv,2020,2026-08-23T06:37:21.010456+00:00,119,119447e36289a334ec9c6756b690d70d,NEW_MATCH,0,,dominik koepfer,blaz rola,canberra bendigo 1,r32,hard
2020-7393,Canberra (Bendigo 1),Hard,48,C,,20200112,25,BJ05,,,Harry Bourchier,R,185,AUS,23.967,286,140,GC88,9,,Marcos Giron,R,180,USA,26.47,107,499,6-3 6-7(3) 6-3,3,R32,110,12,5,104,59,44,23,16,9,12,2,5,80,56,38,10,14,2,7,TennisMyLife,2020_challenger.csv,2020,2026-08-23T06:37:21.010456+00:00,120,0339d27cf0e17eb38c1c145a97656119,NEW_MATCH,0,,harry bourchier,marcos giron,canberra bendigo 1,r32,hard
2020-7393,Canberra (Bendigo 1),Hard,48,C,,20200112,26,L949,10,,Henri Laaksonen,R,185,SUI,27.784,101,540,O449,,,Oscar Otte,R,193,GER,26.491,162,314,3-6 6-4 6-4,3,R32,108,9,2,81,45,38,17,14,5,7,10,6,119,59,41,31,15,9,12,TennisMyLife,2020_challenger.csv,2020,2026-08-23T06:37:21.010456+00:00,121,2ec472beb897e4c19963c43d39f1050b,NEW_MATCH,0,,henri laaksonen,oscar otte,canberra bendigo 1,r32,hard
2020-7393,Canberra (Bendigo 1),Hard,48,C,,20200112,27,BI81,,,Alex Bolt,L,183,AUS,27.017,157,328,SP24,11,,Brayden Schnur,R,193,CAN,24.526,103,534,6-2 6-3,3,R32,60,4,2,50,29,25,13,9,1,1,8,2,50,32,18,10,8,1,4,TennisMyLife,2020_challenger.csv,2020,2026-08-23T06:37:21.010456+00:00,122,26c159a4fef071ef7dc508c94d74b704,NEW_MATCH,0,,alex bolt,brayden schnur,canberra bendigo 1,r32,hard
2020-7393,Canberra (Bendigo 1),Hard,48,C,,20200112,28,KA98,,,Bradley Klahn,L,183,USA,29.396,132,415,GB93,12,,Norbert Gombos,R,193,SVK,29.415,108,499,6-3 6-4,3,R32,66,7,6,59,35,30,14,10,5,6,2,4,60,32,17,16,9,4,7,TennisMyLife,2020_challenger.csv,2020,2026-08-23T06:37:21.010456+00:00,123,0995c4b4bafdd94f4fa3f4b8a04b8d5f,NEW_MATCH,0,,bradley klahn,norbert gombos,canberra bendigo 1,r32,hard
2020-7393,Canberra (Bendigo 1),Hard,48,C,,20200112,29,DA81,13,,Taro Daniel,R,191,JPN,26.957,106,501,GA94,,,Prajnesh Gunneswaran,L,188,IND,30.166,122,442,6-4 7-6(4),3,R32,90,5,4,76,43,36,19,11,5,6,3,2,70,45,36,12,11,6,8,TennisMyLife,2020_challenger.csv,2020,2026-08-23T06:37:21.010456+00:00,124,42e563d475ac97f51d7f6456d7e57594,NEW_MATCH,0,,taro daniel,prajnesh gunneswaran,canberra bendigo 1,r32,hard
2020-7393,Canberra (Bendigo 1),Hard,48,C,,20200112,30,D864,14,,Evgeny Donskoy,R,185,RUS,29.678,110,484,HB29,,,Andrew Harris,R,183,AUS,25.851,160,318,6-3 7-6(4),3,R32,75,6,2,60,32,27,19,11,0,1,3,2,59,43,31,6,10,1,3,TennisMyLife,2020_challenger.csv,2020,2026-08-23T06:37:21.010456+00:00,125,3394831821c2eac9de7474fa818bb4f5,NEW_MATCH,0,,evgeny donskoy,andrew harris,canberra bendigo 1,r32,hard
2020-7393,Canberra (Bendigo 1),Hard,48,C,,20200112,31,KB09,15,,Denis Kudla,R,180,USA,27.403,115,471,KC12,,,Mitchell Krueger,R,188,USA,25.999,165,304,6-7(4) 6-2 6-4,3,R32,136,14,3,101,61,46,22,15,3,4,6,2,99,62,41,19,15,5,9,TennisMyLife,2020_challenger.csv,2020,2026-08-23T06:37:21.010456+00:00,126,89f722e378d431ac43841632d723fc64,NEW_MATCH,0,,denis kudla,mitchell krueger,canberra bendigo 1,r32,hard
2020-7393,Canberra (Bendigo 1),Hard,48,C,,20200112,32,G967,16,,Peter Gojowczyk,R,188,GER,30.494,113,473,GE33,,,Daniel Elahi Galan,R,191,COL,23.567,188,263,3-6 7-5 6-3,3,R32,101,10,6,92,62,46,15,15,1,3,10,3,105,74,53,12,15,7,10,TennisMyLife,2020_challenger.csv,2020,2026-08-23T06:37:21.010456+00:00,127,01cf68efc43040f681b9c72c56e03b50,NEW_MATCH,0,,peter gojowczyk,daniel elahi galan,canberra bendigo 1,r32,hard
2020-7393,Canberra (Bendigo 1),Hard,48,C,,20200112,33,KB09,15,,Denis Kudla,R,180,USA,27.403,115,471,HH26,1,,Ugo Humbert,L,188,FRA,21.547,56,912,7-6(4) 6-3,3,R16,99,7,1,79,52,39,15,11,7,8,18,2,64,38,33,10,10,5,7,TennisMyLife,2020_challenger.csv,2020,2026-08-23T06:37:21.010456+00:00,128,195917078e086cebbcba1748fe8e1831,NEW_MATCH,0,,denis kudla,ugo humbert,canberra bendigo 1,r16,hard
2020-7393,Canberra (Bendigo 1),Hard,48,C,,20200112,34,K435,4,,Philipp Kohlschreiber,R,178,GER,36.241,79,665,G967,16,,Peter Gojowczyk,R,188,GER,30.494,113,473,7-5 6-4,3,R16,78,12,2,65,43,32,15,11,0,0,8,5,72,37,29,15,11,3,5,TennisMyLife,2020_challenger.csv,2020,2026-08-23T06:37:21.010456+00:00,129,243c01323d23cccce62b98d724c2ba87,NEW_MATCH,0,,philipp kohlschreiber,peter gojowczyk,canberra bendigo 1,r16,hard
2020-7393,Canberra (Bendigo 1),Hard,48,C,,20200112,35,J386,5,,Steve Johnson,R,188,USA,30.051,84,630,KA98,,,Bradley Klahn,L,183,USA,29.396,132,415,6-4 7-6(4),3,R16,77,5,3,62,36,31,16,11,0,1,7,4,66,40,33,10,11,2,4,TennisMyLife,2020_challenger.csv,2020,2026-08-23T06:37:21.010456+00:00,130,20671a5bb3d3788e83715da709704d77,NEW_MATCH,0,,steve johnson,bradley klahn,canberra bendigo 1,r16,hard
2020-7393,Canberra (Bendigo 1),Hard,48,C,,20200112,36,MU94,6,,Jaume Munar,R,183,ESP,22.689,89,603,L949,10,,Henri Laaksonen,R,185,SUI,27.784,101,540,6-3 6-3,3,R16,62,7,4,53,35,23,9,9,2,4,1,5,57,27,18,10,9,1,6,TennisMyLife,2020_challenger.csv,2020,2026-08-23T06:37:21.010456+00:00,131,2931e43afc6004c16651dc58aa77a30b,NEW_MATCH,0,,jaume munar,henri laaksonen,canberra bendigo 1,r16,hard
2020-7393,Canberra (Bendigo 1),Hard,48,C,,20200112,37,KF17,7,,Soonwoo Kwon,R,180,KOR,22.111,86,622,BJ05,,,Harry Bourchier,R,185,AUS,23.967,286,140,6-2 6-4,3,R16,72,4,4,56,35,28,12,9,7,7,5,1,64,40,25,10,9,5,8,TennisMyLife,2020_challenger.csv,2020,2026-08-23T06:37:21.010456+00:00,132,26ff27aa4405a5b5ab8479e057617ee1,NEW_MATCH,0,,soonwoo kwon,harry bourchier,canberra bendigo 1,r16,hard
2020-7393,Canberra (Bendigo 1),Hard,48,C,,20200112,38,KE73,8,,Dominik Koepfer,L,180,GER,25.706,95,584,BI81,,,Alex Bolt,L,183,AUS,27.017,157,328,3-6 6-3 7-5,3,R16,114,8,0,81,60,46,15,15,2,3,13,3,112,63,44,26,15,12,14,TennisMyLife,2020_challenger.csv,2020,2026-08-23T06:37:21.010456+00:00,133,94b28d21e1c24d94486e362ea68afed9,NEW_MATCH,0,,dominik koepfer,alex bolt,canberra bendigo 1,r16,hard
2020-7393,Canberra (Bendigo 1),Hard,48,C,,20200112,39,RH24,,,Emil Ruusuvuori,R,188,FIN,20.78,121,459,DA81,13,,Taro Daniel,R,191,JPN,26.957,106,501,6-2 6-4,3,R16,74,6,3,58,35,27,12,9,2,3,5,0,57,40,28,2,9,4,8,TennisMyLife,2020_challenger.csv,2020,2026-08-23T06:37:21.010456+00:00,134,835c48c1e48cf70bcb5b1cafa434c4f4,NEW_MATCH,0,,emil ruusuvuori,taro daniel,canberra bendigo 1,r16,hard
2020-7393,Canberra (Bendigo 1),Hard,48,C,,20200112,40,D864,14,,Evgeny Donskoy,R,185,RUS,29.678,110,484,L733,,,Zhe Li,R,183,CHN,33.311,209,231,7-6(2) 6-2,3,R16,88,8,4,61,37,28,13,10,2,4,3,1,79,60,34,9,10,6,10,TennisMyLife,2020_challenger.csv,2020,2026-08-23T06:37:21.010456+00:00,135,516fd133fdfd3c48a992946ce004a807,NEW_MATCH,0,,evgeny donskoy,zhe li,canberra bendigo 1,r16,hard
2020-7393,Canberra (Bendigo 1),Hard,48,C,,20200112,41,K435,4,,Philipp Kohlschreiber,R,178,GER,36.241,79,665,J386,5,,Steve Johnson,R,188,USA,30.051,84,630,7-6(4) 7-5,3,QF,139,5,2,73,47,35,14,12,3,5,8,2,79,43,32,16,12,2,5,TennisMyLife,2020_challenger.csv,2020,2026-08-23T06:37:21.010456+00:00,136,72a7bfbed843e3e52b5aad46d552615f,NEW_MATCH,0,,philipp kohlschreiber,steve johnson,canberra bendigo 1,qf,hard
2020-7393,Canberra (Bendigo 1),Hard,48,C,,20200112,42,KB09,15,,Denis Kudla,R,180,USA,27.403,115,471,MU94,6,,Jaume Munar,R,183,ESP,22.689,89,603,7-6(3) 6-2,3,QF,92,12,4,69,38,32,14,10,2,3,8,6,71,41,29,12,10,4,7,TennisMyLife,2020_challenger.csv,2020,2026-08-23T06:37:21.010456+00:00,137,65697dd90243c82063bb6c0b10a8eab1,NEW_MATCH,0,,denis kudla,jaume munar,canberra bendigo 1,qf,hard
2020-7393,Canberra (Bendigo 1),Hard,48,C,,20200112,43,D864,14,,Evgeny Donskoy,R,185,RUS,29.678,110,484,KF17,7,,Soonwoo Kwon,R,180,KOR,22.111,86,622,7-6(6) 4-6 6-1,3,QF,141,11,4,100,60,44,25,15,5,6,7,0,89,62,47,16,14,6,8,TennisMyLife,2020_challenger.csv,2020,2026-08-23T06:37:21.010456+00:00,138,26f617719b3a1c41421d009fff0734a9,NEW_MATCH,0,,evgeny donskoy,soonwoo kwon,canberra bendigo 1,qf,hard
2020-7393,Canberra (Bendigo 1),Hard,48,C,,20200112,44,RH24,,,Emil Ruusuvuori,R,188,FIN,20.78,121,459,KE73,8,,Dominik Koepfer,L,180,GER,25.706,95,584,6-3 6-4,3,QF,69,7,0,50,32,28,13,10,0,0,5,3,76,55,35,11,9,4,6,TennisMyLife,2020_challenger.csv,2020,2026-08-23T06:37:21.010456+00:00,139,4ede6f8621d70c0bbda5a3884d89ec62,NEW_MATCH,0,,emil ruusuvuori,dominik koepfer,canberra bendigo 1,qf,hard
2020-7393,Canberra (Bendigo 1),Hard,48,C,,20200112,45,K435,4,,Philipp Kohlschreiber,R,178,GER,36.241,79,665,D864,14,,Evgeny Donskoy,R,185,RUS,29.678,110,484,4-6 6-2 6-3,3,SF,103,5,3,75,48,37,13,14,0,3,6,5,89,46,28,19,13,11,16,TennisMyLife,2020_challenger.csv,2020,2026-08-23T06:37:21.010456+00:00,140,49188863d26f642b8e80cb303c27619f,NEW_MATCH,0,,philipp kohlschreiber,evgeny donskoy,canberra bendigo 1,sf,hard
2020-7393,Canberra (Bendigo 1),Hard,48,C,,20200112,46,RH24,,,Emil Ruusuvuori,R,188,FIN,20.78,121,459,KB09,15,,Denis Kudla,R,180,USA,27.403,115,471,6-0 7-5,3,SF,72,8,4,67,42,32,12,9,5,5,2,1,50,26,14,12,9,3,7,TennisMyLife,2020_challenger.csv,2020,2026-08-23T06:37:21.010456+00:00,141,b8ab4d7d2d208fac39278abf9de7afe5,NEW_MATCH,0,,emil ruusuvuori,denis kudla,canberra bendigo 1,sf,hard
2020-7393,Canberra (Bendigo 1),Hard,48,C,,20200112,47,K435,4,,Philipp Kohlschreiber,R,178,GER,36.241,79,665,RH24,,,Emil Ruusuvuori,R,188,FIN,20.78,121,459,7-6(5) 4-6 6-3,3,F,113,5,0,90,60,46,18,16,0,2,13,2,90,57,43,18,15,4,6,TennisMyLife,2020_challenger.csv,2020,2026-08-23T06:37:21.010456+00:00,142,0c9012a6419804fb6b50a1d17b2a4cac,NEW_MATCH,0,,philipp kohlschreiber,emil ruusuvuori,canberra bendigo 1,f,hard
2020-5047,Bangkok 1,Hard,48,C,,20200118,1,A622,,,Andrea Arnaboldi,L,180,ITA,32.06,306,128,I306,,,Cem Ilkel,R,185,TUR,24.411,264,161,3-6 6-4 7-5,3,R64,148,9,9,103,55,44,24,16,7,10,16,12,116,63,48,22,15,10,13,TennisMyLife,2020_challenger.csv,2020,2026-08-23T06:37:21.010456+00:00,143,f484bbb2c2d81ddd398e5df5119a1435,NEW_MATCH,0,,andrea arnaboldi,cem ilkel,bangkok 1,r64,hard
2020-5047,Bangkok 1,Hard,48,C,,20200118,2,BE67,,,Mirza Basic,R,188,BIH,28.52,298,131,TB70,,,Wishaya Trongcharoenchaikul,R,,THA,24.78,689,28,6-4 6-2,3,R64,72,4,1,53,34,24,17,9,4,4,8,3,62,33,25,10,9,5,8,TennisMyLife,2020_challenger.csv,2020,2026-08-23T06:37:21.010456+00:00,144,4d9e4144f54bba6080e22f021f642238,NEW_MATCH,0,,mirza basic,wishaya trongcharoenchaikul,bangkok 1,r64,hard
2020-5047,Bangkok 1,Hard,48,C,,20200118,3,D0CO,,,Jack Draper,L,193,GBR,18.073,334,115,CH90,,,Yun seong Chung,R,178,KOR,21.812,319,122,7-6(5) 6-3,3,R64,81,6,3,63,37,26,14,10,1,3,3,3,68,47,28,9,11,1,5,TennisMyLife,2020_challenger.csv,2020,2026-08-23T06:37:21.010456+00:00,145,3294529b1b544aa0b1178e5d7c0ea8fd,NEW_MATCH,0,,jack draper,yun seong chung,bangkok 1,r64,hard
2020-5047,Bangkok 1,Hard,48,C,,20200118,4,DC76,,,Viktor Durasovic,R,185,NOR,22.834,348,110,PH64,,,Andrea Pellegrino,R,185,ITA,22.823,335,115,2-6 6-3 6-2,3,R64,102,10,4,92,58,40,18,13,5,7,6,2,70,43,28,17,12,6,9,TennisMyLife,2020_challenger.csv,2020,2026-08-23T06:37:21.010456+00:00,146,8bbff1837a2cf9d31f29725837226608,NEW_MATCH,0,,viktor durasovic,andrea pellegrino,bangkok 1,r64,hard
2020-5047,Bangkok 1,Hard,48,C,,20200118,5,KC56,,,Aslan Karatsev,R,185,RUS,26.371,293,134,CM88,,,Congsup Congcar,R,175,THA,23.409,1149,6,6-0 6-0,3,R64,54,1,2,33,19,16,9,6,3,3,0,0,40,23,6,7,6,5,11,TennisMyLife,2020_challenger.csv,2020,2026-08-23T06:37:21.010456+00:00,147,e78c4453dc3299db273f0212be3862bf,NEW_MATCH,0,,aslan karatsev,congsup congcar,bangkok 1,r64,hard
2020-5047,Bangkok 1,Hard,48,C,,20200118,6,KI63,,,Lukas Klein,R,193,SVK,21.826,299,131,U120,,,Kaichi Uchida,R,180,JPN,25.405,281,143,6-1 3-6 6-1,3,R64,79,9,2,63,37,30,15,12,2,3,3,4,66,38,24,11,11,3,7,TennisMyLife,2020_challenger.csv,2020,2026-08-23T06:37:21.010456+00:00,148,9db39d66be1ef6d6be32729355f3d693,NEW_MATCH,0,,lukas klein,kaichi uchida,bangkok 1,r64,hard
2020-5047,Bangkok 1,Hard,48,C,,20200118,7,K0BU,,,Palaphoom Kovapitukted,R,178,THA,20.12,1208,5,CH05,,,Altug Celikbilek,R,183,TUR,23.362,322,121,2-6 6-2 6-1,3,R64,93,5,4,61,35,21,14,11,1,4,2,4,90,36,24,21,12,5,11,TennisMyLife,2020_challenger.csv,2020,2026-08-23T06:37:21.010456+00:00,149,da1ec0ea752a5cb22ca8404f6056d038,NEW_MATCH,0,,palaphoom kovapitukted,altug celikbilek,bangkok 1,r64,hard
2020-5047,Bangkok 1,Hard,48,C,,20200118,8,MV14,,,Alex Molcan,L,178,SVK,22.13,283,141,D981,,,Arthur De Greef,R,183,BEL,27.811,294,133,6-2 6-2,3,R64,77,5,3,52,34,20,13,8,1,2,0,4,69,37,20,12,8,8,13,TennisMyLife,2020_challenger.csv,2020,2026-08-23T06:37:21.010456+00:00,150,0739b5beef0ad7d36b1368350d2b11b3,NEW_MATCH,0,,alex molcan,arthur de greef,bangkok 1,r64,hard
2020-5047,Bangkok 1,Hard,48,C,,20200118,9,N503,,,Aleksandr Nedovyesov,R,188,KAZ,32.923,315,123,M0HM,,,Michael Mathayomchand,,,THA,20.011,,,6-3 6-0,3,R64,53,5,2,38,26,25,7,8,0,0,0,2,41,19,11,8,7,3,7,TennisMyLife,2020_challenger.csv,2020,2026-08-23T06:37:21.010456+00:00,151,c3f8bd2216af550148b5a0f869ec45bb,NEW_MATCH,0,,aleksandr nedovyesov,michael mathayomchand,bangkok 1,r64,hard
2020-5047,Bangkok 1,Hard,48,C,,20200118,10,O659,,,Vladyslav Orlov,R,188,UKR,24.674,435,73,I236,,,Uladzimir Ignatik,R,183,BLR,29.514,333,116,3-6 7-6(5) 2-0 RET,3,R64,146,3,3,75,42,26,20,11,3,6,7,5,83,44,31,19,12,2,5,TennisMyLife,2020_challenger.csv,2020,2026-08-23T06:37:21.010456+00:00,152,ffb9704d0c91f69f6df9dc2b15aeda4f,NEW_MATCH,0,,vladyslav orlov,uladzimir ignatik,bangkok 1,r64,hard
2020-5047,Bangkok 1,Hard,48,C,,20200118,11,PF65,,,Filip Peliwo,R,180,POL,25.966,290,137,E661,,,Gonzalo Escobar,L,178,ECU,30.992,307,128,7-5 3-6 6-4,3,R64,117,7,0,93,56,39,15,16,6,12,6,5,88,51,32,15,15,2,8,TennisMyLife,2020_challenger.csv,2020,2026-08-23T06:37:21.010456+00:00,153,6a78a8f3de24dc3a85a0cd1e515f7014,NEW_MATCH,0,,filip peliwo,gonzalo escobar,bangkok 1,r64,hard
2020-5047,Bangkok 1,Hard,48,C,,20200118,12,RB86,,,Sidharth Rawat,R,175,IND,26.743,497,58,D917,,,Sadio Doumbia,R,183,FRA,29.35,399,89,6-2 6-4,3,R64,70,8,0,51,29,23,16,9,1,1,0,2,55,39,27,4,9,3,6,TennisMyLife,2020_challenger.csv,2020,2026-08-23T06:37:21.010456+00:00,154,e1757bd2aaab71037c29a1d252a01d77,NEW_MATCH,0,,sidharth rawat,sadio doumbia,bangkok 1,r64,hard
2020-5047,Bangkok 1,Hard,48,C,,20200118,13,T0AP,,,Chun-Hsin Tseng,R,175,TPE,18.445,304,130,S0HR,,,Kasidit Samrej,R,191,THA,18.992,1046,8,6-1 6-2,3,R64,57,2,1,44,21,16,16,8,0,0,0,4,43,27,16,4,7,1,5,TennisMyLife,2020_challenger.csv,2020,2026-08-23T06:37:21.010456+00:00,155,77769e62428e10c4318adc75a1bc7041,NEW_MATCH,0,,chun hsin tseng,kasidit samrej,bangkok 1,r64,hard
2020-5047,Bangkok 1,Hard,48,C,,20200118,14,W571,,,Di Wu,R,173,CHN,28.345,310,126,KB37,,,Evan King,L,185,USA,27.817,353,109,6-3 6-2,3,R64,64,6,2,47,20,18,19,9,1,1,4,1,63,36,23,11,8,7,10,TennisMyLife,2020_challenger.csv,2020,2026-08-23T06:37:21.010456+00:00,156,24284979f1877ce1917f08b7fe7ba813,NEW_MATCH,0,,di wu,evan king,bangkok 1,r64,hard
2020-5047,Bangkok 1,Hard,48,C,,20200118,15,Y171,,,Denis Yevseyev,R,188,KAZ,26.658,371,100,R09X,,,Jurij Rodionov,L,191,AUT,20.676,328,117,6-2 6-3,3,R64,69,1,2,51,22,13,18,9,0,2,3,6,54,28,17,7,8,8,13,TennisMyLife,2020_challenger.csv,2020,2026-08-23T06:37:21.010456+00:00,157,efe873d045a77d03f9fcc307e184d9ac,NEW_MATCH,0,,denis yevseyev,jurij rodionov,bangkok 1,r64,hard
2020-5047,Bangkok 1,Hard,48,C,,20200118,16,Z272,,,Ze Zhang,R,188,CHN,29.541,357,107,T982,,,Tsung-Hua Yang,R,178,TPE,28.808,312,126,6-3 6-4,3,R64,79,6,2,59,32,23,16,10,3,5,10,5,61,39,29,5,9,4,8,TennisMyLife,2020_challenger.csv,2020,2026-08-23T06:37:21.010456+00:00,158,06fcad0426f3540edb405dbc6a0a391c,NEW_MATCH,0,,ze zhang,tsung hua yang,bangkok 1,r64,hard
2020-5047,Bangkok 1,Hard,48,C,,20200118,17,KC56,,,Aslan Karatsev,R,185,RUS,26.371,293,134,V708,1,,Jiri Vesely,L,198,CZE,26.524,108,515,6-4 6-7(0) 6-2,3,R32,143,11,9,91,50,39,21,15,3,4,17,11,106,63,46,18,15,9,13,TennisMyLife,2020_challenger.csv,2020,2026-08-23T06:37:21.010456+00:00,159,247abbfdaecf6d3846045a7b6713b204,NEW_MATCH,0,,aslan karatsev,jiri vesely,bangkok 1,r32,hard
2020-5047,Bangkok 1,Hard,48,C,,20200118,18,BD80,2,,Attila Balazs,R,180,HUN,31.307,128,418,Y171,,,Denis Yevseyev,R,188,KAZ,26.658,371,100,6-3 7-5,3,R32,84,3,1,65,33,22,19,11,3,5,3,6,55,33,25,6,10,3,7,TennisMyLife,2020_challenger.csv,2020,2026-08-23T06:37:21.010456+00:00,160,1f52f32ab396702c9df71edb7330b1d4,NEW_MATCH,0,,attila balazs,denis yevseyev,bangkok 1,r32,hard
2020-5047,Bangkok 1,Hard,48,C,,20200118,19,A622,,,Andrea Arnaboldi,L,180,ITA,32.06,306,128,H756,3,,Robin Haase,R,191,NED,32.786,161,316,6-3 3-6 6-1,3,R32,107,4,2,87,53,36,19,13,4,6,7,6,62,36,28,8,12,0,4,TennisMyLife,2020_challenger.csv,2020,2026-08-23T06:37:21.010456+00:00,161,6c7a7dda1e156d2f0e808966a6788925,NEW_MATCH,0,,andrea arnaboldi,robin haase,bangkok 1,r32,hard
2020-5047,Bangkok 1,Hard,48,C,,20200118,20,I165,4,,Denis Istomin,R,185,UZB,33.363,174,288,D0CO,,,Jack Draper,L,193,GBR,18.073,334,115,6-4 6-2,3,R32,89,5,3,60,40,29,9,9,5,6,4,6,53,30,18,9,9,2,6,TennisMyLife,2020_challenger.csv,2020,2026-08-23T06:37:21.010456+00:00,162,077bf6251109df54b6e056435dcb030d,NEW_MATCH,0,,denis istomin,jack draper,bangkok 1,r32,hard
2020-5047,Bangkok 1,Hard,48,C,,20200118,21,T0AP,,,Chun-Hsin Tseng,R,175,TPE,18.445,304,130,J267,5,,Malek Jaziri,R,185,TUN,35.995,228,206,6-3 6-3,3,R32,79,2,0,46,19,16,21,9,2,2,3,5,62,35,24,9,9,8,11,TennisMyLife,2020_challenger.csv,2020,2026-08-23T06:37:21.010456+00:00,163,0f8cecf3f788db75fac3101d33fa8754,NEW_MATCH,0,,chun hsin tseng,malek jaziri,bangkok 1,r32,hard
2020-5047,Bangkok 1,Hard,48,C,,20200118,22,SX50,6,,Roman Safiullin,R,185,RUS,22.448,249,182,PF65,,,Filip Peliwo,R,180,POL,25.966,290,137,6-2 6-3,3,R32,70,4,2,64,37,24,18,9,5,6,4,3,51,28,18,9,8,0,4,TennisMyLife,2020_challenger.csv,2020,2026-08-23T06:37:21.010456+00:00,164,5e5baf2a40dc39f2d7fd1ec77662f15d,NEW_MATCH,0,,roman safiullin,filip peliwo,bangkok 1,r32,hard
2020-5047,Bangkok 1,Hard,48,C,,20200118,23,W571,,,Di Wu,R,173,CHN,28.345,310,126,ME89,7,,Illya Marchenko,R,185,UKR,32.361,252,180,6-1 7-6(5),3,R32,87,8,1,74,42,32,17,10,3,5,2,6,61,33,22,9,9,3,7,TennisMyLife,2020_challenger.csv,2020,2026-08-23T06:37:21.010456+00:00,165,f94fbbd35abcfd8e5d84919aadab1532,NEW_MATCH,0,,di wu,illya marchenko,bangkok 1,r32,hard
2020-5047,Bangkok 1,Hard,48,C,,20200118,24,KD87,8,,Evgeny Karlovskiy,R,191,RUS,25.448,253,180,KI63,,,Lukas Klein,R,193,SVK,21.826,299,131,7-6(6) 6-4,3,R32,96,4,2,74,48,37,17,11,3,3,5,2,67,40,32,17,11,0,1,TennisMyLife,2020_challenger.csv,2020,2026-08-23T06:37:21.010456+00:00,166,c9d3ac9c227f8ff6e3bcf0d173c1065d,NEW_MATCH,0,,evgeny karlovskiy,lukas klein,bangkok 1,r32,hard
2020-5047,Bangkok 1,Hard,48,C,,20200118,25,MP83,9,,Gian Marco Moroni,R,185,ITA,21.927,257,176,DC76,,,Viktor Durasovic,R,185,NOR,22.834,348,110,6-4 7-6(7),3,R32,125,7,6,80,43,32,19,11,5,7,2,2,100,60,35,21,11,13,16,TennisMyLife,2020_challenger.csv,2020,2026-08-23T06:37:21.010456+00:00,167,b09aaf39524ed2b5deced453daf15c68,NEW_MATCH,0,,gian marco moroni,viktor durasovic,bangkok 1,r32,hard
2020-5047,Bangkok 1,Hard,48,C,,20200118,26,O376,10,,Renzo Olivo,R,178,ARG,27.844,286,139,K0BU,,,Palaphoom Kovapitukted,R,178,THA,20.12,1208,5,7-6(3) 7-6(4),3,R32,100,3,6,70,40,28,13,12,1,6,1,2,80,41,28,12,12,5,10,TennisMyLife,2020_challenger.csv,2020,2026-08-23T06:37:21.010456+00:00,168,4b88b7f9fbc26d496d6ff0bd8230bae1,NEW_MATCH,0,,renzo olivo,palaphoom kovapitukted,bangkok 1,r32,hard
2020-5047,Bangkok 1,Hard,48,C,,20200118,27,Z272,,,Ze Zhang,R,188,CHN,29.541,357,107,O482,12,,Gonzalo Oliveira,L,185,VEN,24.917,270,155,6-4 6-2,3,R32,69,4,1,48,30,25,14,9,1,1,0,4,57,35,25,8,9,3,6,TennisMyLife,2020_challenger.csv,2020,2026-08-23T06:37:21.010456+00:00,169,899f1d006d5551f5c345c08f74386c85,NEW_MATCH,0,,ze zhang,gonzalo oliveira,bangkok 1,r32,hard
2020-5047,Bangkok 1,Hard,48,C,,20200118,28,G725,13,,Santiago Giraldo,R,188,COL,32.142,278,144,RB86,,,Sidharth Rawat,R,175,IND,26.743,497,58,3-6 7-6(5) 6-4,3,R32,135,6,4,104,54,37,30,15,7,10,8,0,86,39,33,30,16,3,6,TennisMyLife,2020_challenger.csv,2020,2026-08-23T06:37:21.010456+00:00,170,1cd6edf0e2c102071931c3e45e0b3ea3,NEW_MATCH,0,,santiago giraldo,sidharth rawat,bangkok 1,r32,hard
2020-5047,Bangkok 1,Hard,48,C,,20200118,29,AB71,14,,JC Aragone,R,178,USA,24.559,263,165,MV14,,,Alex Molcan,L,178,SVK,22.13,283,141,7-6(2) 6-1,3,R32,96,4,3,78,58,39,7,9,6,8,5,8,76,43,24,14,10,5,10,TennisMyLife,2020_challenger.csv,2020,2026-08-23T06:37:21.010456+00:00,171,20ce00642e20c1b6370921a81d07138a,NEW_MATCH,0,,jc aragone,alex molcan,bangkok 1,r32,hard
2020-5047,Bangkok 1,Hard,48,C,,20200118,30,GH92,15,,Borna Gojo,R,196,CRO,21.889,275,149,N503,,,Aleksandr Nedovyesov,R,188,KAZ,32.923,315,123,6-1 6-4,3,R32,72,6,5,57,39,30,8,9,4,5,1,9,59,31,19,9,8,6,10,TennisMyLife,2020_challenger.csv,2020,2026-08-23T06:37:21.010456+00:00,172,9d03350e1b2888a01eb31dd3723f2022,NEW_MATCH,0,,borna gojo,aleksandr nedovyesov,bangkok 1,r32,hard
2020-5047,Bangkok 1,Hard,48,C,,20200118,31,BE67,,,Mirza Basic,R,188,BIH,28.52,298,131,AE14,16,,Daniel Altmaier,R,188,GER,21.35,260,172,7-6(5) 7-5,3,R32,96,4,5,81,52,39,12,12,3,5,6,2,76,48,35,12,12,3,6,TennisMyLife,2020_challenger.csv,2020,2026-08-23T06:37:21.010456+00:00,173,1f1b2a4a0fc54424b654bc9de6b6dd30,NEW_MATCH,0,,mirza basic,daniel altmaier,bangkok 1,r32,hard
2020-5047,Bangkok 1,Hard,48,C,,20200118,32,O659,,,Vladyslav Orlov,R,188,UKR,24.674,435,73,BE68,,,Tomislav Brkic,R,185,BIH,29.862,579,40,6-7(2) 6-4 6-1,3,R32,132,9,8,110,65,48,22,15,8,10,10,4,88,43,33,19,14,7,12,TennisMyLife,2020_challenger.csv,2020,2026-08-23T06:37:21.010456+00:00,174,4e6bb7867f6d46d668f62445fc838816,NEW_MATCH,0,,vladyslav orlov,tomislav brkic,bangkok 1,r32,hard
2020-5047,Bangkok 1,Hard,48,C,,20200118,33,BD80,2,,Attila Balazs,R,180,HUN,31.307,128,418,AB71,14,,JC Aragone,R,178,USA,24.559,263,165,6-3 3-6 6-4,3,R16,132,7,13,96,48,34,21,14,11,15,6,3,78,49,33,12,14,0,5,TennisMyLife,2020_challenger.csv,2020,2026-08-23T06:37:21.010456+00:00,175,58d4ee9ef21c2c8401e73ff23db36601,NEW_MATCH,0,,attila balazs,jc aragone,bangkok 1,r16,hard
2020-5047,Bangkok 1,Hard,48,C,,20200118,34,GH92,15,,Borna Gojo,R,196,CRO,21.889,275,149,I165,4,,Denis Istomin,R,185,UZB,33.363,174,288,6-3 6-0,3,R16,56,5,4,44,26,22,8,8,3,4,2,3,40,31,15,1,7,1,6,TennisMyLife,2020_challenger.csv,2020,2026-08-23T06:37:21.010456+00:00,176,b0c2f257265834a6987c6b78fc451395,NEW_MATCH,0,,borna gojo,denis istomin,bangkok 1,r16,hard
2020-5047,Bangkok 1,Hard,48,C,,20200118,35,SX50,6,,Roman Safiullin,R,185,RUS,22.448,249,182,Z272,,,Ze Zhang,R,188,CHN,29.541,357,107,6-2 6-1,3,R16,51,7,2,42,24,21,9,7,0,0,1,4,43,25,15,5,8,3,8,TennisMyLife,2020_challenger.csv,2020,2026-08-23T06:37:21.010456+00:00,177,34dda6cd1575717cd658a5626cdde42a,NEW_MATCH,0,,roman safiullin,ze zhang,bangkok 1,r16,hard
2020-5047,Bangkok 1,Hard,48,C,,20200118,36,KD87,8,,Evgeny Karlovskiy,R,191,RUS,25.448,253,180,O376,10,,Renzo Olivo,R,178,ARG,27.844,286,139,6-0 7-6(3),3,R16,91,8,3,73,37,27,16,9,10,12,6,8,67,44,25,7,9,3,8,TennisMyLife,2020_challenger.csv,2020,2026-08-23T06:37:21.010456+00:00,178,9643a14584fbcfab98416fb3d5838432,NEW_MATCH,0,,evgeny karlovskiy,renzo olivo,bangkok 1,r16,hard
2020-5047,Bangkok 1,Hard,48,C,,20200118,37,MP83,9,,Gian Marco Moroni,R,185,ITA,21.927,257,176,T0AP,,,Chun-Hsin Tseng,R,175,TPE,18.445,304,130,3-6 6-4 6-3,3,R16,154,7,7,91,51,37,19,14,8,12,4,7,110,62,41,20,14,7,12,TennisMyLife,2020_challenger.csv,2020,2026-08-23T06:37:21.010456+00:00,179,a93c9ecc37b0c154b3faba7c6ca6d2e7,NEW_MATCH,0,,gian marco moroni,chun hsin tseng,bangkok 1,r16,hard
2020-5047,Bangkok 1,Hard,48,C,,20200118,38,A622,,,Andrea Arnaboldi,L,180,ITA,32.06,306,128,G725,13,,Santiago Giraldo,R,188,COL,32.142,278,144,4-6 7-6(2) 6-4,3,R16,145,12,0,91,48,37,31,16,2,4,8,4,101,57,42,26,16,3,5,TennisMyLife,2020_challenger.csv,2020,2026-08-23T06:37:21.010456+00:00,180,1bb510cb0a360cb3bb7954a20f40fe86,NEW_MATCH,0,,andrea arnaboldi,santiago giraldo,bangkok 1,r16,hard
2020-5047,Bangkok 1,Hard,48,C,,20200118,39,KC56,,,Aslan Karatsev,R,185,RUS,26.371,293,134,BE67,,,Mirza Basic,R,188,BIH,28.52,298,131,6-4 3-6 6-4,3,R16,125,12,7,85,41,34,22,14,5,8,1,1,85,54,32,18,15,2,6,TennisMyLife,2020_challenger.csv,2020,2026-08-23T06:37:21.010456+00:00,181,4878af13ebcfa5113f5c5a758435a90d,NEW_MATCH,0,,aslan karatsev,mirza basic,bangkok 1,r16,hard
2020-5047,Bangkok 1,Hard,48,C,,20200118,40,W571,,,Di Wu,R,173,CHN,28.345,310,126,O659,,,Vladyslav Orlov,R,188,UKR,24.674,435,73,2-6 6-4 6-3,3,R16,123,4,1,92,51,31,20,14,5,11,7,8,87,45,28,16,13,11,17,TennisMyLife,2020_challenger.csv,2020,2026-08-23T06:37:21.010456+00:00,182,b11adbbfb164690141bf732719a95ffe,NEW_MATCH,0,,di wu,vladyslav orlov,bangkok 1,r16,hard
2020-5047,Bangkok 1,Hard,48,C,,20200118,41,BD80,2,,Attila Balazs,R,180,HUN,31.307,128,418,KD87,8,,Evgeny Karlovskiy,R,191,RUS,25.448,253,180,6-1 7-5,3,QF,84,5,3,66,41,29,13,10,4,6,4,6,53,36,23,4,9,3,8,TennisMyLife,2020_challenger.csv,2020,2026-08-23T06:37:21.010456+00:00,183,b869ff9a3bc524cb97292eb8ceb3f82a,NEW_MATCH,0,,attila balazs,evgeny karlovskiy,bangkok 1,qf,hard
2020-5047,Bangkok 1,Hard,48,C,,20200118,42,SX50,6,,Roman Safiullin,R,185,RUS,22.448,249,182,GH92,15,,Borna Gojo,R,196,CRO,21.889,275,149,6-4 6-4,3,QF,74,4,0,57,39,30,12,10,1,1,1,1,57,38,29,11,10,1,3,TennisMyLife,2020_challenger.csv,2020,2026-08-23T06:37:21.010456+00:00,184,6a8f775ba9e6ed967394c9c268ffe820,NEW_MATCH,0,,roman safiullin,borna gojo,bangkok 1,qf,hard
2020-5047,Bangkok 1,Hard,48,C,,20200118,43,MP83,9,,Gian Marco Moroni,R,185,ITA,21.927,257,176,A622,,,Andrea Arnaboldi,L,180,ITA,32.06,306,128,6-2 6-4,3,QF,78,6,4,54,28,24,12,9,3,4,0,1,51,33,17,10,9,4,8,TennisMyLife,2020_challenger.csv,2020,2026-08-23T06:37:21.010456+00:00,185,d885b379212cdf91934f6bac5408039e,NEW_MATCH,0,,gian marco moroni,andrea arnaboldi,bangkok 1,qf,hard
2020-5047,Bangkok 1,Hard,48,C,,20200118,44,KC56,,,Aslan Karatsev,R,185,RUS,26.371,293,134,W571,,,Di Wu,R,173,CHN,28.345,310,126,6-2 6-2,3,QF,68,5,7,52,18,16,16,8,3,5,4,8,57,30,14,9,8,3,9,TennisMyLife,2020_challenger.csv,2020,2026-08-23T06:37:21.010456+00:00,186,a453d0ee5f24799892d6b8ac5331f6b5,NEW_MATCH,0,,aslan karatsev,di wu,bangkok 1,qf,hard
2020-5047,Bangkok 1,Hard,48,C,,20200118,45,BD80,2,,Attila Balazs,R,180,HUN,31.307,128,418,SX50,6,,Roman Safiullin,R,185,RUS,22.448,249,182,6-1 6-7(4) 7-6(5),3,SF,151,10,4,100,53,45,26,16,0,0,4,10,94,58,43,20,15,3,5,TennisMyLife,2020_challenger.csv,2020,2026-08-23T06:37:21.010456+00:00,187,47f452f7980ca6167646a1b87c107b72,NEW_MATCH,0,,attila balazs,roman safiullin,bangkok 1,sf,hard
2020-5047,Bangkok 1,Hard,48,C,,20200118,46,KC56,,,Aslan Karatsev,R,185,RUS,26.371,293,134,MP83,9,,Gian Marco Moroni,R,185,ITA,21.927,257,176,6-2 6-2,3,SF,81,1,1,47,25,19,12,8,0,1,1,4,49,24,11,13,8,0,5,TennisMyLife,2020_challenger.csv,2020,2026-08-23T06:37:21.010456+00:00,188,608175b5bf198eb65ebb6b2d8d6f0848,NEW_MATCH,0,,aslan karatsev,gian marco moroni,bangkok 1,sf,hard
2020-5047,Bangkok 1,Hard,48,C,,20200118,47,BD80,2,,Attila Balazs,R,180,HUN,31.307,128,418,KC56,,,Aslan Karatsev,R,185,RUS,26.371,293,134,7-6(5) 0-6 7-6(6),3,F,169,10,4,117,66,42,29,15,9,13,11,5,100,49,40,30,15,8,9,TennisMyLife,2020_challenger.csv,2020,2026-08-23T06:37:21.010456+00:00,189,6cceceec3656acbe273fbbcb9478b52e,NEW_MATCH,0,,attila balazs,aslan karatsev,bangkok 1,f,hard
2020-7841,Bendigo 2,Hard,48,C,,20200118,1,CO06,,,Liam Caruana,R,178,ITA,21.988,533,49,SK97,,,Yaraslav Shyla,R,191,BLR,26.872,1437,2,1-6 6-4 6-1,3,R64,81,8,2,66,39,24,13,12,2,7,4,7,72,45,27,11,12,3,9,TennisMyLife,2020_challenger.csv,2020,2026-08-23T06:37:21.010456+00:00,190,0342075d4d15b9fdf34c8ef23f1704b0,NEW_MATCH,0,,liam caruana,yaraslav shyla,bendigo 2,r64,hard
2020-7841,Bendigo 2,Hard,48,C,,20200118,2,CN32,,,Jai Corbett,L,185,AUS,25.856,1353,3,D0BE,,,Jesse Delaney,R,173,AUS,21.177,1054,8,6-4 6-1,3,R64,87,0,1,57,35,26,13,9,4,5,0,6,59,29,17,11,8,5,9,TennisMyLife,2020_challenger.csv,2020,2026-08-23T06:37:21.010456+00:00,191,92e2d75eec6a415ac0be3d243480c61d,NEW_MATCH,0,,jai corbett,jesse delaney,bendigo 2,r64,hard
2020-7841,Bendigo 2,Hard,48,C,,20200118,3,C0A0,,,Alexander Crnokrak,R,191,AUS,19.984,728,24,M815,,,Toshihide Matsui,R,178,JPN,41.749,752,21,6-2 6-0,3,R64,44,7,2,31,13,13,15,7,0,0,2,8,40,16,9,7,7,4,9,TennisMyLife,2020_challenger.csv,2020,2026-08-23T06:37:21.010456+00:00,192,d889596718a80d7ef720cf41c841e70a,NEW_MATCH,0,,alexander crnokrak,toshihide matsui,bendigo 2,r64,hard
2020-7841,Bendigo 2,Hard,48,C,,20200118,4,DB93,,,Matias Franco Descotte,R,191,ARG,25.388,381,95,GE73,,,Jacob Grills,R,,AUS,24.586,444,71,6-4 2-6 6-4,3,R64,109,5,2,77,46,38,15,14,0,2,15,4,92,53,37,22,14,2,4,TennisMyLife,2020_challenger.csv,2020,2026-08-23T06:37:21.010456+00:00,193,e908e8a45701c662b594edac21ae403f,NEW_MATCH,0,,matias franco descotte,jacob grills,bendigo 2,r64,hard
2020-7841,Bendigo 2,Hard,48,C,,20200118,5,KD48,,,Markos Kalovelonis,R,191,GRE,25.67,738,23,I0A7,,,Nicholas David Ionel,R,,ROU,17.268,549,46,6-4 3-6 6-2,3,R64,85,6,2,66,42,34,15,13,0,1,8,3,92,64,44,14,14,4,7,TennisMyLife,2020_challenger.csv,2020,2026-08-23T06:37:21.010456+00:00,194,092eeb9c63a56cfe4eccb4fec44571fb,NEW_MATCH,0,,markos kalovelonis,nicholas david ionel,bendigo 2,r64,hard
2020-7841,Bendigo 2,Hard,48,C,,20200118,6,KA22,,,Dayne Kelly,R,,AUS,29.489,362,104,K964,,,Brydan Klein,R,188,GBR,30.048,392,91,6-3 7-5,3,R64,87,5,3,64,41,33,14,11,5,6,2,2,71,39,26,14,10,5,8,TennisMyLife,2020_challenger.csv,2020,2026-08-23T06:37:21.010456+00:00,195,9122f34b14e1b48682ddfd2bcc604755,NEW_MATCH,0,,dayne kelly,brydan klein,bendigo 2,r64,hard
2020-7841,Bendigo 2,Hard,48,C,,20200118,7,M0G4,,,Harold Mayot,R,180,FRA,17.952,611,36,Z09D,,,Kacper Zuk,R,183,POL,20.991,401,85,6-4 7-5,3,R64,78,7,4,68,35,28,18,11,1,2,2,3,67,39,27,16,11,6,9,TennisMyLife,2020_challenger.csv,2020,2026-08-23T06:37:21.010456+00:00,196,47d369472bc5a7773a6d2da9d85499c2,NEW_MATCH,0,,harold mayot,kacper zuk,bendigo 2,r64,hard
2020-7841,Bendigo 2,Hard,48,C,,20200118,8,N732,,,Yoshihito Nishioka,L,170,JPN,24.309,71,792,SQ79,,,Colin Sinclair,R,188,NMI,25.081,623,35,6-2 6-4,3,R64,68,1,0,50,35,27,9,9,3,4,4,1,58,40,28,3,9,5,9,TennisMyLife,2020_challenger.csv,2020,2026-08-23T06:37:21.010456+00:00,197,59b9e73fe980530a3befba38cadb8850,NEW_MATCH,0,,yoshihito nishioka,colin sinclair,bendigo 2,r64,hard
2020-7841,Bendigo 2,Hard,48,C,,20200118,9,N670,,,Hugo Nys,R,183,MON,28.92,446,69,DC38,,,Jake Delaney,R,185,AUS,22.68,1395,3,6-4 6-3,3,R64,68,8,4,57,27,21,21,10,1,1,1,4,53,31,22,12,9,3,5,TennisMyLife,2020_challenger.csv,2020,2026-08-23T06:37:21.010456+00:00,198,82b31965e2e0ecbff1a5d1a5f30d0472,NEW_MATCH,0,,hugo nys,jake delaney,bendigo 2,r64,hard
2020-7841,Bendigo 2,Hard,48,C,,20200118,10,PM13,,,Michail Pervolarakis,R,193,GRE,23.617,483,62,G922,,,Gerard Granollers,R,183,ESP,30.965,864,14,7-6(3) 6-3,3,R64,96,3,2,64,42,32,13,10,2,3,2,2,78,40,27,19,11,6,9,TennisMyLife,2020_challenger.csv,2020,2026-08-23T06:37:21.010456+00:00,199,f994cdf6bc07ec4eaaaab9efe7541b47,NEW_MATCH,0,,michail pervolarakis,gerard granollers,bendigo 2,r64,hard
2020-7841,Bendigo 2,Hard,48,C,,20200118,11,PG03,,,Calum Puttergill,R,183,AUS,26.24,798,18,C0DP,,,Jayden Court,R,191,AUS,19.581,1281,4,6-2 7-6(4),3,R64,88,1,7,73,43,32,14,10,8,10,6,7,71,39,28,12,10,2,6,TennisMyLife,2020_challenger.csv,2020,2026-08-23T06:37:21.010456+00:00,200,0ed6b0a50574b3a261517eed2c4ba416,NEW_MATCH,0,,calum puttergill,jayden court,bendigo 2,r64,hard
2020-7841,Bendigo 2,Hard,48,C,,20200118,12,SY67,,,Sho Shimabukuro,R,180,JPN,22.47,440,71,V09L,,,Sem Verbeek,L,193,NED,25.769,975,10,6-7(7) 6-4 6-4,3,R64,135,3,5,99,57,38,30,16,3,5,6,0,101,63,46,17,16,3,7,TennisMyLife,2020_challenger.csv,2020,2026-08-23T06:37:21.010456+00:00,201,361d5aa04b35f0717401676de9a39cdc,NEW_MATCH,0,,sho shimabukuro,sem verbeek,bendigo 2,r64,hard
2020-7841,Bendigo 2,Hard,48,C,,20200118,13,SX90,,,Fajing Sun,R,178,CHN,23.291,367,101,AD06,,,Aaron Addison,R,193,AUS,24.183,1055,8,7-6(6) 7-5,3,R64,87,4,1,73,49,33,20,12,2,3,8,6,74,48,33,16,12,5,7,TennisMyLife,2020_challenger.csv,2020,2026-08-23T06:37:21.010456+00:00,202,25018d1cdd266175316c3710c3b842f6,NEW_MATCH,0,,fajing sun,aaron addison,bendigo 2,r64,hard
2020-7841,Bendigo 2,Hard,48,C,,20200118,14,S0IA,,,Dane Sweeny,R,170,AUS,18.93,1023,9,A0BY,,,Alec Adamson,R,196,USA,25.385,718,25,6-7(5) 6-4 6-2,3,R64,128,1,8,96,57,40,21,15,3,6,4,6,111,74,46,14,15,11,17,TennisMyLife,2020_challenger.csv,2020,2026-08-23T06:37:21.010456+00:00,203,4cba4ebbe079d3b2dd3b78b23a1bff82,NEW_MATCH,0,,dane sweeny,alec adamson,bendigo 2,r64,hard
2020-7841,Bendigo 2,Hard,48,C,,20200118,15,T0B4,,,Naoki Tajima,R,173,JPN,19.324,627,34,SN70,,,MinKyu Song,R,183,KOR,29.399,980,10,6-3 6-4,3,R64,71,5,0,53,28,24,17,10,0,0,6,1,59,33,19,18,9,3,5,TennisMyLife,2020_challenger.csv,2020,2026-08-23T06:37:21.010456+00:00,204,344b73b1b1b6fa5ee6014c42c447bf75,NEW_MATCH,0,,naoki tajima,minkyu song,bendigo 2,r64,hard
2020-7841,Bendigo 2,Hard,48,C,,20200118,16,VA08,,,Andrea Vavassori,R,193,ITA,24.706,341,111,V0D4,,,Eric Vanshelboim,R,188,UKR,18.511,802,18,6-4 6-4,3,R64,66,5,2,56,40,29,12,10,2,2,2,0,62,53,36,4,10,3,5,TennisMyLife,2020_challenger.csv,2020,2026-08-23T06:37:21.010456+00:00,205,6b2e4031a3c97fbacca0aae06dfa6ed9,NEW_MATCH,0,,andrea vavassori,eric vanshelboim,bendigo 2,r64,hard
2020-7841,Bendigo 2,Hard,48,C,,20200118,17,VA08,,,Andrea Vavassori,R,193,ITA,24.706,341,111,F724,1,,Marton Fucsovics,R,188,HUN,27.943,66,827,5-4 RET,3,R32,51,2,1,38,19,12,10,4,4,5,3,2,38,28,17,4,5,3,5,TennisMyLife,2020_challenger.csv,2020,2026-08-23T06:37:21.010456+00:00,206,b1d9c2a6952a087892f71d83e207c5a7,NEW_MATCH,0,,andrea vavassori,marton fucsovics,bendigo 2,r32,hard
2020-7841,Bendigo 2,Hard,48,C,,20200118,18,CF59,2,,Roberto Carballes Baena,R,183,ESP,26.823,80,664,CN32,,,Jai Corbett,L,185,AUS,25.856,1353,3,6-0 6-4,3,R32,72,2,1,47,23,20,15,8,2,2,0,2,55,31,21,7,8,4,8,TennisMyLife,2020_challenger.csv,2020,2026-08-23T06:37:21.010456+00:00,207,92af1248923daff00e8c74fe6e7b9440,NEW_MATCH,0,,roberto carballes baena,jai corbett,bendigo 2,r32,hard
2020-7841,Bendigo 2,Hard,48,C,,20200118,19,TA12,3,,Stefano Travaglia,R,185,ITA,28.057,75,692,KA22,,,Dayne Kelly,R,,AUS,29.489,362,104,6-4 6-4,3,R32,72,11,0,50,30,26,15,10,1,1,1,2,61,33,22,16,10,2,4,TennisMyLife,2020_challenger.csv,2020,2026-08-23T06:37:21.010456+00:00,208,cd29185586c886ba2e1914f31a37f8f6,NEW_MATCH,0,,stefano travaglia,dayne kelly,bendigo 2,r32,hard
2020-7841,Bendigo 2,Hard,48,C,,20200118,20,J386,4,,Steve Johnson,R,188,USA,30.067,81,655,KD48,,,Markos Kalovelonis,R,191,GRE,25.67,738,23,6-3 6-7(8) 6-3,3,R32,121,13,1,92,60,49,23,16,1,1,14,3,105,67,50,20,14,4,6,TennisMyLife,2020_challenger.csv,2020,2026-08-23T06:37:21.010456+00:00,209,d56fe2c35cfcd00551b962b21b103dbf,NEW_MATCH,0,,steve johnson,markos kalovelonis,bendigo 2,r32,hard
2020-7841,Bendigo 2,Hard,48,C,,20200118,21,D923,5,,Damir Dzumhur,R,175,BIH,27.663,92,594,S0IA,,,Dane Sweeny,R,170,AUS,18.93,1023,9,7-6(6) 6-3,3,R32,94,2,2,61,41,31,14,11,0,1,1,2,72,40,27,18,10,4,6,TennisMyLife,2020_challenger.csv,2020,2026-08-23T06:37:21.010456+00:00,210,a602c79f1ab0a420e094b763803571d3,NEW_MATCH,0,,damir dzumhur,dane sweeny,bendigo 2,r32,hard
2020-7841,Bendigo 2,Hard,48,C,,20200118,22,M0G4,,,Harold Mayot,R,180,FRA,17.952,611,36,GC89,6,,Egor Gerasimov,R,196,BLR,27.184,98,575,7-5 6-4,3,R32,75,7,6,60,31,26,15,11,1,3,6,6,59,32,23,13,11,2,6,TennisMyLife,2020_challenger.csv,2020,2026-08-23T06:37:21.010456+00:00,211,9477e7452ef56805723b3a0eec0cd922,NEW_MATCH,0,,harold mayot,egor gerasimov,bendigo 2,r32,hard
2020-7841,Bendigo 2,Hard,48,C,,20200118,23,GC88,7,,Marcos Giron,R,180,USA,26.486,112,497,PM13,,,Michail Pervolarakis,R,193,GRE,23.617,483,62,6-3 6-0,3,R32,58,5,1,52,39,27,9,8,4,4,3,3,44,23,14,7,7,3,7,TennisMyLife,2020_challenger.csv,2020,2026-08-23T06:37:21.010456+00:00,212,9b3d6bbe8b45bbce3cbea25759bc5369,NEW_MATCH,0,,marcos giron,michail pervolarakis,bendigo 2,r32,hard
2020-7841,Bendigo 2,Hard,48,C,,20200118,24,O483,8,,Christopher O'Connell,R,183,AUS,25.626,116,472,CO06,,,Liam Caruana,R,178,ITA,21.988,533,49,6-3 6-1,3,R32,53,3,1,47,28,23,11,8,2,2,3,2,49,35,19,5,8,3,7,TennisMyLife,2020_challenger.csv,2020,2026-08-23T06:37:21.010456+00:00,213,1a8205c4405c83dbd0fd4bbabe7b5c97,NEW_MATCH,0,,christopher o connell,liam caruana,bendigo 2,r32,hard
2020-7841,Bendigo 2,Hard,48,C,,20200118,25,C0A0,,,Alexander Crnokrak,R,191,AUS,19.984,728,24,G09O,9,,Hugo Gaston,L,173,FRA,19.31,244,189,6-4 7-6(2),3,R32,76,10,2,70,42,33,15,11,4,6,8,5,64,34,25,14,11,2,5,TennisMyLife,2020_challenger.csv,2020,2026-08-23T06:37:21.010456+00:00,214,500d8897d784db3bef63703d36e61e8a,NEW_MATCH,0,,alexander crnokrak,hugo gaston,bendigo 2,r32,hard
2020-7841,Bendigo 2,Hard,48,C,,20200118,26,WB08,10,,Yosuke Watanuki,R,180,JPN,21.769,262,169,SY67,,,Sho Shimabukuro,R,180,JPN,22.47,440,71,7-6(5) 6-3,3,R32,99,7,4,67,33,30,21,11,1,1,7,6,84,45,33,19,10,7,8,TennisMyLife,2020_challenger.csv,2020,2026-08-23T06:37:21.010456+00:00,215,7fbbafe04093b184dd0c70b53da91019,NEW_MATCH,0,,yosuke watanuki,sho shimabukuro,bendigo 2,r32,hard
2020-7841,Bendigo 2,Hard,48,C,,20200118,27,MP13,11,,Mukund Sasikumar,R,185,IND,23.009,272,154,N732,,,Yoshihito Nishioka,L,170,JPN,24.309,71,792,5-2 RET,3,R32,29,2,0,25,15,12,4,4,4,5,2,0,17,10,7,1,3,0,2,TennisMyLife,2020_challenger.csv,2020,2026-08-23T06:37:21.010456+00:00,216,896320e7c349aaef17422f7a718791e5,NEW_MATCH,0,,mukund sasikumar,yoshihito nishioka,bendigo 2,r32,hard
2020-7841,Bendigo 2,Hard,48,C,,20200118,28,GF95,12,,Hugo Grenier,R,196,FRA,23.822,269,155,SX90,,,Fajing Sun,R,178,CHN,23.291,367,101,7-5 6-1,3,R32,64,9,2,50,31,25,12,10,0,1,2,2,52,34,22,5,9,1,5,TennisMyLife,2020_challenger.csv,2020,2026-08-23T06:37:21.010456+00:00,217,33cebb82a9d069e24ae541091a124de7,NEW_MATCH,0,,hugo grenier,fajing sun,bendigo 2,r32,hard
2020-7841,Bendigo 2,Hard,48,C,,20200118,29,BS86,13,,Tomas Barrios Vera,R,191,CHI,22.105,351,109,N670,,,Hugo Nys,R,183,MON,28.92,446,69,6-2 6-2,3,R32,50,0,1,45,34,25,9,8,2,2,3,7,44,27,18,5,8,0,4,TennisMyLife,2020_challenger.csv,2020,2026-08-23T06:37:21.010456+00:00,218,d7e1858bcf35684fdbb9a458cc39bc37,NEW_MATCH,0,,tomas barrios vera,hugo nys,bendigo 2,r32,hard
2020-7841,Bendigo 2,Hard,48,C,,20200118,30,K776,14,,Konstantin Kravchuk,R,191,RUS,34.899,338,114,DB93,,,Matias Franco Descotte,R,191,ARG,25.388,381,95,6-2 6-4,3,R32,80,11,0,45,34,28,9,9,0,0,5,3,68,34,19,18,9,4,7,TennisMyLife,2020_challenger.csv,2020,2026-08-23T06:37:21.010456+00:00,219,596bc4c5d2975527bd94851c1414c926,NEW_MATCH,0,,konstantin kravchuk,matias franco descotte,bendigo 2,r32,hard
2020-7841,Bendigo 2,Hard,48,C,,20200118,31,PG03,,,Calum Puttergill,R,183,AUS,26.24,798,18,A853,15,,Marcelo Arevalo,R,191,ESA,29.254,354,108,6-4 6-2,3,R32,71,5,2,58,34,24,14,9,3,4,1,1,48,32,14,11,9,3,7,TennisMyLife,2020_challenger.csv,2020,2026-08-23T06:37:21.010456+00:00,220,18b17c338e844abdbc7f2ec32288f9e2,NEW_MATCH,0,,calum puttergill,marcelo arevalo,bendigo 2,r32,hard
2020-7841,Bendigo 2,Hard,48,C,,20200118,32,BH87,16,,Maverick Banes,R,,AUS,27.773,360,107,T0B4,,,Naoki Tajima,R,173,JPN,19.324,627,34,6-1 6-2,3,R32,57,4,1,42,26,23,9,8,0,0,5,3,51,23,16,9,7,5,9,TennisMyLife,2020_challenger.csv,2020,2026-08-23T06:37:21.010456+00:00,221,a738c3c802592547c98f02e46c56a459,NEW_MATCH,0,,maverick banes,naoki tajima,bendigo 2,r32,hard
2020-7841,Bendigo 2,Hard,48,C,,20200118,33,CF59,2,,Roberto Carballes Baena,R,183,ESP,26.823,80,664,BS86,13,,Tomas Barrios Vera,R,191,CHI,22.105,351,109,5-7 6-3 6-2,3,R16,127,7,1,84,67,50,9,14,5,7,6,3,103,69,43,15,15,7,12,TennisMyLife,2020_challenger.csv,2020,2026-08-23T06:37:21.010456+00:00,222,074e7f714fe0196b374ce1b9a8dc7468,NEW_MATCH,0,,roberto carballes baena,tomas barrios vera,bendigo 2,r16,hard
2020-7841,Bendigo 2,Hard,48,C,,20200118,34,TA12,3,,Stefano Travaglia,R,185,ITA,28.057,75,692,K776,14,,Konstantin Kravchuk,R,191,RUS,34.899,338,114,7-6(7) 6-3,3,R16,105,12,0,71,40,33,18,11,2,2,5,1,74,51,35,13,10,4,5,TennisMyLife,2020_challenger.csv,2020,2026-08-23T06:37:21.010456+00:00,223,1bdb8790af2a2e894ad3c515b2f828f1,NEW_MATCH,0,,stefano travaglia,konstantin kravchuk,bendigo 2,r16,hard
2020-7841,Bendigo 2,Hard,48,C,,20200118,35,J386,4,,Steve Johnson,R,188,USA,30.067,81,655,PG03,,,Calum Puttergill,R,183,AUS,26.24,798,18,7-6(4) 6-0,3,R16,88,8,3,56,39,34,6,9,2,3,4,8,75,42,23,16,9,6,10,TennisMyLife,2020_challenger.csv,2020,2026-08-23T06:37:21.010456+00:00,224,66dc2af9945592af21fca332ad1a3e48,NEW_MATCH,0,,steve johnson,calum puttergill,bendigo 2,r16,hard
2020-7841,Bendigo 2,Hard,48,C,,20200118,36,D923,5,,Damir Dzumhur,R,175,BIH,27.663,92,594,WB08,10,,Yosuke Watanuki,R,180,JPN,21.769,262,169,6-4 3-6 6-3,3,R16,112,7,5,95,59,45,18,14,6,7,2,3,78,52,40,15,14,1,3,TennisMyLife,2020_challenger.csv,2020,2026-08-23T06:37:21.010456+00:00,225,44c9dfdb44b6bae51126b2a1b03b699f,NEW_MATCH,0,,damir dzumhur,yosuke watanuki,bendigo 2,r16,hard
2020-7841,Bendigo 2,Hard,48,C,,20200118,37,GC88,7,,Marcos Giron,R,180,USA,26.486,112,497,MP13,11,,Mukund Sasikumar,R,185,IND,23.009,272,154,6-4 6-3,3,R16,83,7,1,51,35,27,8,9,0,1,7,3,84,38,27,17,10,8,12,TennisMyLife,2020_challenger.csv,2020,2026-08-23T06:37:21.010456+00:00,226,b14d9562dd4532e43c590f50178a5c00,NEW_MATCH,0,,marcos giron,mukund sasikumar,bendigo 2,r16,hard
2020-7841,Bendigo 2,Hard,48,C,,20200118,38,O483,8,,Christopher O'Connell,R,183,AUS,25.626,116,472,C0A0,,,Alexander Crnokrak,R,191,AUS,19.984,728,24,6-4 6-3,3,R16,68,9,0,52,36,27,12,9,4,4,8,4,71,46,28,12,10,1,4,TennisMyLife,2020_challenger.csv,2020,2026-08-23T06:37:21.010456+00:00,227,f1f9fa7613bfc113f6db43f8d0fedc14,NEW_MATCH,0,,christopher o connell,alexander crnokrak,bendigo 2,r16,hard
2020-7841,Bendigo 2,Hard,48,C,,20200118,39,M0G4,,,Harold Mayot,R,180,FRA,17.952,611,36,GF95,12,,Hugo Grenier,R,196,FRA,23.822,269,155,7-6(6) 7-5,3,R16,101,5,2,86,51,34,21,12,7,9,15,1,67,42,33,10,12,0,3,TennisMyLife,2020_challenger.csv,2020,2026-08-23T06:37:21.010456+00:00,228,ae0c63e046f9dc1581dd809fd1132574,NEW_MATCH,0,,harold mayot,hugo grenier,bendigo 2,r16,hard
2020-7841,Bendigo 2,Hard,48,C,,20200118,40,VA08,,,Andrea Vavassori,R,193,ITA,24.706,341,111,BH87,16,,Maverick Banes,R,,AUS,27.773,360,107,6-7(5) 6-3 6-4,3,R16,130,18,6,100,58,49,26,16,3,3,8,2,92,61,45,20,15,2,4,TennisMyLife,2020_challenger.csv,2020,2026-08-23T06:37:21.010456+00:00,229,68eb8a994ffcef03056b34f19c608a65,NEW_MATCH,0,,andrea vavassori,maverick banes,bendigo 2,r16,hard
2020-7841,Bendigo 2,Hard,48,C,,20200118,41,GC88,7,,Marcos Giron,R,180,USA,26.486,112,497,CF59,2,,Roberto Carballes Baena,R,183,ESP,26.823,80,664,6-4 6-2,3,QF,65,6,0,43,35,31,5,9,0,0,5,4,62,34,26,8,9,4,7,TennisMyLife,2020_challenger.csv,2020,2026-08-23T06:37:21.010456+00:00,230,46db3933f1a4358c9188e489fd6e71af,NEW_MATCH,0,,marcos giron,roberto carballes baena,bendigo 2,qf,hard
2020-7841,Bendigo 2,Hard,48,C,,20200118,42,TA12,3,,Stefano Travaglia,R,185,ITA,28.057,75,692,O483,8,,Christopher O'Connell,R,183,AUS,25.626,116,472,6-4 6-2,3,QF,64,8,1,46,23,22,15,9,1,1,2,1,52,30,20,10,9,0,3,TennisMyLife,2020_challenger.csv,2020,2026-08-23T06:37:21.010456+00:00,231,9f92a386e69cadfabb92d303b52f3118,NEW_MATCH,0,,stefano travaglia,christopher o connell,bendigo 2,qf,hard
2020-7841,Bendigo 2,Hard,48,C,,20200118,43,J386,4,,Steve Johnson,R,188,USA,30.067,81,655,M0G4,,,Harold Mayot,R,180,FRA,17.952,611,36,6-3 7-6(2),3,QF,82,14,5,63,40,33,15,11,0,0,3,6,65,37,32,10,10,4,5,TennisMyLife,2020_challenger.csv,2020,2026-08-23T06:37:21.010456+00:00,232,535bd5e35dfdf5200d2eb3fe6709c749,NEW_MATCH,0,,steve johnson,harold mayot,bendigo 2,qf,hard
2020-7841,Bendigo 2,Hard,48,C,,20200118,44,VA08,,,Andrea Vavassori,R,193,ITA,24.706,341,111,D923,5,,Damir Dzumhur,R,175,BIH,27.663,92,594,6-4 7-5,3,QF,87,8,6,70,41,33,12,11,2,4,2,4,67,48,33,5,11,4,8,TennisMyLife,2020_challenger.csv,2020,2026-08-23T06:37:21.010456+00:00,233,7b3a36f4f3fffaff61fe68b6d757775f,NEW_MATCH,0,,andrea vavassori,damir dzumhur,bendigo 2,qf,hard
2020-7841,Bendigo 2,Hard,48,C,,20200118,45,TA12,3,,Stefano Travaglia,R,185,ITA,28.057,75,692,GC88,7,,Marcos Giron,R,180,USA,26.486,112,497,6-3 6-3,3,SF,86,6,5,67,30,23,23,9,5,5,4,1,71,42,24,17,9,7,10,TennisMyLife,2020_challenger.csv,2020,2026-08-23T06:37:21.010456+00:00,234,7a5e1cfc00fdcd2eb5c8f289297118db,NEW_MATCH,0,,stefano travaglia,marcos giron,bendigo 2,sf,hard
2020-7841,Bendigo 2,Hard,48,C,,20200118,46,J386,4,,Steve Johnson,R,188,USA,30.067,81,655,VA08,,,Andrea Vavassori,R,193,ITA,24.706,341,111,6-3 6-1,3,SF,52,2,1,44,33,26,7,8,2,2,4,3,41,25,17,4,8,0,4,TennisMyLife,2020_challenger.csv,2020,2026-08-23T06:37:21.010456+00:00,235,4f866c29742e763e5206d3f77229d602,NEW_MATCH,0,,steve johnson,andrea vavassori,bendigo 2,sf,hard
2020-7841,Bendigo 2,Hard,48,C,,20200118,47,J386,4,,Steve Johnson,R,188,USA,30.067,81,655,TA12,3,,Stefano Travaglia,R,185,ITA,28.057,75,692,7-6(2) 7-6(3),3,F,101,11,2,93,56,46,23,12,7,7,13,3,77,48,41,15,12,1,1,TennisMyLife,2020_challenger.csv,2020,2026-08-23T06:37:21.010456+00:00,236,14746279419d88e36ea57a73be479e77,NEW_MATCH,0,,steve johnson,stefano travaglia,bendigo 2,f,hard
2020-7880,Bangkok 1,Hard,48,C,,20200118,1,AE14,,,Daniel Altmaier,R,188,GER,21.35,260,172,J267,,,Malek Jaziri,R,185,TUN,35.995,228,206,6-2 6-1,3,R64,56,7,0,40,28,25,8,8,0,0,0,4,44,20,12,9,7,3,7,TennisMyLife,2020_challenger.csv,2020,2026-08-23T06:37:21.010456+00:00,237,3228a8c7585abef68658ab817062c642,NEW_MATCH,0,,daniel altmaier,malek jaziri,bangkok 1,r64,hard
2020-7880,Bangkok 1,Hard,48,C,,20200118,2,AB71,,,JC Aragone,R,178,USA,24.559,263,165,GH92,,,Borna Gojo,R,196,CRO,21.889,275,149,7-6(4) 6-2,3,R64,88,3,4,75,47,34,15,10,4,5,7,6,72,38,28,15,10,4,7,TennisMyLife,2020_challenger.csv,2020,2026-08-23T06:37:21.010456+00:00,238,debb8aa96743b1e1660ee5b8095bc1a5,NEW_MATCH,0,,jc aragone,borna gojo,bangkok 1,r64,hard
2020-7880,Bangkok 1,Hard,48,C,,20200118,3,BM03,,,Filippo Baldi,R,180,ITA,24.022,235,198,PF65,,,Filip Peliwo,R,180,POL,25.966,290,137,7-5 6-4,3,R64,90,3,1,64,33,25,14,11,1,4,3,1,62,37,20,13,11,6,11,TennisMyLife,2020_challenger.csv,2020,2026-08-23T06:37:21.010456+00:00,239,57660c1ab65db481c98fb370c9c127f6,NEW_MATCH,0,,filippo baldi,filip peliwo,bangkok 1,r64,hard
2020-7880,Bangkok 1,Hard,48,C,,20200118,4,G725,,,Santiago Giraldo,R,188,COL,32.142,278,144,O482,,,Gonzalo Oliveira,L,185,VEN,24.917,270,155,6-0 4-1 RET,3,R64,49,3,0,37,18,15,13,6,1,1,0,2,31,25,10,2,5,3,7,TennisMyLife,2020_challenger.csv,2020,2026-08-23T06:37:21.010456+00:00,240,d8f0cd0bfc30819f88fa12e3134ab3b9,NEW_MATCH,0,,santiago giraldo,gonzalo oliveira,bangkok 1,r64,hard
2020-7880,Bangkok 1,Hard,48,C,,20200118,5,GF95,,,Hugo Grenier,R,196,FRA,23.822,269,155,D981,,,Arthur De Greef,R,183,BEL,27.811,294,133,6-1 6-4,3,R64,69,8,1,48,27,25,12,9,2,2,2,2,55,27,15,16,8,2,5,TennisMyLife,2020_challenger.csv,2020,2026-08-23T06:37:21.010456+00:00,241,01a8ada9417d8971f28f64ce30386d06,NEW_MATCH,0,,hugo grenier,arthur de greef,bangkok 1,r64,hard
2020-7880,Bangkok 1,Hard,48,C,,20200118,6,KC56,,,Aslan Karatsev,R,185,RUS,26.371,293,134,KI74,,,Nicola Kuhn,R,185,GER,19.83,209,232,6-0 6-7(4) 6-1,3,R64,110,12,7,72,35,30,14,12,1,4,4,2,83,47,29,11,13,3,12,TennisMyLife,2020_challenger.csv,2020,2026-08-23T06:37:21.010456+00:00,242,a062154db28d9aeaf8ee7b16de35ecd4,NEW_MATCH,0,,aslan karatsev,nicola kuhn,bangkok 1,r64,hard
2020-7880,Bangkok 1,Hard,48,C,,20200118,7,KD87,,,Evgeny Karlovskiy,R,191,RUS,25.448,253,180,M0HM,,,Michael Mathayomchand,,,THA,20.011,,,6-3 6-2,3,R64,63,2,4,48,30,25,11,9,0,0,4,3,55,30,16,13,8,3,6,TennisMyLife,2020_challenger.csv,2020,2026-08-23T06:37:21.010456+00:00,243,20cb40c7a6328105b5eb86888111581b,NEW_MATCH,0,,evgeny karlovskiy,michael mathayomchand,bangkok 1,r64,hard
2020-7880,Bangkok 1,Hard,48,C,,20200118,8,KH56,,,Zdenek Kolar,R,183,CZE,23.274,225,209,C0DS,,,Thanapet Chanta,R,168,THA,20.359,1544,2,7-6(3) 6-0,3,R64,78,6,2,57,25,20,22,9,1,2,2,4,67,36,20,16,9,4,8,TennisMyLife,2020_challenger.csv,2020,2026-08-23T06:37:21.010456+00:00,244,2914729e31f54f0f859aae192fa7126b,NEW_MATCH,0,,zdenek kolar,thanapet chanta,bangkok 1,r64,hard
2020-7880,Bangkok 1,Hard,48,C,,20200118,9,MV14,,,Alex Molcan,L,178,SVK,22.13,283,141,ME89,,,Illya Marchenko,R,185,UKR,32.361,252,180,2-6 7-5 6-4,3,R64,153,0,13,92,46,33,19,15,5,10,12,11,107,52,36,26,15,9,14,TennisMyLife,2020_challenger.csv,2020,2026-08-23T06:37:21.010456+00:00,245,a003c79de0745c7af8c753eafef467be,NEW_MATCH,0,,alex molcan,illya marchenko,bangkok 1,r64,hard
2020-7880,Bangkok 1,Hard,48,C,,20200118,10,O376,,,Renzo Olivo,R,178,ARG,27.844,286,139,BE67,,,Mirza Basic,R,188,BIH,28.52,298,131,6-3 6-1,3,R64,54,2,6,43,23,21,12,8,1,1,3,3,50,31,20,6,8,2,6,TennisMyLife,2020_challenger.csv,2020,2026-08-23T06:37:21.010456+00:00,246,63b5b173dea69b9cc33970f39d6eccf6,NEW_MATCH,0,,renzo olivo,mirza basic,bangkok 1,r64,hard
2020-7880,Bangkok 1,Hard,48,C,,20200118,11,SX50,,,Roman Safiullin,R,185,RUS,22.448,249,182,BE69,,,Yan Bai,R,185,CHN,30.661,218,217,6-1 0-1 RET,3,R64,36,0,2,30,19,12,6,4,3,4,1,2,30,15,8,5,4,0,3,TennisMyLife,2020_challenger.csv,2020,2026-08-23T06:37:21.010456+00:00,247,dd88f955b6bb22d580a52db999d91740,NEW_MATCH,0,,roman safiullin,yan bai,bangkok 1,r64,hard
2020-7880,Bangkok 1,Hard,48,C,,20200118,12,MP13,,,Mukund Sasikumar,R,185,IND,23.009,272,154,LE01,,,Duckhee Lee,R,170,KOR,21.64,233,199,6-1 6-3,3,R64,,,,,,,,,,,,,,,,,,,,TennisMyLife,2020_challenger.csv,2020,2026-08-23T06:37:21.010456+00:00,248,4fbb8ac8977e6d13c31bc65d4602da56,NEW_MATCH,0,,mukund sasikumar,duckhee lee,bangkok 1,r64,hard
2020-7880,Bangkok 1,Hard,48,C,,20200118,13,SL92,,,Shuichi Sekiguchi,R,168,JPN,28.512,261,171,GB61,,,Viktor Galovic,R,193,CRO,29.331,246,187,6-3 3-0 RET,3,R64,48,1,2,39,22,17,10,6,0,0,5,2,37,20,14,6,6,0,3,TennisMyLife,2020_challenger.csv,2020,2026-08-23T06:37:21.010456+00:00,249,73fa78de6352fa56083939324349c8eb,NEW_MATCH,0,,shuichi sekiguchi,viktor galovic,bangkok 1,r64,hard
2020-7880,Bangkok 1,Hard,48,C,,20200118,14,TB70,,,Wishaya Trongcharoenchaikul,R,,THA,24.78,689,28,MP83,,,Gian Marco Moroni,R,185,ITA,21.927,257,176,5-7 7-6(4) 1-0 RET,3,R64,137,7,5,96,50,39,21,13,4,7,8,8,84,41,30,25,12,5,7,TennisMyLife,2020_challenger.csv,2020,2026-08-23T06:37:21.010456+00:00,250,ed2febd49c9eb7c42ab07eaecd5d6029,NEW_MATCH,0,,wishaya trongcharoenchaikul,gian marco moroni,bangkok 1,r64,hard
2020-7880,Bangkok 1,Hard,48,C,,20200118,15,U120,,,Kaichi Uchida,R,180,JPN,25.405,281,143,S0HR,,,Kasidit Samrej,R,191,THA,18.992,1046,8,6-4 6-3,3,R64,70,6,0,48,29,24,14,9,0,0,4,3,64,35,23,16,10,3,6,TennisMyLife,2020_challenger.csv,2020,2026-08-23T06:37:21.010456+00:00,251,1759b41d2dece269676b900bde1bae0f,NEW_MATCH,0,,kaichi uchida,kasidit samrej,bangkok 1,r64,hard
2020-7880,Bangkok 1,Hard,48,C,,20200118,16,Y171,,,Denis Yevseyev,R,188,KAZ,26.658,371,100,K0BU,,,Palaphoom Kovapitukted,R,178,THA,20.12,1208,5,6-3 6-1,3,R64,60,7,2,44,23,22,12,8,2,2,1,2,61,38,21,9,8,5,9,TennisMyLife,2020_challenger.csv,2020,2026-08-23T06:37:21.010456+00:00,252,8048f58462b6992b84bd3579ad315155,NEW_MATCH,0,,denis yevseyev,palaphoom kovapitukted,bangkok 1,r64,hard
2020-7880,Bangkok 1,Hard,48,C,,20200118,17,V708,1,,Jiri Vesely,L,198,CZE,26.524,108,515,KH56,,,Zdenek Kolar,R,183,CZE,23.274,225,209,6-4 3-6 6-3,3,R32,126,17,4,93,64,49,13,14,4,6,7,2,70,39,30,20,14,2,5,TennisMyLife,2020_challenger.csv,2020,2026-08-23T06:37:21.010456+00:00,253,cbf152230f70cad85db3f64b50a9f53f,NEW_MATCH,0,,jiri vesely,zdenek kolar,bangkok 1,r32,hard
2020-7880,Bangkok 1,Hard,48,C,,20200118,18,SC47,2,,Go Soeda,R,178,JPN,35.368,110,501,MV14,,,Alex Molcan,L,178,SVK,22.13,283,141,0-6 7-6(4) 6-2,3,R32,143,1,7,110,58,36,24,13,11,16,3,1,81,43,29,19,13,2,6,TennisMyLife,2020_challenger.csv,2020,2026-08-23T06:37:21.010456+00:00,254,702d3dec1f6b0c9a6311308d9297908f,NEW_MATCH,0,,go soeda,alex molcan,bangkok 1,r32,hard
2020-7880,Bangkok 1,Hard,48,C,,20200118,19,MP13,,,Mukund Sasikumar,R,185,IND,23.009,272,154,L503,3,,Paolo Lorenzi,R,183,ITA,38.092,114,480,6-3 6-2,3,R32,81,4,1,49,22,17,17,9,0,1,5,4,63,42,23,10,8,8,12,TennisMyLife,2020_challenger.csv,2020,2026-08-23T06:37:21.010456+00:00,255,d6da24700ae8458c8368cfd81440ddfa,NEW_MATCH,0,,mukund sasikumar,paolo lorenzi,bangkok 1,r32,hard
2020-7880,Bangkok 1,Hard,48,C,,20200118,20,GF95,,,Hugo Grenier,R,196,FRA,23.822,269,155,HA71,4,,Antoine Hoang,R,183,FRA,24.205,117,470,6-0 3-6 6-1,3,R32,87,8,0,54,34,29,13,11,3,4,1,6,65,41,25,10,11,2,7,TennisMyLife,2020_challenger.csv,2020,2026-08-23T06:37:21.010456+00:00,256,ff9cb0ff6a077bc6382f56fd1d7c423a,NEW_MATCH,0,,hugo grenier,antoine hoang,bangkok 1,r32,hard
2020-7880,Bangkok 1,Hard,48,C,,20200118,21,BD80,5,,Attila Balazs,R,180,HUN,31.307,128,418,BM03,,,Filippo Baldi,R,180,ITA,24.022,235,198,6-1 3-6 6-4,3,R32,112,4,7,77,42,34,16,13,1,4,2,3,83,58,35,13,13,8,13,TennisMyLife,2020_challenger.csv,2020,2026-08-23T06:37:21.010456+00:00,257,4407610f373a84b9c6f9ed7d7aa50920,NEW_MATCH,0,,attila balazs,filippo baldi,bangkok 1,r32,hard
2020-7880,Bangkok 1,Hard,48,C,,20200118,22,SX50,,,Roman Safiullin,R,185,RUS,22.448,249,182,Z371,6,,Zhizhen Zhang,R,193,CHN,23.255,137,393,3-6 6-1 7-6(5),3,R32,122,7,10,88,47,33,22,14,3,6,9,4,98,51,38,17,14,2,6,TennisMyLife,2020_challenger.csv,2020,2026-08-23T06:37:21.010456+00:00,258,44a1dc90e8b930f0d508d857da286e6a,NEW_MATCH,0,,roman safiullin,zhizhen zhang,bangkok 1,r32,hard
2020-7880,Bangkok 1,Hard,48,C,,20200118,23,AE14,,,Daniel Altmaier,R,188,GER,21.35,260,172,K966,7,,Martin Klizan,L,191,SVK,30.522,142,370,6-3 6-3,3,R32,78,12,3,47,27,23,13,9,0,0,4,7,65,27,19,17,9,4,7,TennisMyLife,2020_challenger.csv,2020,2026-08-23T06:37:21.010456+00:00,259,791fcced5e71f23c5866b785a0043c0a,NEW_MATCH,0,,daniel altmaier,martin klizan,bangkok 1,r32,hard
2020-7880,Bangkok 1,Hard,48,C,,20200118,24,GB53,8,,Federico Gaio,R,178,ITA,27.871,150,347,U120,,,Kaichi Uchida,R,180,JPN,25.405,281,143,3-6 7-6(5) 7-5,3,R32,123,21,4,86,38,34,28,16,2,5,5,8,100,49,35,30,17,0,3,TennisMyLife,2020_challenger.csv,2020,2026-08-23T06:37:21.010456+00:00,260,5f8e74ce388c2de33d0e40164dab02cd,NEW_MATCH,0,,federico gaio,kaichi uchida,bangkok 1,r32,hard
2020-7880,Bangkok 1,Hard,48,C,,20200118,25,KD87,,,Evgeny Karlovskiy,R,191,RUS,25.448,253,180,O513,9,,Sebastian Ofner,R,191,AUT,23.685,156,333,6-3 6-2,3,R32,57,4,1,39,26,21,9,8,2,3,5,9,57,31,22,6,9,3,8,TennisMyLife,2020_challenger.csv,2020,2026-08-23T06:37:21.010456+00:00,261,45ffa61c7e8af48a800414bf0caeed4b,NEW_MATCH,0,,evgeny karlovskiy,sebastian ofner,bangkok 1,r32,hard
2020-7880,Bangkok 1,Hard,48,C,,20200118,26,H756,10,,Robin Haase,R,191,NED,32.786,161,316,O376,,,Renzo Olivo,R,178,ARG,27.844,286,139,6-3 6-3,3,R32,59,5,3,49,26,22,16,9,2,2,3,5,50,32,23,7,9,2,5,TennisMyLife,2020_challenger.csv,2020,2026-08-23T06:37:21.010456+00:00,262,5637dd73675f72124cfa0995427e3b07,NEW_MATCH,0,,robin haase,renzo olivo,bangkok 1,r32,hard
2020-7880,Bangkok 1,Hard,48,C,,20200118,27,TB70,,,Wishaya Trongcharoenchaikul,R,,THA,24.78,689,28,MJ01,11,,Roberto Marcora,R,193,ITA,30.385,171,294,3-6 6-3 6-4,3,R32,113,5,3,89,57,36,19,14,3,5,7,6,84,47,36,18,14,0,3,TennisMyLife,2020_challenger.csv,2020,2026-08-23T06:37:21.010456+00:00,263,9fce31513b5e37a8b01ad11f80f055c7,NEW_MATCH,0,,wishaya trongcharoenchaikul,roberto marcora,bangkok 1,r32,hard
2020-7880,Bangkok 1,Hard,48,C,,20200118,28,I165,12,,Denis Istomin,R,185,UZB,33.363,174,288,G725,,,Santiago Giraldo,R,188,COL,32.142,278,144,6-3 7-6(7),3,R32,95,7,2,79,57,41,9,11,6,8,4,4,65,35,27,12,10,2,5,TennisMyLife,2020_challenger.csv,2020,2026-08-23T06:37:21.010456+00:00,264,16b1cf295db0788dceae3f0d53078b59,NEW_MATCH,0,,denis istomin,santiago giraldo,bangkok 1,r32,hard
2020-7880,Bangkok 1,Hard,48,C,,20200118,29,PB22,13,,Peter Polansky,R,183,CAN,31.592,180,279,SL92,,,Shuichi Sekiguchi,R,168,JPN,28.512,261,171,6-3 7-5,3,R32,89,6,4,65,37,28,12,11,1,4,4,2,69,38,21,15,10,2,7,TennisMyLife,2020_challenger.csv,2020,2026-08-23T06:37:21.010456+00:00,265,f0b32c80d39f28be2e64928ed7534e92,NEW_MATCH,0,,peter polansky,shuichi sekiguchi,bangkok 1,r32,hard
2020-7880,Bangkok 1,Hard,48,C,,20200118,30,PG20,14,,Dmitry Popko,R,191,KAZ,23.233,184,273,KC56,,,Aslan Karatsev,R,185,RUS,26.371,293,134,4-6 6-0 6-4,3,R32,134,9,10,80,39,30,18,13,5,8,6,4,79,37,26,17,13,7,13,TennisMyLife,2020_challenger.csv,2020,2026-08-23T06:37:21.010456+00:00,266,b08f895c7fd997a55012cadc2cc7ae30,NEW_MATCH,0,,dmitry popko,aslan karatsev,bangkok 1,r32,hard
2020-7880,Bangkok 1,Hard,48,C,,20200118,31,RB56,15,,Ramkumar Ramanathan,R,188,IND,25.194,185,273,AB71,,,JC Aragone,R,178,USA,24.559,263,165,7-6(5) 1-0 RET,3,R32,63,3,1,43,21,18,11,6,3,4,4,0,44,32,20,9,7,0,2,TennisMyLife,2020_challenger.csv,2020,2026-08-23T06:37:21.010456+00:00,267,7707f29fbeafbd57c78be2ca0206b627,NEW_MATCH,0,,ramkumar ramanathan,jc aragone,bangkok 1,r32,hard
2020-7880,Bangkok 1,Hard,48,C,,20200118,32,V812,16,,Botic van de Zandschulp,R,191,NED,24.29,193,257,Y171,,,Denis Yevseyev,R,188,KAZ,26.658,371,100,7-6(5) 1-6 6-4,3,R32,140,5,13,115,67,48,14,14,11,17,2,3,96,49,29,24,15,3,8,TennisMyLife,2020_challenger.csv,2020,2026-08-23T06:37:21.010456+00:00,268,3e5c4b0b884ab7f4dea53b9cf41a711a,NEW_MATCH,0,,botic van de zandschulp,denis yevseyev,bangkok 1,r32,hard
2020-7880,Bangkok 1,Hard,48,C,,20200118,33,V708,1,,Jiri Vesely,L,198,CZE,26.524,108,515,V812,16,,Botic van de Zandschulp,R,191,NED,24.29,193,257,6-3 3-6 6-4,3,R16,115,14,3,92,57,41,17,14,8,10,14,10,79,48,40,12,14,3,6,TennisMyLife,2020_challenger.csv,2020,2026-08-23T06:37:21.010456+00:00,269,45218787f3a6a1de9f608fcc1209a40f,NEW_MATCH,0,,jiri vesely,botic van de zandschulp,bangkok 1,r16,hard
2020-7880,Bangkok 1,Hard,48,C,,20200118,34,RB56,15,,Ramkumar Ramanathan,R,188,IND,25.194,185,273,SC47,2,,Go Soeda,R,178,JPN,35.368,110,501,7-5 7-5,3,R16,99,8,8,79,37,32,19,12,2,3,3,1,66,49,35,8,12,0,3,TennisMyLife,2020_challenger.csv,2020,2026-08-23T06:37:21.010456+00:00,270,4bc493390d6c05acda585131ab1f3713,NEW_MATCH,0,,ramkumar ramanathan,go soeda,bangkok 1,r16,hard
2020-7880,Bangkok 1,Hard,48,C,,20200118,35,H756,10,,Robin Haase,R,191,NED,32.786,161,316,BD80,5,,Attila Balazs,R,180,HUN,31.307,128,418,6-4 2-1 RET,3,R16,50,4,2,32,17,15,9,6,0,0,3,1,40,22,14,12,7,2,4,TennisMyLife,2020_challenger.csv,2020,2026-08-23T06:37:21.010456+00:00,271,5ae25dfb3d87c5d08cf31493f99a6d64,NEW_MATCH,0,,robin haase,attila balazs,bangkok 1,r16,hard
2020-7880,Bangkok 1,Hard,48,C,,20200118,36,GB53,8,,Federico Gaio,R,178,ITA,27.871,150,347,I165,12,,Denis Istomin,R,185,UZB,33.363,174,288,6-4 6-2,3,R16,83,10,5,73,44,31,15,9,7,8,5,1,59,47,26,4,9,7,11,TennisMyLife,2020_challenger.csv,2020,2026-08-23T06:37:21.010456+00:00,272,587358354d61c34b4e81fa30baf5417d,NEW_MATCH,0,,federico gaio,denis istomin,bangkok 1,r16,hard
2020-7880,Bangkok 1,Hard,48,C,,20200118,37,GF95,,,Hugo Grenier,R,196,FRA,23.822,269,155,PB22,13,,Peter Polansky,R,183,CAN,31.592,180,279,3-6 6-4 7-6(4),3,R16,149,16,2,98,63,45,13,16,2,8,9,3,105,68,46,15,15,8,13,TennisMyLife,2020_challenger.csv,2020,2026-08-23T06:37:21.010456+00:00,273,c444d905e198bf0de346a23ad07eb948,NEW_MATCH,0,,hugo grenier,peter polansky,bangkok 1,r16,hard
2020-7880,Bangkok 1,Hard,48,C,,20200118,38,PG20,14,,Dmitry Popko,R,191,KAZ,23.233,184,273,MP13,,,Mukund Sasikumar,R,185,IND,23.009,272,154,7-5 6-4,3,R16,103,6,6,76,39,25,18,11,7,10,6,2,64,31,21,12,11,3,8,TennisMyLife,2020_challenger.csv,2020,2026-08-23T06:37:21.010456+00:00,274,37487c7a1cdf38b7a5de682a39cde8b8,NEW_MATCH,0,,dmitry popko,mukund sasikumar,bangkok 1,r16,hard
2020-7880,Bangkok 1,Hard,48,C,,20200118,39,AE14,,,Daniel Altmaier,R,188,GER,21.35,260,172,KD87,,,Evgeny Karlovskiy,R,191,RUS,25.448,253,180,7-5 4-6 6-3,3,R16,143,12,8,102,50,43,22,16,2,5,8,3,84,48,35,18,15,4,8,TennisMyLife,2020_challenger.csv,2020,2026-08-23T06:37:21.010456+00:00,275,a4843f885b9becbcf03372fc5802b39f,NEW_MATCH,0,,daniel altmaier,evgeny karlovskiy,bangkok 1,r16,hard
2020-7880,Bangkok 1,Hard,48,C,,20200118,40,SX50,,,Roman Safiullin,R,185,RUS,22.448,249,182,TB70,,,Wishaya Trongcharoenchaikul,R,,THA,24.78,689,28,6-4 6-4,3,R16,60,4,3,49,32,23,9,10,1,4,7,2,50,29,19,8,10,3,8,TennisMyLife,2020_challenger.csv,2020,2026-08-23T06:37:21.010456+00:00,276,e15b25b5a07494162a57dcc94f4e2ea6,NEW_MATCH,0,,roman safiullin,wishaya trongcharoenchaikul,bangkok 1,r16,hard
2020-7880,Bangkok 1,Hard,48,C,,20200118,41,GB53,8,,Federico Gaio,R,178,ITA,27.871,150,347,V708,1,,Jiri Vesely,L,198,CZE,26.524,108,515,7-6(3) 6-3,3,QF,85,9,3,66,38,32,18,11,3,3,14,2,69,49,35,10,10,6,7,TennisMyLife,2020_challenger.csv,2020,2026-08-23T06:37:21.010456+00:00,277,74f97217d01591f956a774e5dad61a59,NEW_MATCH,0,,federico gaio,jiri vesely,bangkok 1,qf,hard
2020-7880,Bangkok 1,Hard,48,C,,20200118,42,H756,10,,Robin Haase,R,191,NED,32.786,161,316,RB56,15,,Ramkumar Ramanathan,R,188,IND,25.194,185,273,7-6(5) 6-2,3,QF,103,8,7,67,41,31,14,10,4,5,3,6,62,31,23,13,10,2,5,TennisMyLife,2020_challenger.csv,2020,2026-08-23T06:37:21.010456+00:00,278,0e76d9a90b2f31fcf537dd9c3afab0b8,NEW_MATCH,0,,robin haase,ramkumar ramanathan,bangkok 1,qf,hard
2020-7880,Bangkok 1,Hard,48,C,,20200118,43,PG20,14,,Dmitry Popko,R,191,KAZ,23.233,184,273,AE14,,,Daniel Altmaier,R,188,GER,21.35,260,172,6-0 6-4,3,QF,76,2,2,48,32,26,7,8,4,5,7,1,54,31,15,9,8,9,14,TennisMyLife,2020_challenger.csv,2020,2026-08-23T06:37:21.010456+00:00,279,87dd06ab90fdcc7d2aa676338749668d,NEW_MATCH,0,,dmitry popko,daniel altmaier,bangkok 1,qf,hard
2020-7880,Bangkok 1,Hard,48,C,,20200118,44,GF95,,,Hugo Grenier,R,196,FRA,23.822,269,155,SX50,,,Roman Safiullin,R,185,RUS,22.448,249,182,2-6 6-4 6-3,3,QF,119,5,4,87,53,35,20,14,8,11,3,3,87,58,40,15,13,7,10,TennisMyLife,2020_challenger.csv,2020,2026-08-23T06:37:21.010456+00:00,280,a81bf98b0004f45b2ab462e7c10804ee,NEW_MATCH,0,,hugo grenier,roman safiullin,bangkok 1,qf,hard
2020-7880,Bangkok 1,Hard,48,C,,20200118,45,GB53,8,,Federico Gaio,R,178,ITA,27.871,150,347,PG20,14,,Dmitry Popko,R,191,KAZ,23.233,184,273,6-4 6-3,3,SF,86,1,3,52,26,19,15,9,1,3,6,4,66,32,19,14,10,4,9,TennisMyLife,2020_challenger.csv,2020,2026-08-23T06:37:21.010456+00:00,281,5641ece65d2f32086939ee6a5409958f,NEW_MATCH,0,,federico gaio,dmitry popko,bangkok 1,sf,hard
2020-7880,Bangkok 1,Hard,48,C,,20200118,46,H756,10,,Robin Haase,R,191,NED,32.786,161,316,GF95,,,Hugo Grenier,R,196,FRA,23.822,269,155,7-6(5) 6-3,3,SF,92,3,5,67,35,28,20,11,1,2,12,1,65,37,27,16,10,4,6,TennisMyLife,2020_challenger.csv,2020,2026-08-23T06:37:21.010456+00:00,282,a4067542ca68dec1f0571a9c9f8ec73e,NEW_MATCH,0,,robin haase,hugo grenier,bangkok 1,sf,hard
2020-7880,Bangkok 1,Hard,48,C,,20200118,47,GB53,8,,Federico Gaio,R,178,ITA,27.871,150,347,H756,10,,Robin Haase,R,191,NED,32.786,161,316,6-1 4-6 4-2 RET,3,F,112,11,9,80,51,43,10,11,5,6,2,4,101,62,38,20,12,13,17,TennisMyLife,2020_challenger.csv,2020,2026-08-23T06:37:21.010456+00:00,283,53da09c379514b7737b75e912f8a9c2b,NEW_MATCH,0,,federico gaio,robin haase,bangkok 1,f,hard
2020-3503,Rennes,Hard,48,C,,20200126,1,A09T,,,Dan Added,R,183,FRA,20.789,381,95,SN77,,,Vaclav Safranek,R,183,CZE,25.687,332,117,6-4 6-2,3,R64,68,5,1,55,32,26,11,9,7,8,4,3,64,35,23,12,9,5,9,TennisMyLife,2020_challenger.csv,2020,2026-08-23T06:37:21.010456+00:00,284,7714b2f135c7114e39941d7a82f35c27,NEW_MATCH,0,,dan added,vaclav safranek,rennes,r64,hard
2020-3503,Rennes,Hard,48,C,,20200126,2,BF98,,,Alessandro Bega,R,170,ITA,29.04,403,85,PH64,,,Andrea Pellegrino,R,185,ITA,22.845,338,115,2-6 7-6(5) 7-5,3,R64,127,1,4,112,67,47,25,16,8,11,14,6,100,61,47,21,16,3,5,TennisMyLife,2020_challenger.csv,2020,2026-08-23T06:37:21.010456+00:00,285,396279aa0105bc6340092130783de1d1,NEW_MATCH,0,,alessandro bega,andrea pellegrino,rennes,r64,hard
2020-3503,Rennes,Hard,48,C,,20200126,3,DF92,,,Corentin Denolly,L,188,FRA,22.639,320,122,KI63,,,Lukas Klein,R,193,SVK,21.848,300,133,6-2 3-6 6-3,3,R64,104,3,2,83,59,38,13,13,12,14,3,1,86,56,35,13,13,4,8,TennisMyLife,2020_challenger.csv,2020,2026-08-23T06:37:21.010456+00:00,286,784ecd2b894b1a746291a80e8ee2f5b3,NEW_MATCH,0,,corentin denolly,lukas klein,rennes,r64,hard
2020-3503,Rennes,Hard,48,C,,20200126,4,E768,,,Antoine Escoffier,R,185,FRA,27.907,370,101,GH33,,,Manuel Guinard,R,198,FRA,24.197,296,137,6-4 6-3,3,R64,93,7,0,61,43,31,7,9,3,5,7,9,94,46,30,17,10,7,12,TennisMyLife,2020_challenger.csv,2020,2026-08-23T06:37:21.010456+00:00,287,415573115c6ff05d25c73245a0878a65,NEW_MATCH,0,,antoine escoffier,manuel guinard,rennes,r64,hard
2020-3503,Rennes,Hard,48,C,,20200126,5,FC26,,,Evan Furness,R,173,FRA,21.454,497,59,I236,,,Uladzimir Ignatik,R,183,BLR,29.536,337,116,6-3 6-7(2) 6-4,3,R64,134,9,2,98,57,47,25,16,4,4,11,2,105,66,50,19,15,8,10,TennisMyLife,2020_challenger.csv,2020,2026-08-23T06:37:21.010456+00:00,288,36ed0c8e2ee759daf0ec7aa78109588b,NEW_MATCH,0,,evan furness,uladzimir ignatik,rennes,r64,hard
2020-3503,Rennes,Hard,48,C,,20200126,6,G681,,,Teymuraz Gabashvili,R,185,GEO,34.678,269,158,E688,,,Markus Eriksson,R,188,SWE,30.157,292,138,6-1 6-3,3,R64,48,3,7,46,21,19,14,8,3,4,1,2,43,29,14,3,8,2,7,TennisMyLife,2020_challenger.csv,2020,2026-08-23T06:37:21.010456+00:00,289,ae04b10ffa091310f6e300e8aeb78336,NEW_MATCH,0,,teymuraz gabashvili,markus eriksson,rennes,r64,hard
2020-3503,Rennes,Hard,48,C,,20200126,7,J0AZ,,,Kyrian Jacquet,R,175,FRA,18.71,624,35,CH05,,,Altug Celikbilek,R,183,TUR,23.384,322,121,3-6 7-5 6-0,3,R64,89,5,2,82,46,30,21,13,3,6,10,2,87,62,38,10,14,5,11,TennisMyLife,2020_challenger.csv,2020,2026-08-23T06:37:21.010456+00:00,290,97d98a7d8316da5e7bac93232afdb3cf,NEW_MATCH,0,,kyrian jacquet,altug celikbilek,rennes,r64,hard
2020-3503,Rennes,Hard,48,C,,20200126,8,J397,,,Jerzy Janowicz,R,203,POL,29.202,850,20,M0FH,,,Tomas Machac,R,183,CZE,19.285,361,107,7-6(3) 6-7(4) 6-4,3,R64,172,19,4,118,70,56,23,17,7,9,9,2,130,86,57,25,17,4,7,TennisMyLife,2020_challenger.csv,2020,2026-08-23T06:37:21.010456+00:00,291,9a7506a7e5026ba445ca3025bbf31901,NEW_MATCH,0,,jerzy janowicz,tomas machac,rennes,r64,hard
2020-3503,Rennes,Hard,48,C,,20200126,9,KI82,,,Vit Kopriva,R,178,CZE,22.615,353,110,DC76,,,Viktor Durasovic,R,185,NOR,22.856,343,114,3-6 6-3 6-4,3,R64,128,4,4,91,51,41,18,14,5,7,5,2,94,61,39,17,14,6,9,TennisMyLife,2020_challenger.csv,2020,2026-08-23T06:37:21.010456+00:00,292,399e792ce9ac97375ea8d801d656dc25,NEW_MATCH,0,,vit kopriva,viktor durasovic,rennes,r64,hard
2020-3503,Rennes,Hard,48,C,,20200126,10,MJ70,,,Karim-Mohamed Maamoun,R,175,EGY,28.799,351,110,R09X,,,Jurij Rodionov,L,191,AUT,20.698,330,117,7-6(5) 6-3,3,R64,94,3,1,77,49,33,13,11,5,9,5,4,73,41,26,11,10,5,10,TennisMyLife,2020_challenger.csv,2020,2026-08-23T06:37:21.010456+00:00,293,42a4eee512eac4936e178442846c7eeb,NEW_MATCH,0,,karim mohamed maamoun,jurij rodionov,rennes,r64,hard
2020-3503,Rennes,Hard,48,C,,20200126,11,N754,,,Patrik Niklas-Salminen,L,188,FIN,22.894,488,62,V495,,,Luca Vanni,R,198,ITA,34.645,318,122,6-3 6-4,3,R64,63,7,1,48,35,31,9,10,0,0,4,3,54,28,20,13,9,3,5,TennisMyLife,2020_challenger.csv,2020,2026-08-23T06:37:21.010456+00:00,294,253e256897aefe93b7f19f4db8841bfe,NEW_MATCH,0,,patrik niklas salminen,luca vanni,rennes,r64,hard
2020-3503,Rennes,Hard,48,C,,20200126,12,RC91,,,Arthur Rinderknech,R,196,FRA,24.512,328,118,A622,,,Andrea Arnaboldi,L,180,ITA,32.082,283,143,6-4 6-3,3,R64,76,9,0,44,36,31,5,9,0,0,1,3,71,42,26,15,10,7,10,TennisMyLife,2020_challenger.csv,2020,2026-08-23T06:37:21.010456+00:00,295,bf2f64dfacb294ee517d4c547a1e19aa,NEW_MATCH,0,,arthur rinderknech,andrea arnaboldi,rennes,r64,hard
2020-3503,Rennes,Hard,48,C,,20200126,13,R0EB,,,Valentin Royer,R,188,FRA,18.661,815,17,RH54,,,Rayane Roumane,R,193,ALG,19.373,369,102,7-6(8) 6-3,3,R64,91,3,1,77,45,32,16,10,4,7,10,5,79,45,32,10,11,4,9,TennisMyLife,2020_challenger.csv,2020,2026-08-23T06:37:21.010456+00:00,296,07b2fb72ad1880567326341cedc44576,NEW_MATCH,0,,valentin royer,rayane roumane,rennes,r64,hard
2020-3503,Rennes,Hard,48,C,,20200126,14,SP80,,,Nino Serdarusic,R,191,CRO,23.118,293,138,HB35,,,Maxime Hamou,R,185,FRA,24.635,348,111,7-5 7-6(3),3,R64,91,13,1,68,41,34,18,12,1,2,5,3,79,54,41,11,12,6,8,TennisMyLife,2020_challenger.csv,2020,2026-08-23T06:37:21.010456+00:00,297,9991e8712aeac0a582e1c2ce03c1a587,NEW_MATCH,0,,nino serdarusic,maxime hamou,rennes,r64,hard
2020-3503,Rennes,Hard,48,C,,20200126,15,W503,,,James Ward,R,188,GBR,32.961,312,126,BM95,,,Benjamin Bonzi,R,183,FRA,23.63,362,107,3-6 7-6(6) 7-5,3,R64,136,8,6,126,79,49,24,17,11,16,18,3,111,74,51,14,16,4,8,TennisMyLife,2020_challenger.csv,2020,2026-08-23T06:37:21.010456+00:00,298,0af3fd864e4ad49d952acb142d511417,NEW_MATCH,0,,james ward,benjamin bonzi,rennes,r64,hard
2020-3503,Rennes,Hard,48,C,,20200126,16,Z168,,,Mischa Zverev,L,191,GER,32.43,280,144,CM79,,,Baptiste Crepatte,R,185,FRA,25.347,352,110,6-0 6-1,3,R64,51,2,1,42,27,19,10,6,4,4,2,3,60,32,14,11,7,9,15,TennisMyLife,2020_challenger.csv,2020,2026-08-23T06:37:21.010456+00:00,299,b52860b80e64bac050f4a1b78037b694,NEW_MATCH,0,,mischa zverev,baptiste crepatte,rennes,r64,hard
2020-3503,Rennes,Hard,48,C,,20200126,17,SC77,1,,Sergiy Stakhovsky,R,193,UKR,34.053,153,344,SP80,,,Nino Serdarusic,R,191,CRO,23.118,293,138,7-6(3) 6-4,3,R32,108,8,3,85,49,42,13,11,5,6,5,5,98,61,40,17,11,15,17,TennisMyLife,2020_challenger.csv,2020,2026-08-23T06:37:21.010456+00:00,300,f5e7f4a847eb713209bc64cae21bce94,NEW_MATCH,0,,sergiy stakhovsky,nino serdarusic,rennes,r32,hard
2020-3503,Rennes,Hard,48,C,,20200126,18,DF92,,,Corentin Denolly,L,188,FRA,22.639,320,122,O449,2,,Oscar Otte,R,193,GER,26.53,163,314,6-4 6-2,3,R32,50,4,3,50,42,33,5,9,1,1,5,3,55,34,24,8,9,3,6,TennisMyLife,2020_challenger.csv,2020,2026-08-23T06:37:21.010456+00:00,301,91f115a7e593393ae345b56407d67ddd,NEW_MATCH,0,,corentin denolly,oscar otte,rennes,r32,hard
2020-3503,Rennes,Hard,48,C,,20200126,19,PE02,3,,Danilo Petrovic,R,203,SRB,28.005,166,306,R0EB,,,Valentin Royer,R,188,FRA,18.661,815,17,6-1 3-6 6-3,3,R32,74,14,2,67,41,33,18,13,3,4,5,1,68,44,30,12,12,0,3,TennisMyLife,2020_challenger.csv,2020,2026-08-23T06:37:21.010456+00:00,302,d57e2272ac8cb05e80561e355301070d,NEW_MATCH,0,,danilo petrovic,valentin royer,rennes,r32,hard
2020-3503,Rennes,Hard,48,C,,20200126,20,E768,,,Antoine Escoffier,R,185,FRA,27.907,370,101,L797,4,,Lukas Lacko,R,188,SVK,32.23,178,280,7-5 6-2,3,R32,83,5,1,54,36,28,11,10,0,1,3,0,73,47,30,10,10,4,8,TennisMyLife,2020_challenger.csv,2020,2026-08-23T06:37:21.010456+00:00,303,f9cc2345c6152a5e408bae99855f6f14,NEW_MATCH,0,,antoine escoffier,lukas lacko,rennes,r32,hard
2020-3503,Rennes,Hard,48,C,,20200126,21,FC26,,,Evan Furness,R,173,FRA,21.454,497,59,J620,5,,Maxime Janvier,R,196,FRA,23.272,200,240,7-6(6) 6-2,3,R32,79,2,0,66,39,29,19,10,0,0,6,2,72,58,40,5,10,3,5,TennisMyLife,2020_challenger.csv,2020,2026-08-23T06:37:21.010456+00:00,304,5038731552933b5041f756966bfccdd3,NEW_MATCH,0,,evan furness,maxime janvier,rennes,r32,hard
2020-3503,Rennes,Hard,48,C,,20200126,22,V717,6,,Alexey Vatutin,R,178,RUS,27.247,206,233,Z168,,,Mischa Zverev,L,191,GER,32.43,280,144,6-4 6-4,3,R32,82,1,2,67,39,25,17,10,6,8,3,2,69,43,27,10,10,5,9,TennisMyLife,2020_challenger.csv,2020,2026-08-23T06:37:21.010456+00:00,305,eea39e7746034cc77b35e1998417f86c,NEW_MATCH,0,,alexey vatutin,mischa zverev,rennes,r32,hard
2020-3503,Rennes,Hard,48,C,,20200126,23,RC91,,,Arthur Rinderknech,R,196,FRA,24.512,328,118,Z419,7,,Bernabe Zapata Miralles,R,183,ESP,23.036,209,226,6-3 3-6 7-6(3),3,R32,133,9,2,92,52,36,22,15,3,7,3,1,108,71,46,17,15,12,16,TennisMyLife,2020_challenger.csv,2020,2026-08-23T06:37:21.010456+00:00,306,a311939bd8c041559ca00436bd483204,NEW_MATCH,0,,arthur rinderknech,bernabe zapata miralles,rennes,r32,hard
2020-3503,Rennes,Hard,48,C,,20200126,24,LC11,8,,Tristan Lamasine,R,183,FRA,26.894,213,223,KI82,,,Vit Kopriva,R,178,CZE,22.615,353,110,6-3 3-6 6-0,3,R32,101,4,3,71,42,32,13,12,0,2,7,4,78,39,22,20,12,1,6,TennisMyLife,2020_challenger.csv,2020,2026-08-23T06:37:21.010456+00:00,307,c5434d6d99c4799b174e32ab4d888396,NEW_MATCH,0,,tristan lamasine,vit kopriva,rennes,r32,hard
2020-3503,Rennes,Hard,48,C,,20200126,25,MJ71,9,,Mats Moraing,L,198,GER,27.6,221,215,MJ70,,,Karim-Mohamed Maamoun,R,175,EGY,28.799,351,110,6-4 6-3,3,R32,71,8,3,63,39,30,11,9,8,9,0,4,65,44,27,10,10,3,7,TennisMyLife,2020_challenger.csv,2020,2026-08-23T06:37:21.010456+00:00,308,5a99bf7684fb3f1dfe5d45271b9457e8,NEW_MATCH,0,,mats moraing,karim mohamed maamoun,rennes,r32,hard
2020-3503,Rennes,Hard,48,C,,20200126,26,LB66,10,,Constant Lestienne,R,180,FRA,27.677,224,213,J397,,,Jerzy Janowicz,R,203,POL,29.202,850,20,7-6(3) 6-4,3,R32,109,6,4,91,49,33,20,11,9,12,9,5,67,43,32,6,11,1,5,TennisMyLife,2020_challenger.csv,2020,2026-08-23T06:37:21.010456+00:00,309,d51c1173d70a75a6fcd26df0a4cf677f,NEW_MATCH,0,,constant lestienne,jerzy janowicz,rennes,r32,hard
2020-3503,Rennes,Hard,48,C,,20200126,27,J0AZ,,,Kyrian Jacquet,R,175,FRA,18.71,624,35,MP20,11,,Alexandre Muller,R,183,FRA,22.982,228,207,6-2 0-2 RET,3,R32,40,3,1,33,23,18,3,5,2,3,1,0,32,20,12,7,5,2,4,TennisMyLife,2020_challenger.csv,2020,2026-08-23T06:37:21.010456+00:00,310,340c70749a0074b5264472aa6df2632e,NEW_MATCH,0,,kyrian jacquet,alexandre muller,rennes,r32,hard
2020-3503,Rennes,Hard,48,C,,20200126,28,O340,12,,Roberto Ortega-Olmedo,R,168,ESP,28.742,241,195,A09T,,,Dan Added,R,183,FRA,20.789,381,95,7-6(0) 6-3,3,R32,87,0,4,71,43,32,17,11,4,5,3,1,70,39,26,14,10,3,5,TennisMyLife,2020_challenger.csv,2020,2026-08-23T06:37:21.010456+00:00,311,1edf0cee720d22a9ef4ce4344f67fc0b,NEW_MATCH,0,,roberto ortega olmedo,dan added,rennes,r32,hard
2020-3503,Rennes,Hard,48,C,,20200126,29,K839,13,,Tobias Kamke,R,178,GER,33.684,247,188,N754,,,Patrik Niklas-Salminen,L,188,FIN,22.894,488,62,6-4 6-1,3,R32,65,3,1,46,26,22,11,8,1,1,10,6,58,35,23,11,9,2,6,TennisMyLife,2020_challenger.csv,2020,2026-08-23T06:37:21.010456+00:00,312,0a1007573c7f861f1f00463c0565adbf,NEW_MATCH,0,,tobias kamke,patrik niklas salminen,rennes,r32,hard
2020-3503,Rennes,Hard,48,C,,20200126,30,W503,,,James Ward,R,188,GBR,32.961,312,126,K09F,14,,Pavel Kotov,R,191,RUS,21.188,249,186,6-3 6-7(5) 6-3,3,R32,111,6,4,92,60,50,18,16,0,0,9,4,89,53,41,22,14,3,5,TennisMyLife,2020_challenger.csv,2020,2026-08-23T06:37:21.010456+00:00,313,9ebdaef8aab243bb64919ecc1d807f40,NEW_MATCH,0,,james ward,pavel kotov,rennes,r32,hard
2020-3503,Rennes,Hard,48,C,,20200126,31,I306,15,,Cem Ilkel,R,185,TUR,24.433,265,161,BF98,,,Alessandro Bega,R,170,ITA,29.04,403,85,6-4 6-2,3,R32,74,10,1,52,29,23,15,9,1,2,3,6,71,46,26,11,9,2,6,TennisMyLife,2020_challenger.csv,2020,2026-08-23T06:37:21.010456+00:00,314,bf14338cd4756d5a47e9687098c55b22,NEW_MATCH,0,,cem ilkel,alessandro bega,rennes,r32,hard
2020-3503,Rennes,Hard,48,C,,20200126,32,G681,,,Teymuraz Gabashvili,R,185,GEO,34.678,269,158,MO55,16,,Lucas Miedler,R,183,AUT,23.598,278,146,7-6(6) 6-0,3,R32,70,5,5,64,37,29,14,9,1,1,6,0,56,41,26,7,9,1,4,TennisMyLife,2020_challenger.csv,2020,2026-08-23T06:37:21.010456+00:00,315,2f7c14fe0629c8a873589fe2ee800d66,NEW_MATCH,0,,teymuraz gabashvili,lucas miedler,rennes,r32,hard
2020-3503,Rennes,Hard,48,C,,20200126,33,K839,13,,Tobias Kamke,R,178,GER,33.684,247,188,SC77,1,,Sergiy Stakhovsky,R,193,UKR,34.053,153,344,6-2 6-1,3,R16,59,1,1,43,26,18,11,7,1,1,3,0,51,37,21,4,8,4,9,TennisMyLife,2020_challenger.csv,2020,2026-08-23T06:37:21.010456+00:00,316,ec81d7903621ccba9545e0562307461b,NEW_MATCH,0,,tobias kamke,sergiy stakhovsky,rennes,r16,hard
2020-3503,Rennes,Hard,48,C,,20200126,34,PE02,3,,Danilo Petrovic,R,203,SRB,28.005,166,306,G681,,,Teymuraz Gabashvili,R,185,GEO,34.678,269,158,7-5 6-2,3,R16,71,11,4,51,34,29,8,10,0,1,3,10,60,26,20,14,10,4,8,TennisMyLife,2020_challenger.csv,2020,2026-08-23T06:37:21.010456+00:00,317,d64059c3365c16b3448390f112f6eb41,NEW_MATCH,0,,danilo petrovic,teymuraz gabashvili,rennes,r16,hard
2020-3503,Rennes,Hard,48,C,,20200126,35,LB66,10,,Constant Lestienne,R,180,FRA,27.677,224,213,V717,6,,Alexey Vatutin,R,178,RUS,27.247,206,233,7-5 6-3,3,R16,107,6,0,90,50,39,18,11,7,8,2,1,70,39,28,14,10,8,11,TennisMyLife,2020_challenger.csv,2020,2026-08-23T06:37:21.010456+00:00,318,d4cff033661c68aace5c0c759d412605,NEW_MATCH,0,,constant lestienne,alexey vatutin,rennes,r16,hard
2020-3503,Rennes,Hard,48,C,,20200126,36,J0AZ,,,Kyrian Jacquet,R,175,FRA,18.71,624,35,LC11,8,,Tristan Lamasine,R,183,FRA,26.894,213,223,2-6 6-1 6-2,3,R16,97,0,3,68,42,30,14,12,0,2,7,6,81,46,35,11,11,7,11,TennisMyLife,2020_challenger.csv,2020,2026-08-23T06:37:21.010456+00:00,319,8ce6048c85ddd6c3bbe2e087f9196f84,NEW_MATCH,0,,kyrian jacquet,tristan lamasine,rennes,r16,hard
2020-3503,Rennes,Hard,48,C,,20200126,37,RC91,,,Arthur Rinderknech,R,196,FRA,24.512,328,118,MJ71,9,,Mats Moraing,L,198,GER,27.6,221,215,6-2 6-3,3,R16,59,16,0,47,42,34,4,9,1,1,4,5,56,33,20,10,8,2,5,TennisMyLife,2020_challenger.csv,2020,2026-08-23T06:37:21.010456+00:00,320,b653b53d337520ab77e8ac897b03f3e3,NEW_MATCH,0,,arthur rinderknech,mats moraing,rennes,r16,hard
2020-3503,Rennes,Hard,48,C,,20200126,38,O340,12,,Roberto Ortega-Olmedo,R,168,ESP,28.742,241,195,FC26,,,Evan Furness,R,173,FRA,21.454,497,59,4-6 6-2 7-5,3,R16,138,2,4,106,56,36,26,15,11,15,5,6,100,60,37,17,15,7,13,TennisMyLife,2020_challenger.csv,2020,2026-08-23T06:37:21.010456+00:00,321,bc75d85da52a6fbf9ae02e6f76a94564,NEW_MATCH,0,,roberto ortega olmedo,evan furness,rennes,r16,hard
2020-3503,Rennes,Hard,48,C,,20200126,39,I306,15,,Cem Ilkel,R,185,TUR,24.433,265,161,E768,,,Antoine Escoffier,R,185,FRA,27.907,370,101,6-3 2-6 6-3,3,R16,97,8,0,73,50,35,12,13,2,5,5,5,85,56,42,10,13,5,9,TennisMyLife,2020_challenger.csv,2020,2026-08-23T06:37:21.010456+00:00,322,f641736460856a8aa8d2a109309cb4ec,NEW_MATCH,0,,cem ilkel,antoine escoffier,rennes,r16,hard
2020-3503,Rennes,Hard,48,C,,20200126,40,W503,,,James Ward,R,188,GBR,32.961,312,126,DF92,,,Corentin Denolly,L,188,FRA,22.639,320,122,6-4 6-3,3,R16,64,4,2,56,35,28,13,10,0,0,4,3,62,41,28,10,9,3,5,TennisMyLife,2020_challenger.csv,2020,2026-08-23T06:37:21.010456+00:00,323,018527a0a1ca49c526e8b3d43af5d718,NEW_MATCH,0,,james ward,corentin denolly,rennes,r16,hard
2020-3503,Rennes,Hard,48,C,,20200126,41,PE02,3,,Danilo Petrovic,R,203,SRB,28.005,166,306,LB66,10,,Constant Lestienne,R,180,FRA,27.677,224,213,6-2 7-6(6),3,QF,87,16,4,69,45,37,8,10,2,3,3,3,78,40,27,18,10,2,5,TennisMyLife,2020_challenger.csv,2020,2026-08-23T06:37:21.010456+00:00,324,ee7e6e81682dae1b357673e749ef0e6d,NEW_MATCH,0,,danilo petrovic,constant lestienne,rennes,qf,hard
2020-3503,Rennes,Hard,48,C,,20200126,42,K839,13,,Tobias Kamke,R,178,GER,33.684,247,188,O340,12,,Roberto Ortega-Olmedo,R,168,ESP,28.742,241,195,6-3 6-3,3,QF,86,7,1,67,41,32,13,9,6,6,0,4,69,47,31,6,9,8,11,TennisMyLife,2020_challenger.csv,2020,2026-08-23T06:37:21.010456+00:00,325,75c9e4a4b5f5b03fdb37a4f3d3bd6921,NEW_MATCH,0,,tobias kamke,roberto ortega olmedo,rennes,qf,hard
2020-3503,Rennes,Hard,48,C,,20200126,43,RC91,,,Arthur Rinderknech,R,196,FRA,24.512,328,118,I306,15,,Cem Ilkel,R,185,TUR,24.433,265,161,3-6 6-1 6-4,3,QF,113,12,0,84,52,37,17,13,5,7,4,1,88,55,35,16,13,4,8,TennisMyLife,2020_challenger.csv,2020,2026-08-23T06:37:21.010456+00:00,326,55354a83ce083394927e4c1157428efc,NEW_MATCH,0,,arthur rinderknech,cem ilkel,rennes,qf,hard
2020-3503,Rennes,Hard,48,C,,20200126,44,W503,,,James Ward,R,188,GBR,32.961,312,126,J0AZ,,,Kyrian Jacquet,R,175,FRA,18.71,624,35,7-5 3-6 6-3,3,QF,110,10,5,98,65,43,18,15,11,14,6,1,76,46,33,17,15,3,7,TennisMyLife,2020_challenger.csv,2020,2026-08-23T06:37:21.010456+00:00,327,da3cb92016ed9c7fbdb340543b0ff32e,NEW_MATCH,0,,james ward,kyrian jacquet,rennes,qf,hard
2020-3503,Rennes,Hard,48,C,,20200126,45,W503,,,James Ward,R,188,GBR,32.961,312,126,PE02,3,,Danilo Petrovic,R,203,SRB,28.005,166,306,7-6(7) 7-6(4),3,SF,95,14,2,83,58,46,15,12,1,1,26,5,81,50,39,17,12,4,4,TennisMyLife,2020_challenger.csv,2020,2026-08-23T06:37:21.010456+00:00,328,9b754333858868dd42e110e46ace8ce0,NEW_MATCH,0,,james ward,danilo petrovic,rennes,sf,hard
2020-3503,Rennes,Hard,48,C,,20200126,46,RC91,,,Arthur Rinderknech,R,196,FRA,24.512,328,118,K839,13,,Tobias Kamke,R,178,GER,33.684,247,188,6-4 2-6 6-3,3,SF,114,17,0,83,59,40,12,14,5,9,4,4,89,54,40,13,13,6,10,TennisMyLife,2020_challenger.csv,2020,2026-08-23T06:37:21.010456+00:00,329,292650dbaccc61061c7e0ba5cac454ac,NEW_MATCH,0,,arthur rinderknech,tobias kamke,rennes,sf,hard
2020-3503,Rennes,Hard,48,C,,20200126,47,RC91,,,Arthur Rinderknech,R,196,FRA,24.512,328,118,W503,,,James Ward,R,188,GBR,32.961,312,126,7-5 6-4,3,F,93,8,1,59,36,30,16,11,1,1,9,4,80,45,33,17,11,5,7,TennisMyLife,2020_challenger.csv,2020,2026-08-23T06:37:21.010456+00:00,330,3511a014071b1821a7256db1a524c63c,NEW_MATCH,0,,arthur rinderknech,james ward,rennes,f,hard
2020-5018,Burnie,Hard,48,C,,20200127,1,AE14,,,Daniel Altmaier,R,188,GER,21.374,262,172,C0A0,,,Alexander Crnokrak,R,191,AUS,20.008,656,31,5-7 6-4 6-4,3,R64,132,5,4,95,62,41,21,16,1,4,7,10,103,50,36,26,16,7,11,TennisMyLife,2020_challenger.csv,2020,2026-08-23T06:37:21.010456+00:00,331,8241e0d5129d2225a827fff7cf191097,NEW_MATCH,0,,daniel altmaier,alexander crnokrak,burnie,r64,hard
2020-5018,Burnie,Hard,48,C,,20200127,2,BJ05,,,Harry Bourchier,R,185,AUS,24.008,281,144,BH87,,,Maverick Banes,R,,AUS,27.797,342,114,6-3 7-6(6),3,R64,94,8,4,82,52,37,17,11,4,5,0,1,66,32,22,17,10,2,4,TennisMyLife,2020_challenger.csv,2020,2026-08-23T06:37:21.010456+00:00,332,a1357748a05dae2c1becdadceb7402fa,NEW_MATCH,0,,harry bourchier,maverick banes,burnie,r64,hard
2020-5018,Burnie,Hard,48,C,,20200127,3,CO06,,,Liam Caruana,R,178,ITA,22.012,511,53,N598,,,Takuto Niki,R,183,JPN,32.293,565,43,7-5 6-3,3,R64,83,3,2,61,37,26,11,11,0,2,8,0,66,37,19,18,10,10,14,TennisMyLife,2020_challenger.csv,2020,2026-08-23T06:37:21.010456+00:00,333,5d35a3e3ef5daf9481b782ff4af63d5d,NEW_MATCH,0,,liam caruana,takuto niki,burnie,r64,hard
2020-5018,Burnie,Hard,48,C,,20200127,4,GH92,,,Borna Gojo,R,196,CRO,21.914,264,164,DB93,,,Matias Franco Descotte,R,191,ARG,25.413,372,99,6-1 6-3,3,R64,57,5,2,44,29,24,10,8,2,2,1,4,48,30,19,5,8,0,4,TennisMyLife,2020_challenger.csv,2020,2026-08-23T06:37:21.010456+00:00,334,d4901e4bfa8d7c0df8e327321ae2f00c,NEW_MATCH,0,,borna gojo,matias franco descotte,burnie,r64,hard
2020-5018,Burnie,Hard,48,C,,20200127,5,GE73,,,Jacob Grills,R,,AUS,24.611,444,71,KA22,,,Dayne Kelly,R,,AUS,29.514,358,108,6-2 6-7(4) 6-4,3,R64,131,9,4,97,53,40,24,15,3,5,5,8,107,63,40,17,15,3,8,TennisMyLife,2020_challenger.csv,2020,2026-08-23T06:37:21.010456+00:00,335,08c51f70fbb0aa10c8be75a7370e665d,NEW_MATCH,0,,jacob grills,dayne kelly,burnie,r64,hard
2020-5018,Burnie,Hard,48,C,,20200127,6,K834,,,Blaz Kavcic,R,188,SLO,32.898,308,129,D917,,,Sadio Doumbia,R,183,FRA,29.374,398,89,6-2 7-5,3,R64,83,2,3,50,34,23,10,10,1,4,3,2,67,43,18,13,10,5,11,TennisMyLife,2020_challenger.csv,2020,2026-08-23T06:37:21.010456+00:00,336,8c5b3de216a3376625b54375ff897b73,NEW_MATCH,0,,blaz kavcic,sadio doumbia,burnie,r64,hard
2020-5018,Burnie,Hard,48,C,,20200127,7,KB37,,,Evan King,L,185,USA,27.841,356,109,MM79,,,Blake Mott,R,180,AUS,23.767,507,54,6-2 6-4,3,R64,75,3,1,51,30,25,13,9,3,3,4,2,55,36,22,7,9,2,5,TennisMyLife,2020_challenger.csv,2020,2026-08-23T06:37:21.010456+00:00,337,a3de65dabff0768c22e41ced2e9a5779,NEW_MATCH,0,,evan king,blake mott,burnie,r64,hard
2020-5018,Burnie,Hard,48,C,,20200127,8,K964,,,Brydan Klein,R,188,GBR,30.073,391,91,RH69,,,Matthew Romios,R,185,AUS,20.832,609,37,6-3 4-6 6-2,3,R64,113,3,4,74,49,38,13,14,2,5,5,3,80,50,32,13,13,6,11,TennisMyLife,2020_challenger.csv,2020,2026-08-23T06:37:21.010456+00:00,338,ea6369b6128ddd1faf60c9a887b8576d,NEW_MATCH,0,,brydan klein,matthew romios,burnie,r64,hard
2020-5018,Burnie,Hard,48,C,,20200127,9,KB95,,,Jason Kubler,R,178,AUS,26.691,260,172,EA27,,,Blake Ellis,R,191,AUS,21.057,843,16,6-4 6-4,3,R64,72,3,2,61,38,26,17,10,2,2,5,2,57,38,26,10,10,2,4,TennisMyLife,2020_challenger.csv,2020,2026-08-23T06:37:21.010456+00:00,339,631a3424999e462503f670988ad67666,NEW_MATCH,0,,jason kubler,blake ellis,burnie,r64,hard
2020-5018,Burnie,Hard,48,C,,20200127,10,LC54,,,Benjamin Lock,R,198,ZIM,26.899,486,63,TG77,,,Petros Tsitsipas,R,185,GRE,19.502,1416,3,4-6 6-2 6-2,3,R64,123,4,1,71,53,38,14,13,2,4,7,5,90,45,27,21,13,6,11,TennisMyLife,2020_challenger.csv,2020,2026-08-23T06:37:21.010456+00:00,340,6569a421fa43ceca25000f54b84b01c2,NEW_MATCH,0,,benjamin lock,petros tsitsipas,burnie,r64,hard
2020-5018,Burnie,Hard,48,C,,20200127,11,N09U,,,Rio Noguchi,R,168,JPN,21.081,424,77,FA50,,,Thomas Fancutt,R,188,AUS,24.92,531,50,6-4 7-6(4),3,R64,91,0,0,65,47,34,10,11,2,4,9,3,88,61,41,10,11,10,13,TennisMyLife,2020_challenger.csv,2020,2026-08-23T06:37:21.010456+00:00,341,ba13989e61b58dc6e8b797b30c9abb1b,NEW_MATCH,0,,rio noguchi,thomas fancutt,burnie,r64,hard
2020-5018,Burnie,Hard,48,C,,20200127,12,PM13,,,Michail Pervolarakis,R,193,GRE,23.641,466,66,SK51,,,Tobias Simon,R,198,GER,28.695,452,69,6-3 6-4,3,R64,75,6,3,66,39,30,15,10,4,4,10,3,51,26,20,14,9,1,3,TennisMyLife,2020_challenger.csv,2020,2026-08-23T06:37:21.010456+00:00,342,7aaa3a1c2dbca64d4bfd25b2082fe290,NEW_MATCH,0,,michail pervolarakis,tobias simon,burnie,r64,hard
2020-5018,Burnie,Hard,48,C,,20200127,13,S0N0,,,Tristan Schoolkate,R,183,AUS,18.916,863,14,SQ80,,,Akira Santillan,R,180,AUS,22.683,251,182,6-4 6-3,3,R64,56,3,3,56,32,26,14,10,4,5,5,0,49,32,20,8,9,0,3,TennisMyLife,2020_challenger.csv,2020,2026-08-23T06:37:21.010456+00:00,343,ef0207240a1a9cc2f430346ca847e366,NEW_MATCH,0,,tristan schoolkate,akira santillan,burnie,r64,hard
2020-5018,Burnie,Hard,48,C,,20200127,14,S0AQ,,,Yuta Shimizu,L,163,JPN,20.635,354,109,GB61,,,Viktor Galovic,R,193,CRO,29.355,248,187,6-1 7-6(5),3,R64,85,7,1,65,39,26,17,9,2,3,3,3,77,46,28,13,10,6,10,TennisMyLife,2020_challenger.csv,2020,2026-08-23T06:37:21.010456+00:00,344,b353d62c15ffcbfb6d4fcad3b559885e,NEW_MATCH,0,,yuta shimizu,viktor galovic,burnie,r64,hard
2020-5018,Burnie,Hard,48,C,,20200127,15,SP05,,,Evan Song,L,178,USA,27.639,510,54,PF65,,,Filip Peliwo,R,180,POL,25.99,287,141,6-2 7-6(7),3,R64,104,0,0,71,50,34,11,10,1,2,2,3,81,56,31,13,10,5,8,TennisMyLife,2020_challenger.csv,2020,2026-08-23T06:37:21.010456+00:00,345,0fc0ddac7fe1fbc07a0cf05db8060db8,NEW_MATCH,0,,evan song,filip peliwo,burnie,r64,hard
2020-5018,Burnie,Hard,48,C,,20200127,16,VA08,,,Andrea Vavassori,R,193,ITA,24.731,288,140,S0IA,,,Dane Sweeny,R,170,AUS,18.954,895,13,7-5 4-6 6-0,3,R64,136,7,3,84,52,33,19,14,9,13,2,6,112,78,46,12,14,9,16,TennisMyLife,2020_challenger.csv,2020,2026-08-23T06:37:21.010456+00:00,346,2183bc8129e58bc886faf701db064aee,NEW_MATCH,0,,andrea vavassori,dane sweeny,burnie,r64,hard
2020-5018,Burnie,Hard,48,C,,20200127,17,DA81,1,,Taro Daniel,R,191,JPN,26.998,110,501,S0AQ,,,Yuta Shimizu,L,163,JPN,20.635,354,109,7-6(4) 7-6(5),3,R32,117,3,4,87,59,40,14,12,5,9,4,5,86,52,34,16,12,2,6,TennisMyLife,2020_challenger.csv,2020,2026-08-23T06:37:21.010456+00:00,347,5d27199db65393e2a4060f4d7f6f1a57,NEW_MATCH,0,,taro daniel,yuta shimizu,burnie,r32,hard
2020-5018,Burnie,Hard,48,C,,20200127,18,MH16,2,,Yannick Maden,R,185,GER,30.248,125,429,N09U,,,Rio Noguchi,R,168,JPN,21.081,424,77,6-2 6-2,3,R32,74,2,2,58,38,27,11,8,6,7,3,1,44,27,12,8,8,6,11,TennisMyLife,2020_challenger.csv,2020,2026-08-23T06:37:21.010456+00:00,348,95d70497bafe319d59027c438737fe9f,NEW_MATCH,0,,yannick maden,rio noguchi,burnie,r32,hard
2020-5018,Burnie,Hard,48,C,,20200127,19,KB95,,,Jason Kubler,R,178,AUS,26.691,260,172,D916,3,,Steven Diez,R,175,CAN,28.865,134,411,4-6 6-3 6-2,3,R32,116,2,2,75,43,31,24,14,2,3,2,1,75,50,32,16,13,0,3,TennisMyLife,2020_challenger.csv,2020,2026-08-23T06:37:21.010456+00:00,349,0c94c6a24bb38691f0a4ca9cb7756cda,NEW_MATCH,0,,jason kubler,steven diez,burnie,r32,hard
2020-5018,Burnie,Hard,48,C,,20200127,20,BI81,4,,Alex Bolt,L,183,AUS,27.058,140,377,CO06,,,Liam Caruana,R,178,ITA,22.012,511,53,7-5 7-5,3,R32,102,8,4,92,57,37,17,12,10,13,5,1,80,47,32,13,12,5,10,TennisMyLife,2020_challenger.csv,2020,2026-08-23T06:37:21.010456+00:00,350,4abe2f56d6e48c39b73f67d40cfb19c5,NEW_MATCH,0,,alex bolt,liam caruana,burnie,r32,hard
2020-5018,Burnie,Hard,48,C,,20200127,21,GA79,5,,Lorenzo Giustino,R,180,ITA,28.381,150,347,VA08,,,Andrea Vavassori,R,193,ITA,24.731,288,140,6-3 6-3,3,R32,73,5,2,47,36,28,6,9,1,2,3,2,53,26,16,12,9,8,12,TennisMyLife,2020_challenger.csv,2020,2026-08-23T06:37:21.010456+00:00,351,99168b152ddf5352131a6e71f532feb9,NEW_MATCH,0,,lorenzo giustino,andrea vavassori,burnie,r32,hard
2020-5018,Burnie,Hard,48,C,,20200127,22,CI14,6,,Jay Clarke,R,183,GBR,21.503,155,335,K964,,,Brydan Klein,R,188,GBR,30.073,391,91,1-6 6-3 6-4,3,R32,130,7,1,74,35,28,22,13,2,5,5,3,106,71,46,16,13,12,15,TennisMyLife,2020_challenger.csv,2020,2026-08-23T06:37:21.010456+00:00,352,2dd2cc2848eb47895acaafde7f57bd98,NEW_MATCH,0,,jay clarke,brydan klein,burnie,r32,hard
2020-5018,Burnie,Hard,48,C,,20200127,23,MM66,7,,Nikola Milojevic,R,188,SRB,24.608,156,334,LC54,,,Benjamin Lock,R,198,ZIM,26.899,486,63,6-1 6-4,3,R32,70,3,3,47,30,27,8,9,3,4,0,0,52,33,16,9,8,1,5,TennisMyLife,2020_challenger.csv,2020,2026-08-23T06:37:21.010456+00:00,353,cb3e88879db3ff0039c55885cf2407eb,NEW_MATCH,0,,nikola milojevic,benjamin lock,burnie,r32,hard
2020-5018,Burnie,Hard,48,C,,20200127,24,CG33,8,,Kimmer Coppejans,R,178,BEL,25.969,158,328,BJ05,,,Harry Bourchier,R,185,AUS,24.008,281,144,5-7 6-3 6-4,3,R32,155,2,3,112,79,56,8,15,7,11,4,6,104,57,36,22,16,7,13,TennisMyLife,2020_challenger.csv,2020,2026-08-23T06:37:21.010456+00:00,354,6f6a03bb0705ec4f6ede8fd0448470b8,NEW_MATCH,0,,kimmer coppejans,harry bourchier,burnie,r32,hard
2020-5018,Burnie,Hard,48,C,,20200127,25,AE14,,,Daniel Altmaier,R,188,GER,21.374,262,172,HB29,9,,Andrew Harris,R,183,AUS,25.892,162,316,6-3 6-4,3,R32,73,5,0,56,40,31,11,10,2,2,1,2,65,44,28,12,9,3,5,TennisMyLife,2020_challenger.csv,2020,2026-08-23T06:37:21.010456+00:00,355,441f329a90a5efa1894a273125d0ea41,NEW_MATCH,0,,daniel altmaier,andrew harris,burnie,r32,hard
2020-5018,Burnie,Hard,48,C,,20200127,26,H997,10,,Yannick Hanfmann,R,193,GER,28.205,167,302,S0N0,,,Tristan Schoolkate,R,183,AUS,18.916,863,14,6-2 6-3,3,R32,71,6,0,45,29,20,13,8,2,2,0,3,68,46,27,7,9,11,15,TennisMyLife,2020_challenger.csv,2020,2026-08-23T06:37:21.010456+00:00,356,43529b720fbbecdc7adf17c8fa72132f,NEW_MATCH,0,,yannick hanfmann,tristan schoolkate,burnie,r32,hard
2020-5018,Burnie,Hard,48,C,,20200127,27,SK47,11,,Mohamed Safwat,R,180,EGY,29.355,173,291,GH92,,,Borna Gojo,R,196,CRO,21.914,264,164,3-6 7-5 6-3,3,R32,119,2,1,83,45,34,22,15,5,8,6,8,91,51,38,16,15,5,9,TennisMyLife,2020_challenger.csv,2020,2026-08-23T06:37:21.010456+00:00,357,80d95d660f7f51d618063331d7bdfdb0,NEW_MATCH,0,,mohamed safwat,borna gojo,burnie,r32,hard
2020-5018,Burnie,Hard,48,C,,20200127,28,L733,12,,Zhe Li,R,183,CHN,33.352,205,234,GE73,,,Jacob Grills,R,,AUS,24.611,444,71,6-1 6-0,3,R32,54,2,1,37,26,19,7,6,3,3,1,4,44,30,10,5,7,1,7,TennisMyLife,2020_challenger.csv,2020,2026-08-23T06:37:21.010456+00:00,358,4d156dd25370bc6d96685d84a25d1fa3,NEW_MATCH,0,,zhe li,jacob grills,burnie,r32,hard
2020-5018,Burnie,Hard,48,C,,20200127,29,W857,13,,Tung-Lin Wu,R,188,TPE,21.711,231,205,SP05,,,Evan Song,L,178,USA,27.639,510,54,6-0 6-3,3,R32,64,3,2,56,36,26,10,8,2,3,2,2,41,31,13,3,7,2,7,TennisMyLife,2020_challenger.csv,2020,2026-08-23T06:37:21.010456+00:00,359,a62f7853b9da53f69d63151aef5446af,NEW_MATCH,0,,tung lin wu,evan song,burnie,r32,hard
2020-5018,Burnie,Hard,48,C,,20200127,30,LE01,14,,Duckhee Lee,R,170,KOR,21.665,235,199,KB37,,,Evan King,L,185,USA,27.841,356,109,6-4 6-3,3,R32,84,2,1,54,35,24,13,10,0,1,0,1,53,39,22,7,9,2,5,TennisMyLife,2020_challenger.csv,2020,2026-08-23T06:37:21.010456+00:00,360,d3c5c3bf5e88e61bf2fdbe9b65721eed,NEW_MATCH,0,,duckhee lee,evan king,burnie,r32,hard
2020-5018,Burnie,Hard,48,C,,20200127,31,PM13,,,Michail Pervolarakis,R,193,GRE,23.641,466,66,BI23,15,,Liam Broady,L,183,GBR,26.062,236,198,6-0 3-6 7-6(1),3,R32,145,1,3,117,78,44,18,13,16,21,4,5,84,57,32,11,14,7,14,TennisMyLife,2020_challenger.csv,2020,2026-08-23T06:37:21.010456+00:00,361,327b244324ae046352265120123050f3,NEW_MATCH,0,,michail pervolarakis,liam broady,burnie,r32,hard
2020-5018,Burnie,Hard,48,C,,20200127,32,K834,,,Blaz Kavcic,R,188,SLO,32.898,308,129,LB51,16,,Julian Lenz,R,188,GER,26.94,238,196,6-4 6-4,3,R32,82,6,1,53,40,33,8,10,0,0,2,1,72,49,32,12,10,8,10,TennisMyLife,2020_challenger.csv,2020,2026-08-23T06:37:21.010456+00:00,362,57283f9b22460d98677401cd4d865760,NEW_MATCH,0,,blaz kavcic,julian lenz,burnie,r32,hard
2020-5018,Burnie,Hard,48,C,,20200127,33,DA81,1,,Taro Daniel,R,191,JPN,26.998,110,501,W857,13,,Tung-Lin Wu,R,188,TPE,21.711,231,205,6-4 6-4,3,R16,89,6,1,66,38,24,12,10,3,7,3,5,55,30,21,5,10,5,11,TennisMyLife,2020_challenger.csv,2020,2026-08-23T06:37:21.010456+00:00,363,96ac7e9a277b744462850a5485a6875b,NEW_MATCH,0,,taro daniel,tung lin wu,burnie,r16,hard
2020-5018,Burnie,Hard,48,C,,20200127,34,PM13,,,Michail Pervolarakis,R,193,GRE,23.641,466,66,MH16,2,,Yannick Maden,R,185,GER,30.248,125,429,6-1 6-0,3,R16,58,2,1,45,29,23,9,7,5,5,2,2,42,28,13,4,6,3,8,TennisMyLife,2020_challenger.csv,2020,2026-08-23T06:37:21.010456+00:00,364,bfff00e28aa603a571dab2867d98c0db,NEW_MATCH,0,,michail pervolarakis,yannick maden,burnie,r16,hard
2020-5018,Burnie,Hard,48,C,,20200127,35,BI81,4,,Alex Bolt,L,183,AUS,27.058,140,377,LE01,14,,Duckhee Lee,R,170,KOR,21.665,235,199,6-3 6-2,3,R16,62,4,1,55,38,26,11,9,5,6,0,3,46,24,14,11,8,4,8,TennisMyLife,2020_challenger.csv,2020,2026-08-23T06:37:21.010456+00:00,365,9f57d00131afca266550e08fa83a62c3,NEW_MATCH,0,,alex bolt,duckhee lee,burnie,r16,hard
2020-5018,Burnie,Hard,48,C,,20200127,36,L733,12,,Zhe Li,R,183,CHN,33.352,205,234,GA79,5,,Lorenzo Giustino,R,180,ITA,28.381,150,347,6-4 6-2,3,R16,95,0,1,60,42,29,8,9,8,10,4,5,62,31,19,10,9,5,10,TennisMyLife,2020_challenger.csv,2020,2026-08-23T06:37:21.010456+00:00,366,255bdcc13806c8f11ea88d4201fa0dd0,NEW_MATCH,0,,zhe li,lorenzo giustino,burnie,r16,hard
2020-5018,Burnie,Hard,48,C,,20200127,37,CI14,6,,Jay Clarke,R,183,GBR,21.503,155,335,AE14,,,Daniel Altmaier,R,188,GER,21.374,262,172,6-1 6-7(5) 6-4,3,R16,131,1,1,82,52,39,17,15,0,2,5,3,91,59,38,14,14,4,9,TennisMyLife,2020_challenger.csv,2020,2026-08-23T06:37:21.010456+00:00,367,e1a9ef3f7bcf6a356ac2ac7e0f2f8b0b,NEW_MATCH,0,,jay clarke,daniel altmaier,burnie,r16,hard
2020-5018,Burnie,Hard,48,C,,20200127,38,H997,10,,Yannick Hanfmann,R,193,GER,28.205,167,302,MM66,7,,Nikola Milojevic,R,188,SRB,24.608,156,334,6-4 6-4,3,R16,91,2,3,70,44,26,17,10,7,9,2,2,56,36,22,6,10,2,6,TennisMyLife,2020_challenger.csv,2020,2026-08-23T06:37:21.010456+00:00,368,2b4867c75fce39fa5106335a33f1e5c9,NEW_MATCH,0,,yannick hanfmann,nikola milojevic,burnie,r16,hard
2020-5018,Burnie,Hard,48,C,,20200127,39,SK47,11,,Mohamed Safwat,R,180,EGY,29.355,173,291,CG33,8,,Kimmer Coppejans,R,178,BEL,25.969,158,328,3-6 6-3 6-4,3,R16,121,6,7,102,55,38,22,14,8,11,7,3,77,52,37,11,14,4,8,TennisMyLife,2020_challenger.csv,2020,2026-08-23T06:37:21.010456+00:00,369,c3490e176aba92989378543a2be1600f,NEW_MATCH,0,,mohamed safwat,kimmer coppejans,burnie,r16,hard
2020-5018,Burnie,Hard,48,C,,20200127,40,KB95,,,Jason Kubler,R,178,AUS,26.691,260,172,K834,,,Blaz Kavcic,R,188,SLO,32.898,308,129,6-7(7) 6-4 6-4,3,R16,197,12,9,131,76,41,30,16,18,23,6,4,108,65,43,14,16,5,12,TennisMyLife,2020_challenger.csv,2020,2026-08-23T06:37:21.010456+00:00,370,6463dba85c17c65e35f2f85818bddf84,NEW_MATCH,0,,jason kubler,blaz kavcic,burnie,r16,hard
2020-5018,Burnie,Hard,48,C,,20200127,41,DA81,1,,Taro Daniel,R,191,JPN,26.998,110,501,SK47,11,,Mohamed Safwat,R,180,EGY,29.355,173,291,6-3 6-2,3,QF,82,5,2,61,42,33,11,9,4,4,6,4,64,40,24,11,8,4,7,TennisMyLife,2020_challenger.csv,2020,2026-08-23T06:37:21.010456+00:00,371,f69388dca3ea990df7312ea18ffbb56e,NEW_MATCH,0,,taro daniel,mohamed safwat,burnie,qf,hard
2020-5018,Burnie,Hard,48,C,,20200127,42,CI14,6,,Jay Clarke,R,183,GBR,21.503,155,335,BI81,4,,Alex Bolt,L,183,AUS,27.058,140,377,4-6 7-5 6-2,3,QF,111,4,2,85,43,33,28,15,6,8,10,5,91,62,44,9,15,5,9,TennisMyLife,2020_challenger.csv,2020,2026-08-23T06:37:21.010456+00:00,372,d7d4dbed7abc8824551bef494990bcc4,NEW_MATCH,0,,jay clarke,alex bolt,burnie,qf,hard
2020-5018,Burnie,Hard,48,C,,20200127,43,H997,10,,Yannick Hanfmann,R,193,GER,28.205,167,302,PM13,,,Michail Pervolarakis,R,193,GRE,23.641,466,66,6-4 6-1,3,QF,68,7,1,52,37,26,7,9,0,2,0,3,55,33,18,6,8,4,9,TennisMyLife,2020_challenger.csv,2020,2026-08-23T06:37:21.010456+00:00,373,7dcb8a7c3ff21e1268c134bae50dafe4,NEW_MATCH,0,,yannick hanfmann,michail pervolarakis,burnie,qf,hard
2020-5018,Burnie,Hard,48,C,,20200127,44,KB95,,,Jason Kubler,R,178,AUS,26.691,260,172,L733,12,,Zhe Li,R,183,CHN,33.352,205,234,7-6(6) 4-6 6-2,3,QF,138,14,0,92,68,54,13,15,6,7,6,3,98,63,47,19,15,4,6,TennisMyLife,2020_challenger.csv,2020,2026-08-23T06:37:21.010456+00:00,374,4957eeb71b90b4d7f3f670cf43ac9881,NEW_MATCH,0,,jason kubler,zhe li,burnie,qf,hard
2020-5018,Burnie,Hard,48,C,,20200127,45,DA81,1,,Taro Daniel,R,191,JPN,26.998,110,501,CI14,6,,Jay Clarke,R,183,GBR,21.503,155,335,6-3 6-1,3,SF,62,3,0,39,24,19,11,8,1,2,2,0,45,24,12,6,8,3,8,TennisMyLife,2020_challenger.csv,2020,2026-08-23T06:37:21.010456+00:00,375,8dfc833e4889972c57b78afee56a7a30,NEW_MATCH,0,,taro daniel,jay clarke,burnie,sf,hard
2020-5018,Burnie,Hard,48,C,,20200127,46,H997,10,,Yannick Hanfmann,R,193,GER,28.205,167,302,KB95,,,Jason Kubler,R,178,AUS,26.691,260,172,6-4 6-1,3,SF,77,5,1,45,32,27,7,8,2,2,1,0,71,49,26,9,9,5,9,TennisMyLife,2020_challenger.csv,2020,2026-08-23T06:37:21.010456+00:00,376,e250f7f04974efc2b23d7fbbb0783ac9,NEW_MATCH,0,,yannick hanfmann,jason kubler,burnie,sf,hard
2020-5018,Burnie,Hard,48,C,,20200127,47,DA81,1,,Taro Daniel,R,191,JPN,26.998,110,501,H997,10,,Yannick Hanfmann,R,193,GER,28.205,167,302,6-2 6-2,3,F,78,1,2,49,25,18,16,8,0,0,1,0,59,40,21,9,8,7,11,TennisMyLife,2020_challenger.csv,2020,2026-08-23T06:37:21.010456+00:00,377,a7542a369f064d638db37a10949d6071,NEW_MATCH,0,,taro daniel,yannick hanfmann,burnie,f,hard
2020-6239,Quimper,Hard,48,C,,20200127,1,A622,,,Andrea Arnaboldi,L,180,ITA,32.085,283,143,MV14,,,Alex Molcan,L,178,SVK,22.155,279,145,6-1 6-4,3,R64,79,3,1,57,37,29,9,9,3,4,4,4,63,39,22,9,8,10,14,TennisMyLife,2020_challenger.csv,2020,2026-08-23T06:37:21.010456+00:00,378,61550c7be4b8bebab8bae7d2fb84c877,NEW_MATCH,0,,andrea arnaboldi,alex molcan,quimper,r64,hard
2020-6239,Quimper,Hard,48,C,,20200127,2,CH05,,,Altug Celikbilek,R,183,TUR,23.387,322,121,K09F,,,Pavel Kotov,R,191,RUS,21.191,249,186,7-5 6-1,3,R64,60,5,0,59,34,27,14,10,0,1,5,1,52,31,18,10,9,0,4,TennisMyLife,2020_challenger.csv,2020,2026-08-23T06:37:21.010456+00:00,379,372ecbca514a874a129091a8937df6ff,NEW_MATCH,0,,altug celikbilek,pavel kotov,quimper,r64,hard
2020-6239,Quimper,Hard,48,C,,20200127,3,G681,,,Teymuraz Gabashvili,R,185,GEO,34.68,269,158,M0EJ,,,Lorenzo Musetti,R,185,ITA,17.903,363,107,6-3 7-6(6),3,R64,82,6,5,75,45,36,17,11,5,6,6,2,72,47,33,11,10,3,5,TennisMyLife,2020_challenger.csv,2020,2026-08-23T06:37:21.010456+00:00,380,d9620ebfde435568e993e007866dd499,NEW_MATCH,0,,teymuraz gabashvili,lorenzo musetti,quimper,r64,hard
2020-6239,Quimper,Hard,48,C,,20200127,4,GH33,,,Manuel Guinard,R,198,FRA,24.2,296,137,BE54,,,Ruben Bemelmans,L,183,BEL,32.036,259,172,7-6(6) 7-6(3),3,R64,122,10,7,87,47,30,21,12,1,5,4,2,89,61,39,12,12,7,11,TennisMyLife,2020_challenger.csv,2020,2026-08-23T06:37:21.010456+00:00,381,e22eb0db0234ce5e0d40e4d5caa51de8,NEW_MATCH,0,,manuel guinard,ruben bemelmans,quimper,r64,hard
2020-6239,Quimper,Hard,48,C,,20200127,5,I306,,,Cem Ilkel,R,185,TUR,24.435,265,161,DC76,,,Viktor Durasovic,R,185,NOR,22.858,343,114,4-6 6-4 6-4,3,R64,115,13,2,100,72,55,13,15,6,7,14,1,97,69,48,16,15,6,8,TennisMyLife,2020_challenger.csv,2020,2026-08-23T06:37:21.010456+00:00,382,d44626e3a09ec2cec903c29a56bfa090,NEW_MATCH,0,,cem ilkel,viktor durasovic,quimper,r64,hard
2020-6239,Quimper,Hard,48,C,,20200127,6,J0AZ,,,Kyrian Jacquet,R,175,FRA,18.713,624,35,BE67,,,Mirza Basic,R,188,BIH,28.545,291,138,7-6(4) 3-6 6-3,3,R64,112,11,3,94,58,41,21,15,4,8,11,0,99,68,45,14,15,3,7,TennisMyLife,2020_challenger.csv,2020,2026-08-23T06:37:21.010456+00:00,383,2f9012f5e35ae86bc0d9369929384bc9,NEW_MATCH,0,,kyrian jacquet,mirza basic,quimper,r64,hard
2020-6239,Quimper,Hard,48,C,,20200127,7,J397,,,Jerzy Janowicz,R,203,POL,29.205,850,20,FC26,,,Evan Furness,R,173,FRA,21.457,497,59,6-3 6-4,3,R64,84,8,3,62,47,37,8,10,2,2,4,6,83,49,30,17,9,11,13,TennisMyLife,2020_challenger.csv,2020,2026-08-23T06:37:21.010456+00:00,384,6ce5715fb76e54331008dbfab4ba3411,NEW_MATCH,0,,jerzy janowicz,evan furness,quimper,r64,hard
2020-6239,Quimper,Hard,48,C,,20200127,8,K839,,,Tobias Kamke,R,178,GER,33.687,247,188,R0EB,,,Valentin Royer,R,188,FRA,18.664,815,17,7-6(4) 6-2,3,R64,80,1,6,56,30,22,16,10,1,3,0,1,63,34,19,16,10,1,5,TennisMyLife,2020_challenger.csv,2020,2026-08-23T06:37:21.010456+00:00,385,c37198e983fac7842bc41fc3ba92e97a,NEW_MATCH,0,,tobias kamke,valentin royer,quimper,r64,hard
2020-6239,Quimper,Hard,48,C,,20200127,9,KI63,,,Lukas Klein,R,193,SVK,21.851,300,133,PH64,,,Andrea Pellegrino,R,185,ITA,22.847,338,115,7-6(5) 6-3,3,R64,89,9,1,56,39,31,14,10,0,0,4,3,100,58,39,18,11,8,10,TennisMyLife,2020_challenger.csv,2020,2026-08-23T06:37:21.010456+00:00,386,cf7f46454dc3beed730bd9804d79a998,NEW_MATCH,0,,lukas klein,andrea pellegrino,quimper,r64,hard
2020-6239,Quimper,Hard,48,C,,20200127,10,KI82,,,Vit Kopriva,R,178,CZE,22.617,353,110,KD70,,,Pedja Krstin,R,183,SRB,25.399,243,193,6-3 6-3,3,R64,75,6,1,56,32,25,16,9,3,3,4,0,56,36,27,4,9,0,3,TennisMyLife,2020_challenger.csv,2020,2026-08-23T06:37:21.010456+00:00,387,3b2f08aa2bb81d3c16ae0414a63c7949,NEW_MATCH,0,,vit kopriva,pedja krstin,quimper,r64,hard
2020-6239,Quimper,Hard,48,C,,20200127,11,M0FH,,,Tomas Machac,R,183,CZE,19.288,361,107,I236,,,Uladzimir Ignatik,R,183,BLR,29.539,337,116,7-6(10) 6-2,3,R64,104,5,2,67,42,31,15,10,5,7,12,1,92,59,36,17,10,8,12,TennisMyLife,2020_challenger.csv,2020,2026-08-23T06:37:21.010456+00:00,388,7b650fb073eba04ec478a6fec75b58d3,NEW_MATCH,0,,tomas machac,uladzimir ignatik,quimper,r64,hard
2020-6239,Quimper,Hard,48,C,,20200127,12,MN20,,,Daniel Masur,R,183,GER,25.224,253,181,MO55,,,Lucas Miedler,R,183,AUT,23.6,278,146,6-4 3-6 6-3,3,R64,112,9,4,92,58,43,16,14,7,9,9,3,96,62,41,17,14,1,4,TennisMyLife,2020_challenger.csv,2020,2026-08-23T06:37:21.010456+00:00,389,aa34c9d52941e9dbd7a776dc7943d64b,NEW_MATCH,0,,daniel masur,lucas miedler,quimper,r64,hard
2020-6239,Quimper,Hard,48,C,,20200127,13,RC91,,,Arthur Rinderknech,R,196,FRA,24.515,328,118,E768,,,Antoine Escoffier,R,185,FRA,27.91,370,101,7-6(4) 7-6(5),3,R64,103,18,1,79,54,43,16,12,5,6,5,4,82,54,41,14,12,2,3,TennisMyLife,2020_challenger.csv,2020,2026-08-23T06:37:21.010456+00:00,390,86f42f2a0910d3beb0aaa2b445372ded,NEW_MATCH,0,,arthur rinderknech,antoine escoffier,quimper,r64,hard
2020-6239,Quimper,Hard,48,C,,20200127,14,SP80,,,Nino Serdarusic,R,191,CRO,23.121,293,138,E688,,,Markus Eriksson,R,188,SWE,30.16,292,138,6-1 6-7(6) 6-4,3,R64,118,11,1,90,46,36,27,15,3,4,5,1,92,49,35,22,14,2,6,TennisMyLife,2020_challenger.csv,2020,2026-08-23T06:37:21.010456+00:00,391,07fe5d996b39cc8c862ebb7dffee6e1e,NEW_MATCH,0,,nino serdarusic,markus eriksson,quimper,r64,hard
2020-6239,Quimper,Hard,48,C,,20200127,15,V495,,,Luca Vanni,R,198,ITA,34.648,318,122,A09T,,,Dan Added,R,183,FRA,20.791,381,95,6-4 3-6 7-6(4),3,R64,131,18,5,100,58,46,20,15,8,10,14,3,120,69,51,25,16,10,12,TennisMyLife,2020_challenger.csv,2020,2026-08-23T06:37:21.010456+00:00,392,bdde1562c328662fd08f74499f4a8733,NEW_MATCH,0,,luca vanni,dan added,quimper,r64,hard
2020-6239,Quimper,Hard,48,C,,20200127,16,Z168,,,Mischa Zverev,L,191,GER,32.433,280,144,BV24,,,Raul Brancaccio,R,183,ITA,22.732,346,112,6-1 4-6 6-3,3,R64,105,5,2,87,61,47,8,13,9,11,1,7,84,44,28,18,13,5,10,TennisMyLife,2020_challenger.csv,2020,2026-08-23T06:37:21.010456+00:00,393,8f45f6a2ffdb408659cc97f7169070ab,NEW_MATCH,0,,mischa zverev,raul brancaccio,quimper,r64,hard
2020-6239,Quimper,Hard,48,C,,20200127,17,G476,1,,Guillermo Garcia-Lopez,R,185,ESP,36.649,160,319,K839,,,Tobias Kamke,R,178,GER,33.687,247,188,1-6 6-3 6-4,3,R32,132,15,3,96,58,34,18,13,10,15,1,5,86,51,34,15,13,5,10,TennisMyLife,2020_challenger.csv,2020,2026-08-23T06:37:21.010456+00:00,394,4f19259cb9f9036ccdce1506409d85f1,NEW_MATCH,0,,guillermo garcia lopez,tobias kamke,quimper,r32,hard
2020-6239,Quimper,Hard,48,C,,20200127,18,I306,,,Cem Ilkel,R,185,TUR,24.435,265,161,PE02,2,,Danilo Petrovic,R,203,SRB,28.008,166,306,7-6(6) 3-1 RET,3,R32,67,7,0,55,36,21,15,8,2,3,12,2,56,40,27,6,8,2,4,TennisMyLife,2020_challenger.csv,2020,2026-08-23T06:37:21.010456+00:00,395,0a92b7e27aa7558ffa6349a136ff89ea,NEW_MATCH,0,,cem ilkel,danilo petrovic,quimper,r32,hard
2020-6239,Quimper,Hard,48,C,,20200127,19,L797,3,,Lukas Lacko,R,188,SVK,32.233,178,280,A622,,,Andrea Arnaboldi,L,180,ITA,32.085,283,143,7-6(11) 4-6 6-3,3,R32,136,17,3,115,74,56,21,16,2,3,14,0,103,64,48,22,15,3,4,TennisMyLife,2020_challenger.csv,2020,2026-08-23T06:37:21.010456+00:00,396,95c36a3bd90f4d5c9fad3c8ff1396c2b,NEW_MATCH,0,,lukas lacko,andrea arnaboldi,quimper,r32,hard
2020-6239,Quimper,Hard,48,C,,20200127,20,CG94,4,,Enzo Couacaud,R,183,FRA,24.909,196,251,RC91,,,Arthur Rinderknech,R,196,FRA,24.515,328,118,4-6 5-2 RET,3,R32,72,7,3,60,31,25,15,9,2,3,8,2,52,37,26,8,8,3,4,TennisMyLife,2020_challenger.csv,2020,2026-08-23T06:37:21.010456+00:00,397,43aa17f70c817d3ab0fba8fcb14eac39,NEW_MATCH,0,,enzo couacaud,arthur rinderknech,quimper,r32,hard
2020-6239,Quimper,Hard,48,C,,20200127,21,J620,5,,Maxime Janvier,R,196,FRA,23.274,200,240,KI63,,,Lukas Klein,R,193,SVK,21.851,300,133,6-3 7-6(3),3,R32,84,5,4,76,48,34,14,11,2,5,3,4,69,41,27,11,10,8,12,TennisMyLife,2020_challenger.csv,2020,2026-08-23T06:37:21.010456+00:00,398,7ce40ea137491ca3b0a029381f28d485,NEW_MATCH,0,,maxime janvier,lukas klein,quimper,r32,hard
2020-6239,Quimper,Hard,48,C,,20200127,22,V717,6,,Alexey Vatutin,R,178,RUS,27.25,206,233,J0AZ,,,Kyrian Jacquet,R,175,FRA,18.713,624,35,6-7(6) 6-2 1-0 RET,3,R32,96,0,2,69,40,20,17,11,4,8,3,3,67,42,22,8,10,2,8,TennisMyLife,2020_challenger.csv,2020,2026-08-23T06:37:21.010456+00:00,399,b06b45ab99f37f7415125afe1b0a66c4,NEW_MATCH,0,,alexey vatutin,kyrian jacquet,quimper,r32,hard
2020-6239,Quimper,Hard,48,C,,20200127,23,Z419,7,,Bernabe Zapata Miralles,R,183,ESP,23.039,209,226,SP80,,,Nino Serdarusic,R,191,CRO,23.121,293,138,7-6(4) 6-3,3,R32,91,7,0,80,53,36,16,10,10,11,12,2,77,47,34,11,11,4,7,TennisMyLife,2020_challenger.csv,2020,2026-08-23T06:37:21.010456+00:00,400,55cf71756cbb0d2132a644d73fd04565,NEW_MATCH,0,,bernabe zapata miralles,nino serdarusic,quimper,r32,hard
2020-6239,Quimper,Hard,48,C,,20200127,24,Z168,,,Mischa Zverev,L,191,GER,32.433,280,144,MI01,8,,Hiroki Moriya,R,168,JPN,29.281,211,225,6-2 7-6(5),3,R32,89,7,1,66,52,38,9,10,4,4,5,2,61,36,24,16,10,0,2,TennisMyLife,2020_challenger.csv,2020,2026-08-23T06:37:21.010456+00:00,401,b4406408115a8d1a57653a275e96277d,NEW_MATCH,0,,mischa zverev,hiroki moriya,quimper,r32,hard
2020-6239,Quimper,Hard,48,C,,20200127,25,BC65,9,,Matthias Bachinger,R,188,GER,32.821,212,223,G681,,,Teymuraz Gabashvili,R,185,GEO,34.68,269,158,7-6(4) 5-7 6-4,3,R32,125,10,3,102,64,49,21,17,4,7,9,5,103,61,48,19,17,3,6,TennisMyLife,2020_challenger.csv,2020,2026-08-23T06:37:21.010456+00:00,402,c698d16f887d6b5e030292839e4e2b2f,NEW_MATCH,0,,matthias bachinger,teymuraz gabashvili,quimper,r32,hard
2020-6239,Quimper,Hard,48,C,,20200127,26,KI82,,,Vit Kopriva,R,178,CZE,22.617,353,110,LC11,10,,Tristan Lamasine,R,183,FRA,26.897,213,223,6-4 7-6(6),3,R32,113,5,2,97,60,43,13,11,6,9,1,1,66,38,23,16,11,2,6,TennisMyLife,2020_challenger.csv,2020,2026-08-23T06:37:21.010456+00:00,403,a708994c99a38386ca202d6301730057,NEW_MATCH,0,,vit kopriva,tristan lamasine,quimper,r32,hard
2020-6239,Quimper,Hard,48,C,,20200127,27,HB64,11,,Quentin Halys,R,191,FRA,23.253,214,222,J397,,,Jerzy Janowicz,R,203,POL,29.205,850,20,W/O,3,R32,,,,,,,,,,,,,,,,,,,,TennisMyLife,2020_challenger.csv,2020,2026-08-23T06:37:21.010456+00:00,404,cd7257d3dd67f9da8261508fe31f63da,NEW_MATCH,0,,quentin halys,jerzy janowicz,quimper,r32,hard
2020-6239,Quimper,Hard,48,C,,20200127,28,MN20,,,Daniel Masur,R,183,GER,25.224,253,181,MJ71,12,,Mats Moraing,L,198,GER,27.603,221,215,3-6 6-4 7-6(4),3,R32,102,9,1,91,66,52,14,16,1,3,26,3,87,57,46,18,15,4,5,TennisMyLife,2020_challenger.csv,2020,2026-08-23T06:37:21.010456+00:00,405,c18ec3a31aff72cbbe7636df858b0c51,NEW_MATCH,0,,daniel masur,mats moraing,quimper,r32,hard
2020-6239,Quimper,Hard,48,C,,20200127,29,LB66,13,,Constant Lestienne,R,180,FRA,27.68,224,213,CH05,,,Altug Celikbilek,R,183,TUR,23.387,322,121,6-4 6-4,3,R32,70,6,1,58,31,26,13,10,1,2,7,2,69,43,28,11,10,3,6,TennisMyLife,2020_challenger.csv,2020,2026-08-23T06:37:21.010456+00:00,406,9d12fc52459931367639d3af99cde70b,NEW_MATCH,0,,constant lestienne,altug celikbilek,quimper,r32,hard
2020-6239,Quimper,Hard,48,C,,20200127,30,KH56,14,,Zdenek Kolar,R,183,CZE,23.299,226,209,GH33,,,Manuel Guinard,R,198,FRA,24.2,296,137,7-5 2-6 6-0,3,R32,102,12,4,80,49,39,14,13,8,10,5,1,72,46,31,12,13,4,8,TennisMyLife,2020_challenger.csv,2020,2026-08-23T06:37:21.010456+00:00,407,aaba3fb2b631a3fa0927134cf73e8ed7,NEW_MATCH,0,,zdenek kolar,manuel guinard,quimper,r32,hard
2020-6239,Quimper,Hard,48,C,,20200127,31,O340,15,,Roberto Ortega-Olmedo,R,168,ESP,28.745,241,195,V495,,,Luca Vanni,R,198,ITA,34.648,318,122,7-6(4) 6-1,3,R32,83,3,0,63,40,30,8,9,5,7,5,2,69,37,24,12,10,5,10,TennisMyLife,2020_challenger.csv,2020,2026-08-23T06:37:21.010456+00:00,408,c410c9ae669fbf38301ea0ffadbf7d9f,NEW_MATCH,0,,roberto ortega olmedo,luca vanni,quimper,r32,hard
2020-6239,Quimper,Hard,48,C,,20200127,32,BK19,16,,Mathias Bourgue,R,188,FRA,26.023,242,193,M0FH,,,Tomas Machac,R,183,CZE,19.288,361,107,7-6(3) 6-4,3,R32,79,12,2,65,45,35,12,11,0,1,3,1,61,43,34,8,11,1,3,TennisMyLife,2020_challenger.csv,2020,2026-08-23T06:37:21.010456+00:00,409,84953ff65cafddc062c55c7fc616a3a1,NEW_MATCH,0,,mathias bourgue,tomas machac,quimper,r32,hard
2020-6239,Quimper,Hard,48,C,,20200127,33,KH56,14,,Zdenek Kolar,R,183,CZE,23.299,226,209,G476,1,,Guillermo Garcia-Lopez,R,185,ESP,36.649,160,319,6-4 6-3,3,R16,97,2,2,76,37,25,21,10,6,8,4,5,62,34,22,11,9,4,8,TennisMyLife,2020_challenger.csv,2020,2026-08-23T06:37:21.010456+00:00,410,39963bf3597e2636d0e99009ffc0c0b5,NEW_MATCH,0,,zdenek kolar,guillermo garcia lopez,quimper,r16,hard
2020-6239,Quimper,Hard,48,C,,20200127,34,L797,3,,Lukas Lacko,R,188,SVK,32.233,178,280,O340,15,,Roberto Ortega-Olmedo,R,168,ESP,28.745,241,195,6-2 6-2,3,R16,61,6,1,43,28,23,6,8,0,1,2,2,60,37,23,6,8,6,11,TennisMyLife,2020_challenger.csv,2020,2026-08-23T06:37:21.010456+00:00,411,d65fe16b5c53186181cd6850ef9b3610,NEW_MATCH,0,,lukas lacko,roberto ortega olmedo,quimper,r16,hard
2020-6239,Quimper,Hard,48,C,,20200127,35,BK19,16,,Mathias Bourgue,R,188,FRA,26.023,242,193,CG94,4,,Enzo Couacaud,R,183,FRA,24.909,196,251,6-1 4-6 6-4,3,R16,101,12,3,80,49,41,13,14,1,3,6,3,84,42,29,19,13,5,9,TennisMyLife,2020_challenger.csv,2020,2026-08-23T06:37:21.010456+00:00,412,6092758713a1d584bf3b7c20bcb05b0f,NEW_MATCH,0,,mathias bourgue,enzo couacaud,quimper,r16,hard
2020-6239,Quimper,Hard,48,C,,20200127,36,J620,5,,Maxime Janvier,R,196,FRA,23.274,200,240,MN20,,,Daniel Masur,R,183,GER,25.224,253,181,6-4 6-3,3,R16,69,8,4,70,45,30,16,10,8,9,3,3,52,33,20,10,9,3,6,TennisMyLife,2020_challenger.csv,2020,2026-08-23T06:37:21.010456+00:00,413,f3887ae270bb821db4413af00d57421b,NEW_MATCH,0,,maxime janvier,daniel masur,quimper,r16,hard
2020-6239,Quimper,Hard,48,C,,20200127,37,KI82,,,Vit Kopriva,R,178,CZE,22.617,353,110,V717,6,,Alexey Vatutin,R,178,RUS,27.25,206,233,7-6(2) 7-6(4),3,R16,111,10,2,94,50,38,25,12,6,7,3,2,75,44,34,19,12,2,3,TennisMyLife,2020_challenger.csv,2020,2026-08-23T06:37:21.010456+00:00,414,579132844eac29a66080a837ab987e50,NEW_MATCH,0,,vit kopriva,alexey vatutin,quimper,r16,hard
2020-6239,Quimper,Hard,48,C,,20200127,38,BC65,9,,Matthias Bachinger,R,188,GER,32.821,212,223,Z419,7,,Bernabe Zapata Miralles,R,183,ESP,23.039,209,226,6-4 7-5,3,R16,76,8,3,70,40,31,11,11,5,8,1,4,59,33,24,7,11,1,6,TennisMyLife,2020_challenger.csv,2020,2026-08-23T06:37:21.010456+00:00,415,361da9a8215756f0568eb772422cc0fa,NEW_MATCH,0,,matthias bachinger,bernabe zapata miralles,quimper,r16,hard
2020-6239,Quimper,Hard,48,C,,20200127,39,Z168,,,Mischa Zverev,L,191,GER,32.433,280,144,HB64,11,,Quentin Halys,R,191,FRA,23.253,214,222,6-4 6-0,3,R16,56,2,1,43,33,27,6,8,1,1,3,8,47,28,19,5,8,1,5,TennisMyLife,2020_challenger.csv,2020,2026-08-23T06:37:21.010456+00:00,416,0d2d2c1eb3171f1644d5220d6fdfd587,NEW_MATCH,0,,mischa zverev,quentin halys,quimper,r16,hard
2020-6239,Quimper,Hard,48,C,,20200127,40,I306,,,Cem Ilkel,R,185,TUR,24.435,265,161,LB66,13,,Constant Lestienne,R,180,FRA,27.68,224,213,4-6 7-5 6-3,3,R16,138,8,6,110,67,46,18,16,4,8,9,7,88,49,40,15,15,7,12,TennisMyLife,2020_challenger.csv,2020,2026-08-23T06:37:21.010456+00:00,417,526f7c8bcbfe553fd6262f53cda0fe23,NEW_MATCH,0,,cem ilkel,constant lestienne,quimper,r16,hard
2020-6239,Quimper,Hard,48,C,,20200127,41,L797,3,,Lukas Lacko,R,188,SVK,32.233,178,280,Z168,,,Mischa Zverev,L,191,GER,32.433,280,144,6-7(3) 6-2 6-4,3,QF,124,11,4,89,49,38,28,15,3,3,7,2,90,59,45,15,15,1,4,TennisMyLife,2020_challenger.csv,2020,2026-08-23T06:37:21.010456+00:00,418,5494fa5daa5fd5627b18ec872c40c797,NEW_MATCH,0,,lukas lacko,mischa zverev,quimper,qf,hard
2020-6239,Quimper,Hard,48,C,,20200127,42,J620,5,,Maxime Janvier,R,196,FRA,23.274,200,240,KH56,14,,Zdenek Kolar,R,183,CZE,23.299,226,209,6-4 1-6 6-3,3,QF,104,8,4,84,58,41,8,13,6,10,3,3,88,45,27,26,13,5,9,TennisMyLife,2020_challenger.csv,2020,2026-08-23T06:37:21.010456+00:00,419,da820af6848c5ed028b97ef4c6f58082,NEW_MATCH,0,,maxime janvier,zdenek kolar,quimper,qf,hard
2020-6239,Quimper,Hard,48,C,,20200127,43,BK19,16,,Mathias Bourgue,R,188,FRA,26.023,242,193,BC65,9,,Matthias Bachinger,R,188,GER,32.821,212,223,6-4 6-4,3,QF,71,14,1,56,40,32,7,10,1,2,7,1,66,44,31,9,10,5,8,TennisMyLife,2020_challenger.csv,2020,2026-08-23T06:37:21.010456+00:00,420,cc28b9deaaa665f81961ce940bbf90f7,NEW_MATCH,0,,mathias bourgue,matthias bachinger,quimper,qf,hard
2020-6239,Quimper,Hard,48,C,,20200127,44,I306,,,Cem Ilkel,R,185,TUR,24.435,265,161,KI82,,,Vit Kopriva,R,178,CZE,22.617,353,110,6-2 6-7(1) 6-1,3,QF,124,14,2,94,64,44,14,13,2,4,10,4,94,46,35,16,14,10,17,TennisMyLife,2020_challenger.csv,2020,2026-08-23T06:37:21.010456+00:00,421,c82c468730b45e4ca1646de91fc83aa3,NEW_MATCH,0,,cem ilkel,vit kopriva,quimper,qf,hard
2020-6239,Quimper,Hard,48,C,,20200127,45,I306,,,Cem Ilkel,R,185,TUR,24.435,265,161,L797,3,,Lukas Lacko,R,188,SVK,32.233,178,280,6-3 6-7(7) 7-6(5),3,SF,143,14,1,113,69,55,28,17,1,1,14,1,106,66,52,22,16,2,3,TennisMyLife,2020_challenger.csv,2020,2026-08-23T06:37:21.010456+00:00,422,a58f12b8ea78e9fa9d7ad54500491666,NEW_MATCH,0,,cem ilkel,lukas lacko,quimper,sf,hard
2020-6239,Quimper,Hard,48,C,,20200127,46,J620,5,,Maxime Janvier,R,196,FRA,23.274,200,240,BK19,16,,Mathias Bourgue,R,188,FRA,26.023,242,193,6-4 5-7 6-4,3,SF,134,2,4,117,73,51,23,16,9,11,14,6,101,67,53,13,16,10,13,TennisMyLife,2020_challenger.csv,2020,2026-08-23T06:37:21.010456+00:00,423,cbe87577338e40ce7ccdfd5a7d13594a,NEW_MATCH,0,,maxime janvier,mathias bourgue,quimper,sf,hard
2020-6239,Quimper,Hard,48,C,,20200127,47,I306,,,Cem Ilkel,R,185,TUR,24.435,265,161,J620,5,,Maxime Janvier,R,196,FRA,23.274,200,240,7-6(6) 7-5,3,F,101,12,4,91,55,41,19,12,10,11,4,3,71,38,29,16,12,3,5,TennisMyLife,2020_challenger.csv,2020,2026-08-23T06:37:21.010456+00:00,424,d0e846db7ceb640c6cdbbeea33644248,NEW_MATCH,0,,cem ilkel,maxime janvier,quimper,f,hard
2020-7203,Burnie,Hard,48,C,,20200127,1,AE14,,,Daniel Altmaier,R,188,GER,21.374,262,172,K964,,,Brydan Klein,R,188,GBR,30.073,391,91,7-5 7-6(3),3,R64,121,9,1,94,65,41,15,12,7,10,1,1,82,50,29,17,12,3,7,TennisMyLife,2020_challenger.csv,2020,2026-08-23T06:37:21.010456+00:00,425,434be761355dd95ba11618963e3d7f7c,NEW_MATCH,0,,daniel altmaier,brydan klein,burnie,r64,hard
2020-7203,Burnie,Hard,48,C,,20200127,2,BJ05,,,Harry Bourchier,R,185,AUS,24.008,281,144,PF65,,,Filip Peliwo,R,180,POL,25.99,287,141,7-6(4) 6-2,3,R64,82,5,2,57,37,31,11,10,0,1,1,3,80,47,26,18,10,5,8,TennisMyLife,2020_challenger.csv,2020,2026-08-23T06:37:21.010456+00:00,426,4e6ace057c02067f8505ee0aa80f1dd0,NEW_MATCH,0,,harry bourchier,filip peliwo,burnie,r64,hard
2020-7203,Burnie,Hard,48,C,,20200127,3,CO06,,,Liam Caruana,R,178,ITA,22.012,511,53,BU34,,,Jeremy Beale,L,193,AUS,25.314,1066,7,6-0 6-1,3,R64,60,1,0,60,40,28,12,7,10,10,0,1,46,39,15,3,6,4,9,TennisMyLife,2020_challenger.csv,2020,2026-08-23T06:37:21.010456+00:00,427,454a6d226dd00dde663155034061fe0a,NEW_MATCH,0,,liam caruana,jeremy beale,burnie,r64,hard
2020-7203,Burnie,Hard,48,C,,20200127,4,DB93,,,Matias Franco Descotte,R,191,ARG,25.413,372,99,I0A7,,,Nicholas David Ionel,R,,ROU,17.292,551,46,7-6(7) 6-2,3,R64,115,3,0,71,45,35,18,10,3,3,2,2,91,63,39,13,10,8,10,TennisMyLife,2020_challenger.csv,2020,2026-08-23T06:37:21.010456+00:00,428,9aa1067129ef5a05726e0c50b004839e,NEW_MATCH,0,,matias franco descotte,nicholas david ionel,burnie,r64,hard
2020-7203,Burnie,Hard,48,C,,20200127,5,GH92,,,Borna Gojo,R,196,CRO,21.914,264,164,SP05,,,Evan Song,L,178,USA,27.639,510,54,6-0 6-7(7) 7-5,3,R64,124,7,3,84,53,42,17,15,0,2,3,2,107,82,47,12,15,9,15,TennisMyLife,2020_challenger.csv,2020,2026-08-23T06:37:21.010456+00:00,429,4f6d3d70f9c1c630d2a94e4b8c12dbd7,NEW_MATCH,0,,borna gojo,evan song,burnie,r64,hard
2020-7203,Burnie,Hard,48,C,,20200127,6,GE73,,,Jacob Grills,R,,AUS,24.611,444,71,RH69,,,Matthew Romios,R,185,AUS,20.832,609,37,6-1 6-0,3,R64,44,2,0,27,22,21,3,6,0,0,0,1,44,28,10,5,7,4,10,TennisMyLife,2020_challenger.csv,2020,2026-08-23T06:37:21.010456+00:00,430,6e40652e2960f2a3a89475936bcff0a5,NEW_MATCH,0,,jacob grills,matthew romios,burnie,r64,hard
2020-7203,Burnie,Hard,48,C,,20200127,7,K834,,,Blaz Kavcic,R,188,SLO,32.898,308,129,N09U,,,Rio Noguchi,R,168,JPN,21.081,424,77,6-2 7-5,3,R64,97,5,2,66,37,26,16,10,3,5,2,0,58,36,19,11,10,2,7,TennisMyLife,2020_challenger.csv,2020,2026-08-23T06:37:21.010456+00:00,431,2d5db05ffb216f6fc9e995cc9d0f6345,NEW_MATCH,0,,blaz kavcic,rio noguchi,burnie,r64,hard
2020-7203,Burnie,Hard,48,C,,20200127,8,KA22,,,Dayne Kelly,R,,AUS,29.514,358,108,EA27,,,Blake Ellis,R,191,AUS,21.057,843,16,6-2 7-6(3),3,R64,86,3,0,63,45,32,13,10,3,4,2,3,68,36,25,14,10,3,6,TennisMyLife,2020_challenger.csv,2020,2026-08-23T06:37:21.010456+00:00,432,39b45bc8cb018f15617dbc65309d7191,NEW_MATCH,0,,dayne kelly,blake ellis,burnie,r64,hard
2020-7203,Burnie,Hard,48,C,,20200127,9,KB95,,,Jason Kubler,R,178,AUS,26.691,260,172,FA50,,,Thomas Fancutt,R,188,AUS,24.92,531,50,6-4 6-3,3,R64,64,3,3,44,31,28,9,9,0,0,7,6,62,33,23,15,10,6,9,TennisMyLife,2020_challenger.csv,2020,2026-08-23T06:37:21.010456+00:00,433,25b6e1658861d9c69fe07228ce445113,NEW_MATCH,0,,jason kubler,thomas fancutt,burnie,r64,hard
2020-7203,Burnie,Hard,48,C,,20200127,10,LC54,,,Benjamin Lock,R,198,ZIM,26.899,486,63,BH87,,,Maverick Banes,R,,AUS,27.797,342,114,6-2 7-6(8),3,R64,96,5,1,67,55,36,6,10,0,2,6,4,70,46,28,10,10,4,8,TennisMyLife,2020_challenger.csv,2020,2026-08-23T06:37:21.010456+00:00,434,1336f0e0719e2cbf1e1b92f3ad5196de,NEW_MATCH,0,,benjamin lock,maverick banes,burnie,r64,hard
2020-7203,Burnie,Hard,48,C,,20200127,11,MM79,,,Blake Mott,R,180,AUS,23.767,507,54,T0B4,,,Naoki Tajima,R,173,JPN,19.348,603,38,4-6 6-1 6-2,3,R64,101,6,2,70,51,40,12,13,3,4,4,6,82,46,28,18,12,9,13,TennisMyLife,2020_challenger.csv,2020,2026-08-23T06:37:21.010456+00:00,435,0c4e629449ef092762d8c31c94eeb2fe,NEW_MATCH,0,,blake mott,naoki tajima,burnie,r64,hard
2020-7203,Burnie,Hard,48,C,,20200127,12,PM13,,,Michail Pervolarakis,R,193,GRE,23.641,466,66,H808,,,Harri Heliovaara,R,188,FIN,30.648,606,37,6-3 6-3,3,R64,74,3,1,55,28,19,15,9,3,5,2,1,62,41,18,11,9,2,7,TennisMyLife,2020_challenger.csv,2020,2026-08-23T06:37:21.010456+00:00,436,8fbb6a6d8dcaec20e9932f7d1d9df56f,NEW_MATCH,0,,michail pervolarakis,harri heliovaara,burnie,r64,hard
2020-7203,Burnie,Hard,48,C,,20200127,13,PG03,,,Calum Puttergill,R,183,AUS,26.264,717,25,KB37,,,Evan King,L,185,USA,27.841,356,109,7-6(5) 6-3,3,R64,91,3,4,67,44,30,15,11,4,6,3,2,68,49,29,9,10,3,6,TennisMyLife,2020_challenger.csv,2020,2026-08-23T06:37:21.010456+00:00,437,630dda11860966633e6ba869949633f0,NEW_MATCH,0,,calum puttergill,evan king,burnie,r64,hard
2020-7203,Burnie,Hard,48,C,,20200127,14,SK51,,,Tobias Simon,R,198,GER,28.695,452,69,C0A0,,,Alexander Crnokrak,R,191,AUS,20.008,656,31,6-4 7-6(5),3,R64,92,11,3,73,42,33,16,11,4,5,7,5,71,38,28,19,11,5,7,TennisMyLife,2020_challenger.csv,2020,2026-08-23T06:37:21.010456+00:00,438,77f73f782e23f109cab744ca08bf7518,NEW_MATCH,0,,tobias simon,alexander crnokrak,burnie,r64,hard
2020-7203,Burnie,Hard,48,C,,20200127,15,S0IA,,,Dane Sweeny,R,170,AUS,18.954,895,13,VA08,,,Andrea Vavassori,R,193,ITA,24.731,288,140,7-6(6) 2-6 6-3,3,R64,115,6,3,101,72,40,13,15,5,11,9,5,93,65,41,13,14,1,6,TennisMyLife,2020_challenger.csv,2020,2026-08-23T06:37:21.010456+00:00,439,159c52ffd3d29d2084b9e40b797edf52,NEW_MATCH,0,,dane sweeny,andrea vavassori,burnie,r64,hard
2020-7203,Burnie,Hard,48,C,,20200127,16,TG46,,,Ryota Tanuma,R,180,JPN,24.348,612,37,S0N0,,,Tristan Schoolkate,R,183,AUS,18.916,863,14,6-2 6-3,3,R64,72,2,1,44,30,20,8,8,0,2,6,6,73,38,24,10,9,9,15,TennisMyLife,2020_challenger.csv,2020,2026-08-23T06:37:21.010456+00:00,440,13afc2344f7b76e4787fa8bf282f5147,NEW_MATCH,0,,ryota tanuma,tristan schoolkate,burnie,r64,hard
2020-7203,Burnie,Hard,48,C,,20200127,17,MM79,,,Blake Mott,R,180,AUS,23.767,507,54,PG94,1,,Marc Polmans,R,188,AUS,22.738,133,411,6-3 6-4,3,R32,75,5,2,53,36,32,10,10,0,0,5,2,54,39,28,6,9,2,4,TennisMyLife,2020_challenger.csv,2020,2026-08-23T06:37:21.010456+00:00,441,b1952269d7db3b99fa1b785dde9cb0d4,NEW_MATCH,0,,blake mott,marc polmans,burnie,r32,hard
2020-7203,Burnie,Hard,48,C,,20200127,18,BI81,2,,Alex Bolt,L,183,AUS,27.058,140,377,KA22,,,Dayne Kelly,R,,AUS,29.514,358,108,7-6(8) 6-4,3,R32,90,8,3,64,43,36,15,11,0,0,6,4,76,54,41,10,11,6,7,TennisMyLife,2020_challenger.csv,2020,2026-08-23T06:37:21.010456+00:00,442,ac2c801abd5ff08532f53d3cc73a477a,NEW_MATCH,0,,alex bolt,dayne kelly,burnie,r32,hard
2020-7203,Burnie,Hard,48,C,,20200127,19,DB93,,,Matias Franco Descotte,R,191,ARG,25.413,372,99,I230,3,,Tatsuma Ito,R,180,JPN,31.693,146,362,7-6(3) 6-4,3,R32,108,1,2,83,63,43,10,11,6,7,3,3,64,37,28,13,11,1,3,TennisMyLife,2020_challenger.csv,2020,2026-08-23T06:37:21.010456+00:00,443,a016ab9d7c34670b5440afdbbe47fd9e,NEW_MATCH,0,,matias franco descotte,tatsuma ito,burnie,r32,hard
2020-7203,Burnie,Hard,48,C,,20200127,20,GA79,4,,Lorenzo Giustino,R,180,ITA,28.381,150,347,K834,,,Blaz Kavcic,R,188,SLO,32.898,308,129,0-6 7-5 7-6(7),3,R32,173,6,2,100,54,35,18,15,2,8,7,0,111,76,47,18,15,3,7,TennisMyLife,2020_challenger.csv,2020,2026-08-23T06:37:21.010456+00:00,444,d68521b082fb33a80078feb16888f5df,NEW_MATCH,0,,lorenzo giustino,blaz kavcic,burnie,r32,hard
2020-7203,Burnie,Hard,48,C,,20200127,21,PM13,,,Michail Pervolarakis,R,193,GRE,23.641,466,66,CI14,5,,Jay Clarke,R,183,GBR,21.503,155,335,6-4 4-6 6-4,3,R32,124,4,2,95,59,43,18,15,5,7,5,3,92,57,38,18,15,6,9,TennisMyLife,2020_challenger.csv,2020,2026-08-23T06:37:21.010456+00:00,445,0c3d311043909c4e9724781e080c7f20,NEW_MATCH,0,,michail pervolarakis,jay clarke,burnie,r32,hard
2020-7203,Burnie,Hard,48,C,,20200127,22,CG33,6,,Kimmer Coppejans,R,178,BEL,25.969,158,328,SK51,,,Tobias Simon,R,198,GER,28.695,452,69,6-4 6-7(4) 6-3,3,R32,129,6,2,99,67,52,23,16,1,1,24,6,96,57,47,19,15,7,9,TennisMyLife,2020_challenger.csv,2020,2026-08-23T06:37:21.010456+00:00,446,c3c2d8f3dd2902038e286a3ea89813e8,NEW_MATCH,0,,kimmer coppejans,tobias simon,burnie,r32,hard
2020-7203,Burnie,Hard,48,C,,20200127,23,CO06,,,Liam Caruana,R,178,ITA,22.012,511,53,H997,8,,Yannick Hanfmann,R,193,GER,28.205,167,302,6-1 6-2,3,R32,52,3,1,41,27,24,8,8,0,0,5,0,48,33,16,7,7,3,7,TennisMyLife,2020_challenger.csv,2020,2026-08-23T06:37:21.010456+00:00,447,9965863b33b74c130627497a2eea3a0d,NEW_MATCH,0,,liam caruana,yannick hanfmann,burnie,r32,hard
2020-7203,Burnie,Hard,48,C,,20200127,24,SK47,9,,Mohamed Safwat,R,180,EGY,29.355,173,291,KB95,,,Jason Kubler,R,178,AUS,26.691,260,172,7-6(1) 6-0,3,R32,97,6,0,65,34,32,14,9,5,5,2,1,59,36,21,10,9,4,7,TennisMyLife,2020_challenger.csv,2020,2026-08-23T06:37:21.010456+00:00,448,d64c3800235a7062764413880f37b3d1,NEW_MATCH,0,,mohamed safwat,jason kubler,burnie,r32,hard
2020-7203,Burnie,Hard,48,C,,20200127,25,BJ05,,,Harry Bourchier,R,185,AUS,24.008,281,144,PH71,10,,Max Purcell,R,185,AUS,21.818,215,221,7-5 6-3,3,R32,86,8,0,74,41,29,21,11,8,9,3,0,54,40,26,8,10,0,3,TennisMyLife,2020_challenger.csv,2020,2026-08-23T06:37:21.010456+00:00,449,b1cdd06b7bf90f0b1948f3e09a501db9,NEW_MATCH,0,,harry bourchier,max purcell,burnie,r32,hard
2020-7203,Burnie,Hard,48,C,,20200127,26,W857,11,,Tung-Lin Wu,R,188,TPE,21.711,231,205,GE73,,,Jacob Grills,R,,AUS,24.611,444,71,4-6 6-4 7-6(4),3,R32,129,13,2,101,74,52,9,16,4,9,6,4,93,58,39,17,16,4,9,TennisMyLife,2020_challenger.csv,2020,2026-08-23T06:37:21.010456+00:00,450,029768f71f017446ccca9514ddcceb5e,NEW_MATCH,0,,tung lin wu,jacob grills,burnie,r32,hard
2020-7203,Burnie,Hard,48,C,,20200127,27,LE01,12,,Duckhee Lee,R,170,KOR,21.665,235,199,PG03,,,Calum Puttergill,R,183,AUS,26.264,717,25,6-4 6-1,3,R32,93,1,3,61,39,19,13,9,5,9,1,3,56,30,8,13,8,6,13,TennisMyLife,2020_challenger.csv,2020,2026-08-23T06:37:21.010456+00:00,451,05cb70b5cf50820cad29151e1d3b1997,NEW_MATCH,0,,duckhee lee,calum puttergill,burnie,r32,hard
2020-7203,Burnie,Hard,48,C,,20200127,28,BI23,13,,Liam Broady,L,183,GBR,26.062,236,198,TG46,,,Ryota Tanuma,R,180,JPN,24.348,612,37,6-3 6-2,3,R32,63,3,2,50,35,28,11,9,2,2,1,2,58,42,25,7,8,3,6,TennisMyLife,2020_challenger.csv,2020,2026-08-23T06:37:21.010456+00:00,452,50213b5ece18d39ece6e9eac0bad52ce,NEW_MATCH,0,,liam broady,ryota tanuma,burnie,r32,hard
2020-7203,Burnie,Hard,48,C,,20200127,29,LC54,,,Benjamin Lock,R,198,ZIM,26.899,486,63,LB51,14,,Julian Lenz,R,188,GER,26.94,238,196,6-2 5-7 7-6(3),3,R32,147,9,3,110,86,58,11,16,7,10,7,2,108,77,49,16,16,9,13,TennisMyLife,2020_challenger.csv,2020,2026-08-23T06:37:21.010456+00:00,453,24cdb01b7b1efbb8c05367a68ec9e5e8,NEW_MATCH,0,,benjamin lock,julian lenz,burnie,r32,hard
2020-7203,Burnie,Hard,48,C,,20200127,30,AE14,,,Daniel Altmaier,R,188,GER,21.374,262,172,GB61,15,,Viktor Galovic,R,193,CRO,29.355,248,187,6-4 6-3,3,R32,77,5,0,57,39,30,9,9,2,2,6,2,67,41,27,13,10,5,8,TennisMyLife,2020_challenger.csv,2020,2026-08-23T06:37:21.010456+00:00,454,6b68d704bbccef2a84ed1ceeeb136cfe,NEW_MATCH,0,,daniel altmaier,viktor galovic,burnie,r32,hard
2020-7203,Burnie,Hard,48,C,,20200127,31,S0IA,,,Dane Sweeny,R,170,AUS,18.954,895,13,SQ80,16,,Akira Santillan,R,180,AUS,22.683,251,182,6-2 3-6 6-4,3,R32,93,2,2,71,45,28,16,13,1,5,4,3,80,55,33,11,14,1,7,TennisMyLife,2020_challenger.csv,2020,2026-08-23T06:37:21.010456+00:00,455,6eb08e61002316781b1a2addce9260d9,NEW_MATCH,0,,dane sweeny,akira santillan,burnie,r32,hard
2020-7203,Burnie,Hard,48,C,,20200127,32,GH92,,,Borna Gojo,R,196,CRO,21.914,264,164,D916,,,Steven Diez,R,175,CAN,28.865,134,411,7-5 6-2,3,R32,95,8,0,73,48,34,13,10,6,7,2,2,72,47,32,7,10,5,9,TennisMyLife,2020_challenger.csv,2020,2026-08-23T06:37:21.010456+00:00,456,6daef68fea86f5c1b1703e6bb0037d87,NEW_MATCH,0,,borna gojo,steven diez,burnie,r32,hard
2020-7203,Burnie,Hard,48,C,,20200127,33,BI81,2,,Alex Bolt,L,183,AUS,27.058,140,377,LC54,,,Benjamin Lock,R,198,ZIM,26.899,486,63,6-1 6-1,3,R16,57,4,0,45,30,24,8,7,3,3,5,2,42,29,15,3,7,0,5,TennisMyLife,2020_challenger.csv,2020,2026-08-23T06:37:21.010456+00:00,457,b79082e75d676a321b64f23bd47673a2,NEW_MATCH,0,,alex bolt,benjamin lock,burnie,r16,hard
2020-7203,Burnie,Hard,48,C,,20200127,34,GA79,4,,Lorenzo Giustino,R,180,ITA,28.381,150,347,S0IA,,,Dane Sweeny,R,170,AUS,18.954,895,13,6-2 6-3,3,R16,67,6,1,54,34,25,10,9,1,2,0,3,46,31,15,7,8,2,6,TennisMyLife,2020_challenger.csv,2020,2026-08-23T06:37:21.010456+00:00,458,b02ba26446c8bc69d643e33eabf32efb,NEW_MATCH,0,,lorenzo giustino,dane sweeny,burnie,r16,hard
2020-7203,Burnie,Hard,48,C,,20200127,35,CG33,6,,Kimmer Coppejans,R,178,BEL,25.969,158,328,BJ05,,,Harry Bourchier,R,185,AUS,24.008,281,144,6-2 7-5,3,R16,81,4,0,51,38,31,8,10,4,5,5,3,78,48,30,11,10,8,12,TennisMyLife,2020_challenger.csv,2020,2026-08-23T06:37:21.010456+00:00,459,8ab16305737bcd310f1262dffe3ef9d0,NEW_MATCH,0,,kimmer coppejans,harry bourchier,burnie,r16,hard
2020-7203,Burnie,Hard,48,C,,20200127,36,SK47,9,,Mohamed Safwat,R,180,EGY,29.355,173,291,PM13,,,Michail Pervolarakis,R,193,GRE,23.641,466,66,6-4 6-4,3,R16,91,4,1,65,41,33,13,10,2,2,5,1,66,44,30,11,10,4,6,TennisMyLife,2020_challenger.csv,2020,2026-08-23T06:37:21.010456+00:00,460,8c650f37a22fb11a2ce35ff4c539e42a,NEW_MATCH,0,,mohamed safwat,michail pervolarakis,burnie,r16,hard
2020-7203,Burnie,Hard,48,C,,20200127,37,CO06,,,Liam Caruana,R,178,ITA,22.012,511,53,W857,11,,Tung-Lin Wu,R,188,TPE,21.711,231,205,5-7 6-4 6-4,3,R16,138,7,3,101,59,41,18,16,5,9,10,1,98,64,43,17,16,5,10,TennisMyLife,2020_challenger.csv,2020,2026-08-23T06:37:21.010456+00:00,461,fe0294194928b6055d162a7f5a558708,NEW_MATCH,0,,liam caruana,tung lin wu,burnie,r16,hard
2020-7203,Burnie,Hard,48,C,,20200127,38,GH92,,,Borna Gojo,R,196,CRO,21.914,264,164,LE01,12,,Duckhee Lee,R,170,KOR,21.665,235,199,6-7(4) 6-2 7-5,3,R16,160,16,2,112,81,59,16,16,11,13,2,6,109,69,45,20,16,5,10,TennisMyLife,2020_challenger.csv,2020,2026-08-23T06:37:21.010456+00:00,462,1f02a96899e4efb2c1ac78b7462e8ec5,NEW_MATCH,0,,borna gojo,duckhee lee,burnie,r16,hard
2020-7203,Burnie,Hard,48,C,,20200127,39,BI23,13,,Liam Broady,L,183,GBR,26.062,236,198,MM79,,,Blake Mott,R,180,AUS,23.767,507,54,6-3 7-6(4),3,R16,99,3,1,65,46,36,13,10,3,3,3,0,76,54,38,12,11,5,7,TennisMyLife,2020_challenger.csv,2020,2026-08-23T06:37:21.010456+00:00,463,bafb3a6b49ddb04406138701595855db,NEW_MATCH,0,,liam broady,blake mott,burnie,r16,hard
2020-7203,Burnie,Hard,48,C,,20200127,40,AE14,,,Daniel Altmaier,R,188,GER,21.374,262,172,DB93,,,Matias Franco Descotte,R,191,ARG,25.413,372,99,7-5 6-1,3,R16,84,5,0,56,38,27,15,10,1,1,1,3,59,38,27,6,9,6,9,TennisMyLife,2020_challenger.csv,2020,2026-08-23T06:37:21.010456+00:00,464,a367e3dcc21d7200d969173c385be87b,NEW_MATCH,0,,daniel altmaier,matias franco descotte,burnie,r16,hard
2020-7203,Burnie,Hard,48,C,,20200127,41,BI81,2,,Alex Bolt,L,183,AUS,27.058,140,377,CO06,,,Liam Caruana,R,178,ITA,22.012,511,53,7-6(0) 6-3,3,QF,79,8,2,66,37,32,18,11,3,3,2,1,66,41,29,12,10,0,1,TennisMyLife,2020_challenger.csv,2020,2026-08-23T06:37:21.010456+00:00,465,247b91a9abfc8b8173c36011d1afe04c,NEW_MATCH,0,,alex bolt,liam caruana,burnie,qf,hard
2020-7203,Burnie,Hard,48,C,,20200127,42,CG33,6,,Kimmer Coppejans,R,178,BEL,25.969,158,328,GA79,4,,Lorenzo Giustino,R,180,ITA,28.381,150,347,7-6(10) 5-7 6-4,3,QF,164,11,2,109,71,51,23,17,2,6,15,3,110,61,49,21,17,6,10,TennisMyLife,2020_challenger.csv,2020,2026-08-23T06:37:21.010456+00:00,466,0829d3eb65dc176c0dbe89c5b76c169d,NEW_MATCH,0,,kimmer coppejans,lorenzo giustino,burnie,qf,hard
2020-7203,Burnie,Hard,48,C,,20200127,43,SK47,9,,Mohamed Safwat,R,180,EGY,29.355,173,291,BI23,13,,Liam Broady,L,183,GBR,26.062,236,198,7-6(7) 6-3,3,QF,111,2,1,88,53,40,14,11,8,10,3,1,70,51,37,5,10,2,5,TennisMyLife,2020_challenger.csv,2020,2026-08-23T06:37:21.010456+00:00,467,19de6ec71624474d4926fcc5dd8138ae,NEW_MATCH,0,,mohamed safwat,liam broady,burnie,qf,hard
2020-7203,Burnie,Hard,48,C,,20200127,44,AE14,,,Daniel Altmaier,R,188,GER,21.374,262,172,GH92,,,Borna Gojo,R,196,CRO,21.914,264,164,7-5 6-4,3,QF,92,5,1,69,45,36,13,11,2,3,9,2,62,32,25,13,11,5,8,TennisMyLife,2020_challenger.csv,2020,2026-08-23T06:37:21.010456+00:00,468,7e44cfbc5820c06d3c029b0aabacada7,NEW_MATCH,0,,daniel altmaier,borna gojo,burnie,qf,hard
2020-7203,Burnie,Hard,48,C,,20200127,45,BI81,2,,Alex Bolt,L,183,AUS,27.058,140,377,AE14,,,Daniel Altmaier,R,188,GER,21.374,262,172,6-1 6-4,3,SF,60,2,2,52,36,28,10,9,3,3,4,2,54,36,22,8,8,2,5,TennisMyLife,2020_challenger.csv,2020,2026-08-23T06:37:21.010456+00:00,469,2c50f4b156593aa7c6119db039246a35,NEW_MATCH,0,,alex bolt,daniel altmaier,burnie,sf,hard
2020-7203,Burnie,Hard,48,C,,20200127,46,SK47,9,,Mohamed Safwat,R,180,EGY,29.355,173,291,CG33,6,,Kimmer Coppejans,R,178,BEL,25.969,158,328,4-6 6-4 6-3,3,SF,123,6,4,97,60,41,19,15,4,7,5,1,87,60,37,15,14,5,9,TennisMyLife,2020_challenger.csv,2020,2026-08-23T06:37:21.010456+00:00,470,9629707cff263643015bdeef4c44fed3,NEW_MATCH,0,,mohamed safwat,kimmer coppejans,burnie,sf,hard
2020-7203,Burnie,Hard,48,C,,20200127,47,SK47,9,,Mohamed Safwat,R,180,EGY,29.355,173,291,BI81,2,,Alex Bolt,L,183,AUS,27.058,140,377,7-6(5) 6-1,3,F,72,8,1,67,45,35,14,10,3,3,7,3,62,47,35,3,9,3,5,TennisMyLife,2020_challenger.csv,2020,2026-08-23T06:37:21.010456+00:00,471,86dea7fce620114d008f3262036bdfab,NEW_MATCH,0,,mohamed safwat,alex bolt,burnie,f,hard
2020-7845,Newport Beach,Hard,48,C,,20200127,1,AB71,,,JC Aragone,R,178,USA,24.583,261,172,U120,,,Kaichi Uchida,R,180,JPN,25.429,284,143,6-1 6-3,3,R64,85,0,4,80,53,34,13,8,13,14,3,2,62,31,16,13,8,7,12,TennisMyLife,2020_challenger.csv,2020,2026-08-23T06:37:21.010456+00:00,472,b2f8a66027091086981466ef8d6ae72f,NEW_MATCH,0,,jc aragone,kaichi uchida,newport beach,r64,hard
2020-7845,Newport Beach,Hard,48,C,,20200127,2,BH02,,,Sekou Bangoura,R,183,USA,28.192,306,131,PG20,,,Dmitry Popko,R,191,KAZ,23.258,183,273,7-6(3) 4-6 6-4,3,R64,152,8,5,92,48,41,22,16,2,4,5,5,107,56,40,30,16,5,7,TennisMyLife,2020_challenger.csv,2020,2026-08-23T06:37:21.010456+00:00,473,bd3788a264904b5f8ef8f3cb2b67624d,NEW_MATCH,0,,sekou bangoura,dmitry popko,newport beach,r64,hard
2020-7845,Newport Beach,Hard,48,C,,20200127,3,C0BC,,,Maxime Cressy,R,201,USA,22.721,188,263,O482,,,Gonzalo Oliveira,L,185,VEN,24.942,272,155,6-1 6-4,3,R64,64,10,4,51,38,30,6,9,5,6,0,2,58,31,18,11,8,2,6,TennisMyLife,2020_challenger.csv,2020,2026-08-23T06:37:21.010456+00:00,474,fc2b3a9a3f7b4312e5b26b863c337b92,NEW_MATCH,0,,maxime cressy,gonzalo oliveira,newport beach,r64,hard
2020-7845,Newport Beach,Hard,48,C,,20200127,4,E873,,,Ernesto Escobedo,R,185,MEX,23.565,223,213,BD20,,,Thomaz Bellucci,L,188,BRA,32.077,314,125,6-1 7-5,3,R64,77,6,1,67,45,38,9,10,4,4,4,2,48,25,17,13,9,1,4,TennisMyLife,2020_challenger.csv,2020,2026-08-23T06:37:21.010456+00:00,475,4fb4ff12d1092704c70d192d1e395530,NEW_MATCH,0,,ernesto escobedo,thomaz bellucci,newport beach,r64,hard
2020-7845,Newport Beach,Hard,48,C,,20200127,5,E865,,,Christopher Eubanks,R,201,USA,23.729,220,215,SL07,,,Alexander Sarkissian,R,191,USA,29.818,449,69,6-4 7-5,3,R64,78,11,2,62,45,36,10,11,4,4,6,0,67,39,26,18,11,7,9,TennisMyLife,2020_challenger.csv,2020,2026-08-23T06:37:21.010456+00:00,476,c63069214c35d6a8ca29756ed9a805a6,NEW_MATCH,0,,christopher eubanks,alexander sarkissian,newport beach,r64,hard
2020-7845,Newport Beach,Hard,48,C,,20200127,6,GE33,,,Daniel Elahi Galan,R,191,COL,23.608,185,269,W503,,,James Ward,R,188,GBR,32.964,312,126,6-4 3-6 6-2,3,R64,99,14,1,73,49,37,14,13,3,5,8,4,101,68,47,12,14,12,16,TennisMyLife,2020_challenger.csv,2020,2026-08-23T06:37:21.010456+00:00,477,fc49f35ad830087a04b103027a9abd0a,NEW_MATCH,0,,daniel elahi galan,james ward,newport beach,r64,hard
2020-7845,Newport Beach,Hard,48,C,,20200127,7,K0AH,,,Sebastian Korda,R,196,USA,19.562,245,189,E780,,,Sandro Ehrat,R,180,SUI,28.778,331,117,6-3 4-6 6-2,3,R64,115,3,2,94,66,44,18,13,7,8,5,4,80,36,27,24,14,3,7,TennisMyLife,2020_challenger.csv,2020,2026-08-23T06:37:21.010456+00:00,478,0544fa002beb15086e24b58845a6226a,NEW_MATCH,0,,sebastian korda,sandro ehrat,newport beach,r64,hard
2020-7845,Newport Beach,Hard,48,C,,20200127,8,KD35,,,Thai-Son Kwiatkowski,R,188,USA,24.953,270,156,AC84,,,Collin Altamirano,R,188,USA,24.14,335,116,6-1 6-3,3,R64,67,5,1,41,26,23,9,8,0,0,5,4,67,42,23,11,8,13,17,TennisMyLife,2020_challenger.csv,2020,2026-08-23T06:37:21.010456+00:00,479,a18f63328e22afe1379a31c77bfc3db8,NEW_MATCH,0,,thai son kwiatkowski,collin altamirano,newport beach,r64,hard
2020-7845,Newport Beach,Hard,48,C,,20200127,9,Q941,,,Roberto Quiroz,L,193,ECU,27.926,257,177,E661,,,Gonzalo Escobar,L,178,ECU,31.017,309,128,5-1 RET,3,R64,28,1,1,30,20,13,5,3,4,4,0,1,20,14,7,2,3,1,3,TennisMyLife,2020_challenger.csv,2020,2026-08-23T06:37:21.010456+00:00,480,8c8b8d6256f6e50d2864ef74770e0dd2,NEW_MATCH,0,,roberto quiroz,gonzalo escobar,newport beach,r64,hard
2020-7845,Newport Beach,Hard,48,C,,20200127,10,RC62,,,Michael Redlicki,L,203,USA,26.196,376,98,H940,,,Ryan Harrison,R,185,USA,27.723,303,131,7-5 6-2,3,R64,74,3,1,46,31,27,13,10,0,0,2,4,64,37,28,11,10,4,7,TennisMyLife,2020_challenger.csv,2020,2026-08-23T06:37:21.010456+00:00,481,8836fb2ca80c2a32a32888d0b93cb62b,NEW_MATCH,0,,michael redlicki,ryan harrison,newport beach,r64,hard
2020-7845,Newport Beach,Hard,48,C,,20200127,11,SL09,,,Raymond Sarmiento,R,178,USA,27.51,539,48,KB14,,,Kevin King,L,191,USA,28.912,311,127,6-4 7-5,3,R64,81,4,2,68,43,31,14,11,6,8,6,2,72,49,33,7,11,7,11,TennisMyLife,2020_challenger.csv,2020,2026-08-23T06:37:21.010456+00:00,482,63b73622eba74bc2f3fca23b09f66ca4,NEW_MATCH,0,,raymond sarmiento,kevin king,newport beach,r64,hard
2020-7845,Newport Beach,Hard,48,C,,20200127,12,TE30,,,Alejandro Tabilo,L,188,CHI,22.653,207,233,CF88,,,Roberto Cid Subervi,R,193,DOM,26.409,217,219,7-6(7) 6-2,3,R64,127,4,3,73,42,27,18,10,5,7,1,2,104,64,38,17,10,10,14,TennisMyLife,2020_challenger.csv,2020,2026-08-23T06:37:21.010456+00:00,483,3520c9ef501eeb088ed0148c767415e5,NEW_MATCH,0,,alejandro tabilo,roberto cid subervi,newport beach,r64,hard
2020-7845,Newport Beach,Hard,48,C,,20200127,13,V620,,,Agustin Velotti,R,,ARG,27.677,383,94,N0AL,,,Govind Nanda,R,178,USA,18.94,546,47,6-4 6-0,3,R64,68,2,1,50,29,22,12,8,4,5,0,0,51,30,14,9,8,4,9,TennisMyLife,2020_challenger.csv,2020,2026-08-23T06:37:21.010456+00:00,484,bb8eeaff4dca71bcf114c9c96635006d,NEW_MATCH,0,,agustin velotti,govind nanda,newport beach,r64,hard
2020-7845,Newport Beach,Hard,48,C,,20200127,14,V832,,,Aleksandar Vukic,R,188,AUS,23.808,271,155,BV27,,,Ulises Blanch,R,188,USA,21.843,268,159,6-2 7-5,3,R64,72,6,3,62,37,29,15,10,1,1,4,3,62,36,26,12,10,6,9,TennisMyLife,2020_challenger.csv,2020,2026-08-23T06:37:21.010456+00:00,485,4ee5d7ef80d9d7e1b1c76a37d1131e89,NEW_MATCH,0,,aleksandar vukic,ulises blanch,newport beach,r64,hard
2020-7845,Newport Beach,Hard,48,C,,20200127,15,WB08,,,Yosuke Watanuki,R,180,JPN,21.793,258,176,ML73,,,Skander Mansouri,R,193,TUN,24.515,340,115,6-3 6-1,3,R64,57,4,0,52,30,21,12,8,1,2,2,7,50,28,18,5,8,3,8,TennisMyLife,2020_challenger.csv,2020,2026-08-23T06:37:21.010456+00:00,486,402da431bc9a33ba131b81a813f94447,NEW_MATCH,0,,yosuke watanuki,skander mansouri,newport beach,r64,hard
2020-7845,Newport Beach,Hard,48,C,,20200127,16,Y124,,,Donald Young,L,183,USA,30.513,256,177,N0AE,,,Brandon Nakashima,R,188,USA,18.483,359,107,1-6 7-6(5) 6-4,3,R64,123,6,6,95,62,37,11,15,3,11,3,5,100,59,42,13,14,8,14,TennisMyLife,2020_challenger.csv,2020,2026-08-23T06:37:21.010456+00:00,487,8e05772ba173ac44911a7231bb126be5,NEW_MATCH,0,,donald young,brandon nakashima,newport beach,r64,hard
2020-7845,Newport Beach,Hard,48,C,,20200127,17,FB98,,,Taylor Fritz,R,196,USA,22.248,34,1335,V620,,,Agustin Velotti,R,,ARG,27.677,383,94,6-3 6-3,3,R32,58,8,2,45,27,25,10,9,0,1,3,1,52,27,17,10,9,4,8,TennisMyLife,2020_challenger.csv,2020,2026-08-23T06:37:21.010456+00:00,488,3a1a8cd50c87bf712181107ea71e567a,NEW_MATCH,0,,taylor fritz,agustin velotti,newport beach,r32,hard
2020-7845,Newport Beach,Hard,48,C,,20200127,18,TD51,,,Frances Tiafoe,R,188,USA,22.018,50,1050,TE30,,,Alejandro Tabilo,L,188,CHI,22.653,207,233,6-4 6-2,3,R32,61,4,1,44,34,29,7,9,0,0,1,4,60,37,24,9,9,7,10,TennisMyLife,2020_challenger.csv,2020,2026-08-23T06:37:21.010456+00:00,489,52928b1b0ea9af80abdce5bd46ea50fa,NEW_MATCH,0,,frances tiafoe,alejandro tabilo,newport beach,r32,hard
2020-7845,Newport Beach,Hard,48,C,,20200127,19,KI95,3,,Miomir Kecmanovic,R,183,SRB,20.408,54,959,WB08,,,Yosuke Watanuki,R,180,JPN,21.793,258,176,6-1 4-6 6-3,3,R32,102,0,2,75,46,32,20,13,5,7,5,8,92,52,32,20,13,6,11,TennisMyLife,2020_challenger.csv,2020,2026-08-23T06:37:21.010456+00:00,490,f0636ce91df848d91c3a35a947b694b2,NEW_MATCH,0,,miomir kecmanovic,yosuke watanuki,newport beach,r32,hard
2020-7845,Newport Beach,Hard,48,C,,20200127,20,J386,4,,Steve Johnson,R,188,USA,30.092,75,720,Q941,,,Roberto Quiroz,L,193,ECU,27.926,257,177,6-3 6-2,3,R32,64,4,1,56,29,23,17,9,3,3,0,1,47,27,17,8,8,3,6,TennisMyLife,2020_challenger.csv,2020,2026-08-23T06:37:21.010456+00:00,491,6834c842dc820e2e24da84cccba46a86,NEW_MATCH,0,,steve johnson,roberto quiroz,newport beach,r32,hard
2020-7845,Newport Beach,Hard,48,C,,20200127,21,AB71,,,JC Aragone,R,178,USA,24.583,261,172,SA93,5,,Andreas Seppi,R,191,ITA,35.932,85,646,6-2 7-6(2),3,R32,89,0,5,75,51,34,14,10,2,3,1,2,67,34,19,18,10,4,7,TennisMyLife,2020_challenger.csv,2020,2026-08-23T06:37:21.010456+00:00,492,9c63a0a7f8f69dff8682820a4e4c82ea,NEW_MATCH,0,,jc aragone,andreas seppi,newport beach,r32,hard
2020-7845,Newport Beach,Hard,48,C,,20200127,22,SP24,6,,Brayden Schnur,R,193,CAN,24.567,103,534,C0BC,,,Maxime Cressy,R,201,USA,22.721,188,263,6-4 6-2,3,R32,83,3,3,71,40,27,21,9,5,5,8,9,57,31,25,8,9,4,7,TennisMyLife,2020_challenger.csv,2020,2026-08-23T06:37:21.010456+00:00,493,65ba24d9ffb53c46dfbc2207d6461dc3,NEW_MATCH,0,,brayden schnur,maxime cressy,newport beach,r32,hard
2020-7845,Newport Beach,Hard,48,C,,20200127,23,K0AH,,,Sebastian Korda,R,196,USA,19.562,245,189,GC88,7,,Marcos Giron,R,180,USA,26.511,107,521,6-4 3-6 7-6(5),3,R32,130,5,1,108,65,40,23,15,6,10,6,2,94,64,43,16,16,0,4,TennisMyLife,2020_challenger.csv,2020,2026-08-23T06:37:21.010456+00:00,494,3b3ed1463168ea440001464e347b41f9,NEW_MATCH,0,,sebastian korda,marcos giron,newport beach,r32,hard
2020-7845,Newport Beach,Hard,48,C,,20200127,24,E865,,,Christopher Eubanks,R,201,USA,23.729,220,215,J380,8,,Jason Jung,R,180,TPE,30.617,126,429,6-4 7-5,3,R32,85,12,2,74,50,33,16,11,6,7,1,5,71,42,26,17,11,2,5,TennisMyLife,2020_challenger.csv,2020,2026-08-23T06:37:21.010456+00:00,495,b8cf2ac3a63d95918f2354bbcdc0c79d,NEW_MATCH,0,,christopher eubanks,jason jung,newport beach,r32,hard
2020-7845,Newport Beach,Hard,48,C,,20200127,25,SL09,,,Raymond Sarmiento,R,178,USA,27.51,539,48,MK66,9,,Mackenzie McDonald,R,178,USA,24.783,129,419,7-5 6-4,3,R32,80,4,1,62,44,30,10,11,4,7,8,4,66,42,25,11,11,6,11,TennisMyLife,2020_challenger.csv,2020,2026-08-23T06:37:21.010456+00:00,496,856f4cd6a274fafdd9fd621d67ea5bb1,NEW_MATCH,0,,raymond sarmiento,mackenzie mcdonald,newport beach,r32,hard
2020-7845,Newport Beach,Hard,48,C,,20200127,26,KA98,10,,Bradley Klahn,L,183,USA,29.437,132,413,E873,,,Ernesto Escobedo,R,185,MEX,23.565,223,213,7-5 6-1,3,R32,68,8,4,64,47,34,8,10,3,4,3,3,50,37,22,4,9,3,7,TennisMyLife,2020_challenger.csv,2020,2026-08-23T06:37:21.010456+00:00,497,ad868066e76628dc4a8ab41d0b863466,NEW_MATCH,0,,bradley klahn,ernesto escobedo,newport beach,r32,hard
2020-7845,Newport Beach,Hard,48,C,,20200127,27,KD35,,,Thai-Son Kwiatkowski,R,188,USA,24.953,270,156,GA36,11,,Emilio Gomez,R,185,ECU,28.164,148,359,7-5 6-3,3,R32,87,8,2,69,41,32,14,11,4,5,3,1,54,31,21,14,10,1,4,TennisMyLife,2020_challenger.csv,2020,2026-08-23T06:37:21.010456+00:00,498,6b78bdc6f6ca37db5a676a61dfbdf608,NEW_MATCH,0,,thai son kwiatkowski,emilio gomez,newport beach,r32,hard
2020-7845,Newport Beach,Hard,48,C,,20200127,28,RC62,,,Michael Redlicki,L,203,USA,26.196,376,98,CA99,12,,Marius Copil,R,191,ROU,29.279,152,344,7-6(3) 6-4,3,R32,111,4,5,84,49,34,14,11,4,7,5,6,70,38,27,10,11,4,8,TennisMyLife,2020_challenger.csv,2020,2026-08-23T06:37:21.010456+00:00,499,c2fff5943458050822dce18bd9dcc397,NEW_MATCH,0,,michael redlicki,marius copil,newport beach,r32,hard
2020-7845,Newport Beach,Hard,48,C,,20200127,29,KC12,13,,Mitchell Krueger,R,188,USA,26.04,164,309,Y124,,,Donald Young,L,183,USA,30.513,256,177,3-6 6-1 6-4,3,R32,97,13,5,73,42,32,15,13,2,4,5,1,81,59,33,15,13,2,6,TennisMyLife,2020_challenger.csv,2020,2026-08-23T06:37:21.010456+00:00,500,d22e99bef7494483f0c8d1b8830dd341,NEW_MATCH,0,,mitchell krueger,donald young,newport beach,r32,hard
2020-7845,Newport Beach,Hard,48,C,,20200127,30,GE33,,,Daniel Elahi Galan,R,191,COL,23.608,185,269,M0AC,14,,Rudolf Molleker,R,188,GER,19.253,165,308,6-3 6-1,3,R32,49,9,1,40,22,19,11,8,0,1,0,2,60,33,16,11,8,4,9,TennisMyLife,2020_challenger.csv,2020,2026-08-23T06:37:21.010456+00:00,501,cd1cb2c2b21be824fe4e634699cef459,NEW_MATCH,0,,daniel elahi galan,rudolf molleker,newport beach,r32,hard
2020-7845,Newport Beach,Hard,48,C,,20200127,31,I165,15,,Denis Istomin,R,185,UZB,33.388,170,295,BH02,,,Sekou Bangoura,R,183,USA,28.192,306,131,7-6(6) 6-4,3,R32,108,2,2,75,57,41,10,11,1,2,5,0,93,56,38,18,11,7,9,TennisMyLife,2020_challenger.csv,2020,2026-08-23T06:37:21.010456+00:00,502,dbe04b64156ee522ba55728a0a72e58d,NEW_MATCH,0,,denis istomin,sekou bangoura,newport beach,r32,hard
2020-7845,Newport Beach,Hard,48,C,,20200127,32,V832,,,Aleksandar Vukic,R,188,AUS,23.808,271,155,PB22,16,,Peter Polansky,R,183,CAN,31.617,179,279,6-7(5) 7-6(6) 6-4,3,R32,143,15,3,116,74,58,17,17,6,9,3,2,118,77,50,22,17,8,12,TennisMyLife,2020_challenger.csv,2020,2026-08-23T06:37:21.010456+00:00,503,eef2ec0c2236cec909b4a97f12793eca,NEW_MATCH,0,,aleksandar vukic,peter polansky,newport beach,r32,hard
2020-7845,Newport Beach,Hard,48,C,,20200127,33,KC12,13,,Mitchell Krueger,R,188,USA,26.04,164,309,FB98,,,Taylor Fritz,R,196,USA,22.248,34,1335,6-4 3-6 6-3,3,R16,95,7,2,78,50,39,18,14,2,3,16,2,80,50,40,16,14,3,5,TennisMyLife,2020_challenger.csv,2020,2026-08-23T06:37:21.010456+00:00,504,ca7e2fbc76b9fcf3a12b644a52dd943c,NEW_MATCH,0,,mitchell krueger,taylor fritz,newport beach,r16,hard
2020-7845,Newport Beach,Hard,48,C,,20200127,34,I165,15,,Denis Istomin,R,185,UZB,33.388,170,295,TD51,,,Frances Tiafoe,R,188,USA,22.018,50,1050,6-3 6-2,3,R16,72,4,1,57,35,28,13,9,4,4,1,0,56,37,22,8,8,4,7,TennisMyLife,2020_challenger.csv,2020,2026-08-23T06:37:21.010456+00:00,505,5d00c5d56c78bf46f8c03a640806b0b7,NEW_MATCH,0,,denis istomin,frances tiafoe,newport beach,r16,hard
2020-7845,Newport Beach,Hard,48,C,,20200127,35,GE33,,,Daniel Elahi Galan,R,191,COL,23.608,185,269,KI95,3,,Miomir Kecmanovic,R,183,SRB,20.408,54,959,6-3 6-7(6) 6-3,3,R16,131,10,4,126,85,53,21,16,5,8,4,6,91,46,29,24,14,2,7,TennisMyLife,2020_challenger.csv,2020,2026-08-23T06:37:21.010456+00:00,506,936362af5f042c72b5f71cf98d761725,NEW_MATCH,0,,daniel elahi galan,miomir kecmanovic,newport beach,r16,hard
2020-7845,Newport Beach,Hard,48,C,,20200127,36,J386,4,,Steve Johnson,R,188,USA,30.092,75,720,V832,,,Aleksandar Vukic,R,188,AUS,23.808,271,155,7-6(6) 6-7(4) 7-6(4),3,R16,151,23,9,120,69,54,27,18,0,3,9,2,123,74,54,26,18,6,9,TennisMyLife,2020_challenger.csv,2020,2026-08-23T06:37:21.010456+00:00,507,d40dda13bc0c1fea7ed3ce2a607875ef,NEW_MATCH,0,,steve johnson,aleksandar vukic,newport beach,r16,hard
2020-7845,Newport Beach,Hard,48,C,,20200127,37,KD35,,,Thai-Son Kwiatkowski,R,188,USA,24.953,270,156,SP24,6,,Brayden Schnur,R,193,CAN,24.567,103,534,3-6 6-3 6-2,3,R16,107,9,3,83,36,30,22,13,1,4,5,1,83,56,35,13,13,12,17,TennisMyLife,2020_challenger.csv,2020,2026-08-23T06:37:21.010456+00:00,508,1b1a43d9773886c921b9805e82e3c0e8,NEW_MATCH,0,,thai son kwiatkowski,brayden schnur,newport beach,r16,hard
2020-7845,Newport Beach,Hard,48,C,,20200127,38,KA98,10,,Bradley Klahn,L,183,USA,29.437,132,413,K0AH,,,Sebastian Korda,R,196,USA,19.562,245,189,5-7 6-3 6-4,3,R16,109,8,5,74,45,41,15,16,2,5,2,6,105,67,46,15,15,6,10,TennisMyLife,2020_challenger.csv,2020,2026-08-23T06:37:21.010456+00:00,509,ba285c55db4a51d2523d9f94282aaceb,NEW_MATCH,0,,bradley klahn,sebastian korda,newport beach,r16,hard
2020-7845,Newport Beach,Hard,48,C,,20200127,39,E865,,,Christopher Eubanks,R,201,USA,23.729,220,215,RC62,,,Michael Redlicki,L,203,USA,26.196,376,98,3-6 6-1 6-4,3,R16,90,9,1,71,53,40,12,13,4,5,5,4,77,50,33,13,13,2,5,TennisMyLife,2020_challenger.csv,2020,2026-08-23T06:37:21.010456+00:00,510,4ceb38b7c372186cc20acf59c66e3784,NEW_MATCH,0,,christopher eubanks,michael redlicki,newport beach,r16,hard
2020-7845,Newport Beach,Hard,48,C,,20200127,40,SL09,,,Raymond Sarmiento,R,178,USA,27.51,539,48,AB71,,,JC Aragone,R,178,USA,24.583,261,172,7-5 7-6(3),3,R16,106,3,5,83,44,30,22,12,0,2,1,8,82,51,31,19,12,6,9,TennisMyLife,2020_challenger.csv,2020,2026-08-23T06:37:21.010456+00:00,511,0f1a05be258b457a7327f3e66ba80564,NEW_MATCH,0,,raymond sarmiento,jc aragone,newport beach,r16,hard
2020-7845,Newport Beach,Hard,48,C,,20200127,41,J386,4,,Steve Johnson,R,188,USA,30.092,75,720,KA98,10,,Bradley Klahn,L,183,USA,29.437,132,413,6-4 6-2,3,QF,74,5,3,54,30,24,15,9,0,0,4,2,66,40,25,11,9,7,10,TennisMyLife,2020_challenger.csv,2020,2026-08-23T06:37:21.010456+00:00,512,09b4a295d3b5bded3d8f8a956595c37d,NEW_MATCH,0,,steve johnson,bradley klahn,newport beach,qf,hard
2020-7845,Newport Beach,Hard,48,C,,20200127,42,KC12,13,,Mitchell Krueger,R,188,USA,26.04,164,309,SL09,,,Raymond Sarmiento,R,178,USA,27.51,539,48,6-3 6-7(5) 6-3,3,QF,131,9,4,98,55,36,24,16,3,8,4,2,112,79,47,14,14,11,18,TennisMyLife,2020_challenger.csv,2020,2026-08-23T06:37:21.010456+00:00,513,7cfa98a29a58816c379e1ec65cc1faec,NEW_MATCH,0,,mitchell krueger,raymond sarmiento,newport beach,qf,hard
2020-7845,Newport Beach,Hard,48,C,,20200127,43,KD35,,,Thai-Son Kwiatkowski,R,188,USA,24.953,270,156,I165,15,,Denis Istomin,R,185,UZB,33.388,170,295,7-6(6) 6-4,3,QF,95,5,1,69,40,33,21,11,4,4,2,0,73,57,39,12,11,2,3,TennisMyLife,2020_challenger.csv,2020,2026-08-23T06:37:21.010456+00:00,514,282ef4f6a653ca36093fe047ea0a2980,NEW_MATCH,0,,thai son kwiatkowski,denis istomin,newport beach,qf,hard
2020-7845,Newport Beach,Hard,48,C,,20200127,44,GE33,,,Daniel Elahi Galan,R,191,COL,23.608,185,269,E865,,,Christopher Eubanks,R,201,USA,23.729,220,215,4-6 7-6(5) 6-3,3,QF,123,6,2,105,59,41,26,15,11,13,6,4,106,74,48,16,16,6,9,TennisMyLife,2020_challenger.csv,2020,2026-08-23T06:37:21.010456+00:00,515,f60579bb80d23ac46be30dac83168ce0,NEW_MATCH,0,,daniel elahi galan,christopher eubanks,newport beach,qf,hard
2020-7845,Newport Beach,Hard,48,C,,20200127,45,KD35,,,Thai-Son Kwiatkowski,R,188,USA,24.953,270,156,J386,4,,Steve Johnson,R,188,USA,30.092,75,720,3-6 7-6(4) 6-1,3,SF,120,10,1,78,51,45,15,13,3,4,17,2,120,70,45,29,15,8,11,TennisMyLife,2020_challenger.csv,2020,2026-08-23T06:37:21.010456+00:00,516,b6d4ca90b3ebfbe822490d4ae219f6e6,NEW_MATCH,0,,thai son kwiatkowski,steve johnson,newport beach,sf,hard
2020-7845,Newport Beach,Hard,48,C,,20200127,46,GE33,,,Daniel Elahi Galan,R,191,COL,23.608,185,269,KC12,13,,Mitchell Krueger,R,188,USA,26.04,164,309,6-2 7-6(3),3,SF,99,8,2,72,47,34,11,10,1,3,1,8,80,44,27,14,10,4,8,TennisMyLife,2020_challenger.csv,2020,2026-08-23T06:37:21.010456+00:00,517,5f8cd8c5b4701e7e90f5d12a81afc887,NEW_MATCH,0,,daniel elahi galan,mitchell krueger,newport beach,sf,hard
2020-7845,Newport Beach,Hard,48,C,,20200127,47,KD35,,,Thai-Son Kwiatkowski,R,188,USA,24.953,270,156,GE33,,,Daniel Elahi Galan,R,191,COL,23.608,185,269,6-4 6-1,3,F,57,2,0,41,21,17,16,8,2,2,5,3,55,32,22,7,9,3,7,TennisMyLife,2020_challenger.csv,2020,2026-08-23T06:37:21.010456+00:00,518,7e68992c65bb208dd4d22a8b20072d98,NEW_MATCH,0,,thai son kwiatkowski,daniel elahi galan,newport beach,f,hard
2020-7853,Punta del Este,Clay,48,C,,20200127,1,AC58,,,Nicolas Alvarez,R,185,PER,23.636,302,132,MO41,,,Rafael Matos,L,183,BRA,24.057,471,65,3-6 6-4 6-3,3,R64,147,3,5,102,64,45,17,14,11,13,3,0,90,72,43,13,14,7,10,TennisMyLife,2020_challenger.csv,2020,2026-08-23T06:37:21.010456+00:00,519,58eff4ce4819ab552e504245a878b0b8,NEW_MATCH,0,,nicolas alvarez,rafael matos,punta del este,r64,clay
2020-7853,Punta del Este,Clay,48,C,,20200127,2,BU54,,,Geoffrey Blancaneaux,R,180,FRA,21.47,316,123,R0DG,,,Holger Rune,R,188,DEN,16.747,853,15,6-1 6-2,3,R64,94,0,3,64,53,34,4,8,4,5,0,1,65,43,20,8,7,9,14,TennisMyLife,2020_challenger.csv,2020,2026-08-23T06:37:21.010456+00:00,520,b8b0c6d154e3531db6e41e3bf13d0ce9,NEW_MATCH,0,,geoffrey blancaneaux,holger rune,punta del este,r64,clay
2020-7853,Punta del Este,Clay,48,C,,20200127,3,CG07,,,Hernan Casanova,R,178,ARG,25.971,375,99,K0CZ,,,Gilbert Klier Junior,R,183,BRA,19.699,540,48,3-6 6-4 5-0 RET,3,R64,112,0,0,66,50,32,11,12,3,6,3,4,63,37,24,11,12,5,10,TennisMyLife,2020_challenger.csv,2020,2026-08-23T06:37:21.010456+00:00,521,253ef76699cd4795ab0876d6d037a82c,NEW_MATCH,0,,hernan casanova,gilbert klier junior,punta del este,r64,clay
2020-7853,Punta del Este,Clay,48,C,,20200127,4,C0C8,,,Juan Manuel Cerundolo,L,183,ARG,18.198,388,92,D0CG,,,Facundo Diaz Acosta,L,183,ARG,19.116,495,59,6-4 6-4,3,R64,87,1,0,73,55,40,6,10,7,8,4,6,52,27,21,11,10,1,4,TennisMyLife,2020_challenger.csv,2020,2026-08-23T06:37:21.010456+00:00,522,43df29fbf982c101baeae0132c02da4c,NEW_MATCH,0,,juan manuel cerundolo,facundo diaz acosta,punta del este,r64,clay
2020-7853,Punta del Este,Clay,48,C,,20200127,5,CC32,,,Guilherme Clezar,R,180,BRA,27.072,327,119,CG04,,,Pedro Cachin,R,185,ARG,24.794,365,104,6-4 7-6(0),3,R64,115,1,1,87,56,38,19,11,4,5,5,1,64,42,29,14,11,2,4,TennisMyLife,2020_challenger.csv,2020,2026-08-23T06:37:21.010456+00:00,523,34eeffadc8bf9be21d8704d8d561ca1c,NEW_MATCH,0,,guilherme clezar,pedro cachin,punta del este,r64,clay
2020-7853,Punta del Este,Clay,48,C,,20200127,6,CC98,,,Martin Cuevas,R,191,URU,28.036,521,52,SN44,,,Bruno Santanna,R,178,BRA,26.543,399,86,7-6(4) 6-4,3,R64,115,12,3,76,34,26,24,11,4,6,1,4,92,56,34,20,11,4,7,TennisMyLife,2020_challenger.csv,2020,2026-08-23T06:37:21.010456+00:00,524,635b1fbaf8ed31d1ff55f8db9aeb26fd,NEW_MATCH,0,,martin cuevas,bruno santanna,punta del este,r64,clay
2020-7853,Punta del Este,Clay,48,C,,20200127,7,EA24,,,Tomas Martin Etcheverry,R,196,ARG,20.528,339,115,A941,,,Facundo Arguello,R,178,ARG,27.48,295,137,6-3 6-3,3,R64,101,2,2,66,51,38,7,9,2,2,2,5,62,39,23,12,9,4,7,TennisMyLife,2020_challenger.csv,2020,2026-08-23T06:37:21.010456+00:00,525,b06bf06284a3b2d4b0d8bb34b9613721,NEW_MATCH,0,,tomas martin etcheverry,facundo arguello,punta del este,r64,clay
2020-7853,Punta del Este,Clay,48,C,,20200127,8,G985,,,Carlos Gomez-Herrera,R,191,ESP,29.744,477,64,FA43,,,Juan Pablo Ficovich,R,188,ARG,23.006,234,200,6-3 7-5,3,R64,113,2,1,81,53,38,13,11,3,4,3,6,70,38,26,15,10,9,12,TennisMyLife,2020_challenger.csv,2020,2026-08-23T06:37:21.010456+00:00,526,e2a3cd25826cd88749135c6b9c6f7a7e,NEW_MATCH,0,,carlos gomez herrera,juan pablo ficovich,punta del este,r64,clay
2020-7853,Punta del Este,Clay,48,C,,20200127,9,H928,,,Diego Hidalgo,L,180,ECU,26.776,373,99,BS86,,,Tomas Barrios Vera,R,191,CHI,22.13,334,116,6-2 6-1,3,R64,76,2,3,52,29,23,14,8,1,1,0,0,41,23,13,7,7,3,7,TennisMyLife,2020_challenger.csv,2020,2026-08-23T06:37:21.010456+00:00,527,b55882100de30abb9e2322b8e9e65015,NEW_MATCH,0,,diego hidalgo,tomas barrios vera,punta del este,r64,clay
2020-7853,Punta del Este,Clay,48,C,,20200127,10,KE69,,,Mariano Kestelboim,R,185,ARG,23.973,538,49,GC17,,,Oscar Jose Gutierrez,R,170,ESP,26.757,377,97,6-4 3-6 7-5,3,R64,171,0,1,100,71,45,14,16,5,11,1,3,95,62,35,17,15,3,9,TennisMyLife,2020_challenger.csv,2020,2026-08-23T06:37:21.010456+00:00,528,2384aafeebdd8132326db10ba1bffae8,NEW_MATCH,0,,mariano kestelboim,oscar jose gutierrez,punta del este,r64,clay
2020-7853,Punta del Este,Clay,48,C,,20200127,11,LF26,,,Orlando Luz,R,180,BRA,21.966,301,133,U182,,,Camilo Ugo Carabelli,R,185,ARG,20.613,408,84,6-4 6-2,3,R64,74,3,0,50,30,25,14,9,2,2,3,5,55,34,24,7,9,4,7,TennisMyLife,2020_challenger.csv,2020,2026-08-23T06:37:21.010456+00:00,529,2d7431ebcef535b858ffccf3c4e6479d,NEW_MATCH,0,,orlando luz,camilo ugo carabelli,punta del este,r64,clay
2020-7853,Punta del Este,Clay,48,C,,20200127,12,MW75,,,Felipe Meligeni Alves,R,185,BRA,21.936,387,93,GA46,,,Sergio Galdos,R,180,PER,30.067,1428,3,6-2 6-4,3,R64,75,2,1,50,40,29,5,9,0,1,2,5,59,36,21,10,9,1,5,TennisMyLife,2020_challenger.csv,2020,2026-08-23T06:37:21.010456+00:00,530,0ed56466e3f93df126918bc8badc11f2,NEW_MATCH,0,,felipe meligeni alves,sergio galdos,punta del este,r64,clay
2020-7853,Punta del Este,Clay,48,C,,20200127,13,O660,,,Genaro Alberto Olivieri,R,175,ARG,21.481,409,84,T0A1,,,Thiago Agustin Tirante,R,185,ARG,18.798,734,23,6-1 6-4,3,R64,87,1,1,67,46,30,9,9,5,7,0,4,54,27,15,9,8,8,13,TennisMyLife,2020_challenger.csv,2020,2026-08-23T06:37:21.010456+00:00,531,10c705cf81a5c82ffe9fa59694d04639,NEW_MATCH,0,,genaro alberto olivieri,thiago agustin tirante,punta del este,r64,clay
2020-7853,Punta del Este,Clay,48,C,,20200127,14,O376,,,Renzo Olivo,R,178,ARG,27.869,277,146,PG56,,,Jorge Panta,R,,PER,24.517,490,62,6-2 6-2,3,R64,73,2,5,46,28,20,8,8,4,6,1,4,51,26,13,7,8,5,11,TennisMyLife,2020_challenger.csv,2020,2026-08-23T06:37:21.010456+00:00,532,7d324816bbe5e9d4777da6f8f946ef72,NEW_MATCH,0,,renzo olivo,jorge panta,punta del este,r64,clay
2020-7853,Punta del Este,Clay,48,C,,20200127,15,SL94,,,Pedro Sakamoto,R,178,BRA,26.579,297,136,T0BX,,,Emiliano Troche,R,175,URY,18.806,,,6-2 6-0,3,R64,60,1,1,36,19,15,11,7,0,1,1,1,46,27,9,7,7,5,11,TennisMyLife,2020_challenger.csv,2020,2026-08-23T06:37:21.010456+00:00,533,3c3d463e29a62e9a75904278caf3c49d,NEW_MATCH,0,,pedro sakamoto,emiliano troche,punta del este,r64,clay
2020-7853,Punta del Este,Clay,48,C,,20200127,16,V821,,,Gonzalo Villanueva,R,175,ARG,25.038,393,90,F0DU,,,Juan Martin Fumeaux,R,178,URY,17.875,,,6-2 6-0,3,R64,67,2,1,40,21,16,11,7,1,2,0,3,45,29,15,2,7,4,10,TennisMyLife,2020_challenger.csv,2020,2026-08-23T06:37:21.010456+00:00,534,afd85553be0637721092f93d40becf31,NEW_MATCH,0,,gonzalo villanueva,juan martin fumeaux,punta del este,r64,clay
2020-7853,Punta del Este,Clay,48,C,,20200127,17,CF01,1,,Marco Cecchinato,R,185,ITA,27.324,77,710,V821,,,Gonzalo Villanueva,R,175,ARG,25.038,393,90,6-0 6-3,3,R32,53,4,0,38,32,29,3,8,0,0,1,6,47,25,14,7,7,2,6,TennisMyLife,2020_challenger.csv,2020,2026-08-23T06:37:21.010456+00:00,535,0963840b344f1673fb32bed019491e10,NEW_MATCH,0,,marco cecchinato,gonzalo villanueva,punta del este,r32,clay
2020-7853,Punta del Este,Clay,48,C,,20200127,18,MJ08,2,,Thiago Monteiro,L,183,BRA,25.659,86,640,KE69,,,Mariano Kestelboim,R,185,ARG,23.973,538,49,6-4 6-4,3,R32,85,6,1,55,34,25,13,10,2,3,0,1,58,34,19,12,10,4,7,TennisMyLife,2020_challenger.csv,2020,2026-08-23T06:37:21.010456+00:00,536,4c9f6128e0d0dbced93ca09ea5100fbb,NEW_MATCH,0,,thiago monteiro,mariano kestelboim,punta del este,r32,clay
2020-7853,Punta del Este,Clay,48,C,,20200127,19,MF35,3,,Andrej Martin,R,183,SVK,30.352,105,528,H928,,,Diego Hidalgo,L,180,ECU,26.776,373,99,6-3 6-3,3,R32,83,2,2,52,34,29,7,9,2,3,0,3,54,36,22,6,9,2,6,TennisMyLife,2020_challenger.csv,2020,2026-08-23T06:37:21.010456+00:00,537,df1893747dfd237a758b751dfeac287d,NEW_MATCH,0,,andrej martin,diego hidalgo,punta del este,r32,clay
2020-7853,Punta del Este,Clay,48,C,,20200127,20,MW75,,,Felipe Meligeni Alves,R,185,BRA,21.936,387,93,ML57,4,,Gianluca Mager,R,188,ITA,25.155,117,473,4-6 6-3 7-6(5),3,R32,165,2,3,125,96,58,18,16,8,11,10,7,111,69,46,21,15,6,9,TennisMyLife,2020_challenger.csv,2020,2026-08-23T06:37:21.010456+00:00,538,57b18d2c794aca355110bf9bfb2d6f1e,NEW_MATCH,0,,felipe meligeni alves,gianluca mager,punta del este,r32,clay
2020-7853,Punta del Este,Clay,48,C,,20200127,21,CE77,5,,Federico Coria,R,180,ARG,27.885,119,465,G985,,,Carlos Gomez-Herrera,R,191,ESP,29.744,477,64,6-4 6-4,3,R32,91,5,3,61,42,28,13,10,4,5,2,3,70,48,28,11,10,3,6,TennisMyLife,2020_challenger.csv,2020,2026-08-23T06:37:21.010456+00:00,539,5f68e3d7f725272404adc8aa85dfba81,NEW_MATCH,0,,federico coria,carlos gomez herrera,punta del este,r32,clay
2020-7853,Punta del Este,Clay,48,C,,20200127,22,BF23,6,,Facundo Bagnis,L,183,ARG,29.914,135,405,AC58,,,Nicolas Alvarez,R,185,PER,23.636,302,132,7-6(6) 3-6 6-1,3,R32,144,10,5,85,42,37,22,14,6,7,1,3,98,64,45,16,14,4,6,TennisMyLife,2020_challenger.csv,2020,2026-08-23T06:37:21.010456+00:00,540,112061899ae24c801a74b7b0ec0aabf5,NEW_MATCH,0,,facundo bagnis,nicolas alvarez,punta del este,r32,clay
2020-7853,Punta del Este,Clay,48,C,,20200127,23,S483,7,,Pedro Sousa,R,180,POR,31.669,141,376,C0C8,,,Juan Manuel Cerundolo,L,183,ARG,18.198,388,92,6-4 6-2,3,R32,65,3,2,51,31,27,8,9,3,4,3,3,55,43,23,5,9,3,7,TennisMyLife,2020_challenger.csv,2020,2026-08-23T06:37:21.010456+00:00,541,9b8f1c2c32e24620869afa13bd2c7691,NEW_MATCH,0,,pedro sousa,juan manuel cerundolo,punta del este,r32,clay
2020-7853,Punta del Este,Clay,48,C,,20200127,24,BU54,,,Geoffrey Blancaneaux,R,180,FRA,21.47,316,123,V836,8,,Juan Pablo Varillas,R,185,PER,24.309,143,372,6-4 6-3,3,R32,88,4,1,58,39,29,15,10,4,4,4,1,50,30,19,13,9,0,2,TennisMyLife,2020_challenger.csv,2020,2026-08-23T06:37:21.010456+00:00,542,2be5dbc8191532c265af499e6d823b44,NEW_MATCH,0,,geoffrey blancaneaux,juan pablo varillas,punta del este,r32,clay
2020-7853,Punta del Este,Clay,48,C,,20200127,25,G983,9,,Alessandro Giannessi,L,185,ITA,29.662,147,361,EA24,,,Tomas Martin Etcheverry,R,196,ARG,20.528,339,115,5-7 7-5 6-4,3,R32,165,10,3,104,71,49,22,17,2,4,15,4,99,66,46,18,17,5,8,TennisMyLife,2020_challenger.csv,2020,2026-08-23T06:37:21.010456+00:00,543,4b8c0f9e5a1f09e319134b847e7847ee,NEW_MATCH,0,,alessandro giannessi,tomas martin etcheverry,punta del este,r32,clay
2020-7853,Punta del Este,Clay,48,C,,20200127,26,SL94,,,Pedro Sakamoto,R,178,BRA,26.579,297,136,D985,10,,Joao Domingues,R,,POR,26.311,171,294,7-6(4) 6-2,3,R32,111,1,1,63,36,29,18,10,2,2,2,3,80,50,33,14,10,6,8,TennisMyLife,2020_challenger.csv,2020,2026-08-23T06:37:21.010456+00:00,544,0ffc882d1f2aef4afd0db9afc2968336,NEW_MATCH,0,,pedro sakamoto,joao domingues,punta del este,r32,clay
2020-7853,Punta del Este,Clay,48,C,,20200127,27,CC98,,,Martin Cuevas,R,191,URU,28.036,521,52,TE16,11,,Carlos Taberner,R,183,ESP,22.47,187,264,2-6 7-5 6-1,3,R32,120,7,6,89,50,32,17,14,6,10,2,6,79,52,31,14,13,7,12,TennisMyLife,2020_challenger.csv,2020,2026-08-23T06:37:21.010456+00:00,545,3289ac596a9a6758fd6f7e5071c0da92,NEW_MATCH,0,,martin cuevas,carlos taberner,punta del este,r32,clay
2020-7853,Punta del Este,Clay,48,C,,20200127,28,CC32,,,Guilherme Clezar,R,180,BRA,27.072,327,119,CC66,12,,Andrea Collarini,L,183,ARG,27.989,191,260,7-6(6) 7-6(3),3,R32,140,4,4,95,65,45,14,12,8,10,2,5,82,49,35,15,12,3,5,TennisMyLife,2020_challenger.csv,2020,2026-08-23T06:37:21.010456+00:00,546,2ff8235ae8aea5e0aef1f0e8cb57ea61,NEW_MATCH,0,,guilherme clezar,andrea collarini,punta del este,r32,clay
2020-7853,Punta del Este,Clay,48,C,,20200127,29,O376,,,Renzo Olivo,R,178,ARG,27.869,277,146,V824,13,,Mario Vilella Martinez,R,178,ESP,24.569,195,254,7-5 6-1,3,R32,89,1,4,45,32,23,6,9,3,5,6,5,67,35,19,12,10,6,12,TennisMyLife,2020_challenger.csv,2020,2026-08-23T06:37:21.010456+00:00,547,74dbfcbbecc57a5f1c65bed864111862,NEW_MATCH,0,,renzo olivo,mario vilella martinez,punta del este,r32,clay
2020-7853,Punta del Este,Clay,48,C,,20200127,30,O660,,,Genaro Alberto Olivieri,R,175,ARG,21.481,409,84,MJ98,14,,Facundo Mena,R,183,ARG,27.346,203,237,6-3 6-4,3,R32,91,1,2,69,41,23,17,10,10,12,2,5,61,32,21,9,9,3,7,TennisMyLife,2020_challenger.csv,2020,2026-08-23T06:37:21.010456+00:00,548,d54402fe84d0a2e0f9bcdd8a8774e67c,NEW_MATCH,0,,genaro alberto olivieri,facundo mena,punta del este,r32,clay
2020-7853,Punta del Este,Clay,48,C,,20200127,31,CG07,,,Hernan Casanova,R,178,ARG,25.971,375,99,SX91,15,,Thiago Seyboth Wild,R,185,BRA,19.882,204,235,6-4 1-6 6-1,3,R32,126,2,2,70,52,31,9,12,4,8,3,4,84,43,27,18,12,6,11,TennisMyLife,2020_challenger.csv,2020,2026-08-23T06:37:21.010456+00:00,549,393ca051a3b11e432093e71863eed394,NEW_MATCH,0,,hernan casanova,thiago seyboth wild,punta del este,r32,clay
2020-7853,Punta del Este,Clay,48,C,,20200127,32,C0AU,16,,Francisco Cerundolo,R,185,ARG,21.457,227,208,LF26,,,Orlando Luz,R,180,BRA,21.966,301,133,6-3 6-3,3,R32,81,1,1,55,31,23,13,9,1,2,4,2,63,39,23,10,9,6,10,TennisMyLife,2020_challenger.csv,2020,2026-08-23T06:37:21.010456+00:00,550,2abba08ba91ce0f4ef22d8e159944e81,NEW_MATCH,0,,francisco cerundolo,orlando luz,punta del este,r32,clay
2020-7853,Punta del Este,Clay,48,C,,20200127,33,CF01,1,,Marco Cecchinato,R,185,ITA,27.324,77,710,O376,,,Renzo Olivo,R,178,ARG,27.869,277,146,6-3 6-4,3,R16,87,2,2,61,46,34,8,10,1,2,1,6,73,51,33,8,9,4,7,TennisMyLife,2020_challenger.csv,2020,2026-08-23T06:37:21.010456+00:00,551,0d76491263eb06bd8887dc14fddf360b,NEW_MATCH,0,,marco cecchinato,renzo olivo,punta del este,r16,clay
2020-7853,Punta del Este,Clay,48,C,,20200127,34,MJ08,2,,Thiago Monteiro,L,183,BRA,25.659,86,640,C0AU,16,,Francisco Cerundolo,R,185,ARG,21.457,227,208,7-5 6-4,3,R16,104,3,4,87,58,47,10,11,6,6,4,1,68,48,33,11,11,3,5,TennisMyLife,2020_challenger.csv,2020,2026-08-23T06:37:21.010456+00:00,552,2dbf4bd3ec828931d4f8bd5ec17c0c80,NEW_MATCH,0,,thiago monteiro,francisco cerundolo,punta del este,r16,clay
2020-7853,Punta del Este,Clay,48,C,,20200127,35,MF35,3,,Andrej Martin,R,183,SVK,30.352,105,528,CG07,,,Hernan Casanova,R,178,ARG,25.971,375,99,6-4 6-0,3,R16,66,2,0,39,26,19,10,8,1,2,0,0,53,43,20,4,8,1,6,TennisMyLife,2020_challenger.csv,2020,2026-08-23T06:37:21.010456+00:00,553,c3f2c84e9cca5e69cb0498afcf8d8949,NEW_MATCH,0,,andrej martin,hernan casanova,punta del este,r16,clay
2020-7853,Punta del Este,Clay,48,C,,20200127,36,CC32,,,Guilherme Clezar,R,180,BRA,27.072,327,119,CE77,5,,Federico Coria,R,180,ARG,27.885,119,465,7-5 4-6 7-5,3,R16,167,5,3,123,77,52,25,17,8,10,5,2,100,71,51,14,17,3,6,TennisMyLife,2020_challenger.csv,2020,2026-08-23T06:37:21.010456+00:00,554,32c28a022d671e550a6a0d0316dfe2ed,NEW_MATCH,0,,guilherme clezar,federico coria,punta del este,r16,clay
2020-7853,Punta del Este,Clay,48,C,,20200127,37,BF23,6,,Facundo Bagnis,L,183,ARG,29.914,135,405,CC98,,,Martin Cuevas,R,191,URU,28.036,521,52,6-3 7-5,3,R16,98,4,3,69,41,29,14,11,1,4,4,9,66,36,25,9,10,5,10,TennisMyLife,2020_challenger.csv,2020,2026-08-23T06:37:21.010456+00:00,555,13e71438ecca48faada6a468d6f69f05,NEW_MATCH,0,,facundo bagnis,martin cuevas,punta del este,r16,clay
2020-7853,Punta del Este,Clay,48,C,,20200127,38,G983,9,,Alessandro Giannessi,L,185,ITA,29.662,147,361,S483,7,,Pedro Sousa,R,180,POR,31.669,141,376,4-6 6-3 6-4,3,R16,116,2,5,83,44,30,22,15,2,6,4,4,90,65,39,11,14,2,7,TennisMyLife,2020_challenger.csv,2020,2026-08-23T06:37:21.010456+00:00,556,ee1b9737793870eedc20fc1d934bf9e5,NEW_MATCH,0,,alessandro giannessi,pedro sousa,punta del este,r16,clay
2020-7853,Punta del Este,Clay,48,C,,20200127,39,BU54,,,Geoffrey Blancaneaux,R,180,FRA,21.47,316,123,SL94,,,Pedro Sakamoto,R,178,BRA,26.579,297,136,5-7 6-0 5-0 RET,3,R16,123,2,3,71,54,37,10,12,0,1,2,3,77,37,27,15,11,9,14,TennisMyLife,2020_challenger.csv,2020,2026-08-23T06:37:21.010456+00:00,557,eebf9b6497641e3ae6b1bd340e1579f5,NEW_MATCH,0,,geoffrey blancaneaux,pedro sakamoto,punta del este,r16,clay
2020-7853,Punta del Este,Clay,48,C,,20200127,40,MW75,,,Felipe Meligeni Alves,R,185,BRA,21.936,387,93,O660,,,Genaro Alberto Olivieri,R,175,ARG,21.481,409,84,7-6(5) 4-6 6-4,3,R16,186,1,1,123,84,50,17,16,11,17,2,4,116,70,45,18,16,5,11,TennisMyLife,2020_challenger.csv,2020,2026-08-23T06:37:21.010456+00:00,558,9cdb0a55b0f64c4ff660bb29cf639bfe,NEW_MATCH,0,,felipe meligeni alves,genaro alberto olivieri,punta del este,r16,clay
2020-7853,Punta del Este,Clay,48,C,,20200127,41,CF01,1,,Marco Cecchinato,R,185,ITA,27.324,77,710,G983,9,,Alessandro Giannessi,L,185,ITA,29.662,147,361,6-3 7-5,3,QF,94,7,1,61,40,34,13,11,2,2,0,2,83,45,32,17,10,11,13,TennisMyLife,2020_challenger.csv,2020,2026-08-23T06:37:21.010456+00:00,559,782b247495625a2eae23af234169d279,NEW_MATCH,0,,marco cecchinato,alessandro giannessi,punta del este,qf,clay
2020-7853,Punta del Este,Clay,48,C,,20200127,42,MJ08,2,,Thiago Monteiro,L,183,BRA,25.659,86,640,CC32,,,Guilherme Clezar,R,180,BRA,27.072,327,119,6-4 6-1,3,QF,73,5,2,44,29,22,11,8,0,0,4,3,68,47,29,5,9,6,10,TennisMyLife,2020_challenger.csv,2020,2026-08-23T06:37:21.010456+00:00,560,d34055bb2610758291e87e6e827e746c,NEW_MATCH,0,,thiago monteiro,guilherme clezar,punta del este,qf,clay
2020-7853,Punta del Este,Clay,48,C,,20200127,43,MF35,3,,Andrej Martin,R,183,SVK,30.352,105,528,BF23,6,,Facundo Bagnis,L,183,ARG,29.914,135,405,6-1 6-3,3,QF,62,9,3,44,29,25,9,8,1,1,6,3,50,32,18,6,8,2,6,TennisMyLife,2020_challenger.csv,2020,2026-08-23T06:37:21.010456+00:00,561,04eb26a042fd09f8745e3261d2080e6b,NEW_MATCH,0,,andrej martin,facundo bagnis,punta del este,qf,clay
2020-7853,Punta del Este,Clay,48,C,,20200127,44,MW75,,,Felipe Meligeni Alves,R,185,BRA,21.936,387,93,BU54,,,Geoffrey Blancaneaux,R,180,FRA,21.47,316,123,6-4 7-6(3),3,QF,112,1,1,79,56,39,12,11,4,6,1,3,70,53,33,8,11,6,9,TennisMyLife,2020_challenger.csv,2020,2026-08-23T06:37:21.010456+00:00,562,f75c12fd1150952b965ccbe9ca1cb459,NEW_MATCH,0,,felipe meligeni alves,geoffrey blancaneaux,punta del este,qf,clay
2020-7853,Punta del Este,Clay,48,C,,20200127,45,CF01,1,,Marco Cecchinato,R,185,ITA,27.324,77,710,MF35,3,,Andrej Martin,R,183,SVK,30.352,105,528,6-4 4-6 6-4,3,SF,145,5,3,100,62,45,19,15,6,8,6,7,97,64,46,14,15,6,9,TennisMyLife,2020_challenger.csv,2020,2026-08-23T06:37:21.010456+00:00,563,3be41bace194d520fc2668d329488306,NEW_MATCH,0,,marco cecchinato,andrej martin,punta del este,sf,clay
2020-7853,Punta del Este,Clay,48,C,,20200127,46,MJ08,2,,Thiago Monteiro,L,183,BRA,25.659,86,640,MW75,,,Felipe Meligeni Alves,R,185,BRA,21.936,387,93,6-3 6-3,3,SF,65,4,0,41,27,22,12,9,1,2,2,0,55,42,22,5,9,0,4,TennisMyLife,2020_challenger.csv,2020,2026-08-23T06:37:21.010456+00:00,564,e7ddb1ea132f9367d5d11cbdcc0a5371,NEW_MATCH,0,,thiago monteiro,felipe meligeni alves,punta del este,sf,clay
2020-7853,Punta del Este,Clay,48,C,,20200127,47,MJ08,2,,Thiago Monteiro,L,183,BRA,25.659,86,640,CF01,1,,Marco Cecchinato,R,185,ITA,27.324,77,710,7-6(3) 6-7(6) 7-5,3,F,170,4,1,124,73,55,32,18,8,9,7,2,116,82,65,15,18,6,8,TennisMyLife,2020_challenger.csv,2020,2026-08-23T06:37:21.010456+00:00,565,05768dc898c8d8251181513de6e5bcf0,NEW_MATCH,0,,thiago monteiro,marco cecchinato,punta del este,f,clay
2020-695,Dallas,Hard,48,C,,20200209,1,BH02,,,Sekou Bangoura,R,183,USA,28.227,323,117,GE33,,,Daniel Elahi Galan,R,191,COL,23.644,140,376,5-7 6-3 6-2,3,R64,119,8,4,106,66,38,27,14,5,7,8,2,94,66,46,9,15,6,11,TennisMyLife,2020_challenger.csv,2020,2026-08-23T06:37:21.010456+00:00,566,ba6fb2a68166f269a060b8ebc50bc125,NEW_MATCH,0,,sekou bangoura,daniel elahi galan,dallas,r64,hard
2020-695,Dallas,Hard,48,C,,20200209,2,BD20,,,Thomaz Bellucci,L,188,BRA,32.112,330,115,E865,,,Christopher Eubanks,R,201,USA,23.765,208,234,1-6 6-2 7-6(2),3,R64,105,9,4,86,51,40,19,13,3,5,8,7,89,54,41,18,14,4,6,TennisMyLife,2020_challenger.csv,2020,2026-08-23T06:37:21.010456+00:00,567,3459a4d70684d4eca7c51c87ec62a062,NEW_MATCH,0,,thomaz bellucci,christopher eubanks,dallas,r64,hard
2020-695,Dallas,Hard,48,C,,20200209,3,BV27,,,Ulises Blanch,R,188,USA,21.878,267,157,Z09K,,,Evan Zhu,R,185,USA,21.487,616,36,6-4 6-3,3,R64,60,4,0,53,26,21,20,10,2,2,1,1,46,21,19,14,9,1,3,TennisMyLife,2020_challenger.csv,2020,2026-08-23T06:37:21.010456+00:00,568,9139447bb5fb857c8d676d480a3d133e,NEW_MATCH,0,,ulises blanch,evan zhu,dallas,r64,hard
2020-695,Dallas,Hard,48,C,,20200209,4,C0BC,,,Maxime Cressy,R,201,USA,22.757,260,173,U120,,,Kaichi Uchida,R,180,JPN,25.465,311,123,7-6(5) 6-4,3,R64,89,19,3,57,36,33,17,11,0,0,2,2,103,60,39,24,11,12,13,TennisMyLife,2020_challenger.csv,2020,2026-08-23T06:37:21.010456+00:00,569,32e2ca7bef366170838ce53a0a24184b,NEW_MATCH,0,,maxime cressy,kaichi uchida,dallas,r64,hard
2020-695,Dallas,Hard,48,C,,20200209,5,E873,,,Ernesto Escobedo,R,185,MEX,23.6,210,226,O482,,,Gonzalo Oliveira,L,185,VEN,24.977,279,147,6-2 6-3,3,R64,51,6,2,42,32,29,7,9,0,0,4,5,47,33,22,6,8,2,5,TennisMyLife,2020_challenger.csv,2020,2026-08-23T06:37:21.010456+00:00,570,e28b5b6f689893f28b3e0bceb1f9b021,NEW_MATCH,0,,ernesto escobedo,gonzalo oliveira,dallas,r64,hard
2020-695,Dallas,Hard,48,C,,20200209,6,KB14,,,Kevin King,L,191,USA,28.947,314,122,PG20,,,Dmitry Popko,R,191,KAZ,23.294,170,307,7-5 6-3,3,R64,80,4,1,60,51,37,3,11,4,6,2,3,58,30,22,10,10,4,8,TennisMyLife,2020_challenger.csv,2020,2026-08-23T06:37:21.010456+00:00,571,4fae63ca5bba92648e5fc908f7af9130,NEW_MATCH,0,,kevin king,dmitry popko,dallas,r64,hard
2020-695,Dallas,Hard,48,C,,20200209,7,MN70,,,Joao Menezes,R,185,BRA,23.146,188,268,CF10,,,Nick Chappell,L,178,USA,27.389,469,66,6-7(6) 6-3 6-1,3,R64,112,4,4,83,61,44,13,14,2,4,1,5,100,62,39,14,14,6,12,TennisMyLife,2020_challenger.csv,2020,2026-08-23T06:37:21.010456+00:00,572,d2d3547d1d2cfe0b0d3ab786bfce44ef,NEW_MATCH,0,,joao menezes,nick chappell,dallas,r64,hard
2020-695,Dallas,Hard,48,C,,20200209,8,MP01,,,Michael Mmoh,R,188,USA,22.081,197,254,K0AZ,,,Aleksandar Kovacevic,R,183,USA,21.448,521,52,7-6(2) 7-6(7),3,R64,100,7,2,76,55,43,14,12,1,2,3,3,87,41,36,21,12,2,3,TennisMyLife,2020_challenger.csv,2020,2026-08-23T06:37:21.010456+00:00,573,1e25c26e44d5c479839d4f5fae1a3717,NEW_MATCH,0,,michael mmoh,aleksandar kovacevic,dallas,r64,hard
2020-695,Dallas,Hard,48,C,,20200209,9,N0AE,,,Brandon Nakashima,R,188,USA,18.519,306,127,H940,,,Ryan Harrison,R,185,USA,27.759,394,86,6-3 6-4,3,R64,76,5,4,63,33,24,18,10,4,5,3,1,65,44,25,11,9,5,8,TennisMyLife,2020_challenger.csv,2020,2026-08-23T06:37:21.010456+00:00,574,f238a3281c9614f35f69c3e9b8333336,NEW_MATCH,0,,brandon nakashima,ryan harrison,dallas,r64,hard
2020-695,Dallas,Hard,48,C,,20200209,10,Q941,,,Roberto Quiroz,L,193,ECU,27.962,262,169,RC21,,,Hunter Reese,R,178,USA,27.077,1918,1,7-6(3) 7-5,3,R64,90,3,1,73,45,33,17,12,2,4,4,4,85,60,39,9,12,3,6,TennisMyLife,2020_challenger.csv,2020,2026-08-23T06:37:21.010456+00:00,575,56c86d08392633876479500f79f1a93e,NEW_MATCH,0,,roberto quiroz,hunter reese,dallas,r64,hard
2020-695,Dallas,Hard,48,C,,20200209,11,RC62,,,Michael Redlicki,L,203,USA,26.231,337,111,N674,,,Dennis Novikov,R,193,USA,26.259,662,30,6-4 6-3,3,R64,69,8,0,51,25,21,17,10,1,2,11,6,62,38,30,6,9,4,7,TennisMyLife,2020_challenger.csv,2020,2026-08-23T06:37:21.010456+00:00,576,941c814644b9fa26329cfb1b6f0512f4,NEW_MATCH,0,,michael redlicki,dennis novikov,dallas,r64,hard
2020-695,Dallas,Hard,48,C,,20200209,12,R09X,,,Jurij Rodionov,L,191,AUT,20.736,362,101,CF88,,,Roberto Cid Subervi,R,193,DOM,26.445,216,219,7-6(5) 6-3,3,R64,88,3,3,68,47,37,13,11,2,3,2,3,61,43,33,8,10,3,5,TennisMyLife,2020_challenger.csv,2020,2026-08-23T06:37:21.010456+00:00,577,93683f8a42b5d95b9e4a2f46dbb67ab2,NEW_MATCH,0,,jurij rodionov,roberto cid subervi,dallas,r64,hard
2020-695,Dallas,Hard,48,C,,20200209,13,TE30,,,Alejandro Tabilo,L,188,CHI,22.689,172,302,TC12,,,Mikael Torpegaard,R,193,DEN,25.758,235,200,6-4 6-3,3,R64,61,6,1,49,30,27,13,10,0,0,6,0,48,27,21,11,9,2,4,TennisMyLife,2020_challenger.csv,2020,2026-08-23T06:37:21.010456+00:00,578,183802bc76bd1da853fe8937e1bfb65b,NEW_MATCH,0,,alejandro tabilo,mikael torpegaard,dallas,r64,hard
2020-695,Dallas,Hard,48,C,,20200209,14,V832,,,Aleksandar Vukic,R,188,AUS,23.844,256,181,RC96,,,Noah Rubin,R,175,USA,23.967,268,156,7-5 6-2,3,R64,72,14,5,67,42,34,11,10,3,4,4,1,62,34,26,9,10,2,6,TennisMyLife,2020_challenger.csv,2020,2026-08-23T06:37:21.010456+00:00,579,75883f1bd63702942fadaa415f325d30,NEW_MATCH,0,,aleksandar vukic,noah rubin,dallas,r64,hard
2020-695,Dallas,Hard,48,C,,20200209,15,WB08,,,Yosuke Watanuki,R,180,JPN,21.829,265,165,K0AH,,,Sebastian Korda,R,196,USA,19.598,238,198,6-3 7-5,3,R64,91,9,6,89,50,34,19,11,6,8,4,1,59,42,24,7,10,3,7,TennisMyLife,2020_challenger.csv,2020,2026-08-23T06:37:21.010456+00:00,580,17abfb32fcf09c7f559d4362cccd7ba2,NEW_MATCH,0,,yosuke watanuki,sebastian korda,dallas,r64,hard
2020-695,Dallas,Hard,48,C,,20200209,16,Y124,,,Donald Young,L,183,USA,30.549,292,137,KE64,,,Stefan Kozlov,R,183,USA,22.021,368,97,6-2 6-2,3,R64,74,1,2,63,42,29,12,8,10,10,1,5,52,29,19,7,8,3,7,TennisMyLife,2020_challenger.csv,2020,2026-08-23T06:37:21.010456+00:00,581,5cfb61ddd5d083e60b2e8098b9050ac7,NEW_MATCH,0,,donald young,stefan kozlov,dallas,r64,hard
2020-695,Dallas,Hard,48,C,,20200209,17,TD51,,,Frances Tiafoe,R,188,USA,22.053,79,700,V832,,,Aleksandar Vukic,R,188,AUS,23.844,256,181,4-6 7-6(7) 6-4,3,R32,113,15,4,99,70,57,11,16,3,5,21,8,108,57,48,26,16,1,3,TennisMyLife,2020_challenger.csv,2020,2026-08-23T06:37:21.010456+00:00,582,a56aea07f6d717a83a4ccf169fb6223a,NEW_MATCH,0,,frances tiafoe,aleksandar vukic,dallas,r32,hard
2020-695,Dallas,Hard,48,C,,20200209,18,R09X,,,Jurij Rodionov,L,191,AUT,20.736,362,101,SA93,2,,Andreas Seppi,R,191,ITA,35.967,95,601,6-3 6-4,3,R32,79,9,3,66,37,33,10,10,4,5,7,4,60,23,19,15,9,7,10,TennisMyLife,2020_challenger.csv,2020,2026-08-23T06:37:21.010456+00:00,583,7c3467401cf8138e31407bd6bf299461,NEW_MATCH,0,,jurij rodionov,andreas seppi,dallas,r32,hard
2020-695,Dallas,Hard,48,C,,20200209,19,KE73,3,,Dominik Koepfer,L,180,GER,25.782,92,611,BH02,,,Sekou Bangoura,R,183,USA,28.227,323,117,6-4 7-6(5),3,R32,94,5,4,70,40,29,15,11,1,3,3,3,81,47,32,13,11,5,8,TennisMyLife,2020_challenger.csv,2020,2026-08-23T06:37:21.010456+00:00,584,db1a81b24a6ec60954fb039df9799523,NEW_MATCH,0,,dominik koepfer,sekou bangoura,dallas,r32,hard
2020-695,Dallas,Hard,48,C,,20200209,20,WB08,,,Yosuke Watanuki,R,180,JPN,21.829,265,165,SP24,4,,Brayden Schnur,R,193,CAN,24.602,118,460,6-2 6-4,3,R32,66,12,1,49,35,27,10,9,2,2,7,1,63,38,21,13,9,3,6,TennisMyLife,2020_challenger.csv,2020,2026-08-23T06:37:21.010456+00:00,585,0400f9eb2f9920f8009145974d316dba,NEW_MATCH,0,,yosuke watanuki,brayden schnur,dallas,r32,hard
2020-695,Dallas,Hard,48,C,,20200209,21,KB09,5,,Denis Kudla,R,180,USA,27.48,113,479,RC62,,,Michael Redlicki,L,203,USA,26.231,337,111,6-2 7-6(2),3,R32,87,11,2,65,36,29,16,10,5,6,5,5,67,37,20,15,10,5,8,TennisMyLife,2020_challenger.csv,2020,2026-08-23T06:37:21.010456+00:00,586,9c5cc9572fd1587d31f8a72dd27d55a2,NEW_MATCH,0,,denis kudla,michael redlicki,dallas,r32,hard
2020-695,Dallas,Hard,48,C,,20200209,22,MN70,,,Joao Menezes,R,185,BRA,23.146,188,268,O483,6,,Christopher O'Connell,R,183,AUS,25.687,114,475,3-6 6-4 7-6(7),3,R32,139,6,3,109,75,45,17,15,5,9,15,4,119,65,42,26,16,8,12,TennisMyLife,2020_challenger.csv,2020,2026-08-23T06:37:21.010456+00:00,587,ca4f41507fc21ad31e6d541b4635fb2c,NEW_MATCH,0,,joao menezes,christopher o connell,dallas,r32,hard
2020-695,Dallas,Hard,48,C,,20200209,23,J380,7,,Jason Jung,R,180,TPE,30.653,128,412,KB14,,,Kevin King,L,191,USA,28.947,314,122,7-6(4) 6-4,3,R32,102,3,2,67,43,31,14,11,2,4,6,2,90,59,37,14,11,10,13,TennisMyLife,2020_challenger.csv,2020,2026-08-23T06:37:21.010456+00:00,588,d9a9671669467bc6448cda2ae8985e19,NEW_MATCH,0,,jason jung,kevin king,dallas,r32,hard
2020-695,Dallas,Hard,48,C,,20200209,24,MK66,8,,Mackenzie McDonald,R,178,USA,24.819,142,374,Y124,,,Donald Young,L,183,USA,30.549,292,137,6-4 1-6 6-4,3,R32,114,2,2,82,56,36,15,13,4,7,3,7,95,57,37,22,14,7,10,TennisMyLife,2020_challenger.csv,2020,2026-08-23T06:37:21.010456+00:00,589,28dd7b08b2a1155da8eb6b58e2499013,NEW_MATCH,0,,mackenzie mcdonald,donald young,dallas,r32,hard
2020-695,Dallas,Hard,48,C,,20200209,25,KA98,9,,Bradley Klahn,L,183,USA,29.473,123,428,Q941,,,Roberto Quiroz,L,193,ECU,27.962,262,169,7-6(6) 6-4,3,R32,89,7,7,71,39,33,17,11,0,0,2,2,71,45,33,15,11,4,5,TennisMyLife,2020_challenger.csv,2020,2026-08-23T06:37:21.010456+00:00,590,f69d8936a86156d36e51a5523075125c,NEW_MATCH,0,,bradley klahn,roberto quiroz,dallas,r32,hard
2020-695,Dallas,Hard,48,C,,20200209,26,GA36,10,,Emilio Gomez,R,185,ECU,28.2,156,337,C0BC,,,Maxime Cressy,R,201,USA,22.757,260,173,6-3 4-6 6-3,3,R32,103,4,3,82,55,42,15,14,0,1,18,8,82,55,43,11,14,4,7,TennisMyLife,2020_challenger.csv,2020,2026-08-23T06:37:21.010456+00:00,591,03fa6496ef077b8b0d5cf524b3791405,NEW_MATCH,0,,emilio gomez,maxime cressy,dallas,r32,hard
2020-695,Dallas,Hard,48,C,,20200209,27,O513,11,,Sebastian Ofner,R,191,AUT,23.745,160,323,BV27,,,Ulises Blanch,R,188,USA,21.878,267,157,6-3 6-4,3,R32,63,7,2,56,35,31,10,10,0,1,7,2,59,35,21,11,9,5,8,TennisMyLife,2020_challenger.csv,2020,2026-08-23T06:37:21.010456+00:00,592,1b1b9c8f15b59a6148d22641245fbaf2,NEW_MATCH,0,,sebastian ofner,ulises blanch,dallas,r32,hard
2020-695,Dallas,Hard,48,C,,20200209,28,KC12,12,,Mitchell Krueger,R,188,USA,26.075,166,314,BD20,,,Thomaz Bellucci,L,188,BRA,32.112,330,115,6-7(7) 6-4 7-6(9),3,R32,173,13,6,114,59,45,28,17,6,9,7,4,120,63,41,32,17,4,8,TennisMyLife,2020_challenger.csv,2020,2026-08-23T06:37:21.010456+00:00,593,a1db7414f77f17eeafd7e10eeed8cb37,NEW_MATCH,0,,mitchell krueger,thomaz bellucci,dallas,r32,hard
2020-695,Dallas,Hard,48,C,,20200209,29,I165,13,,Denis Istomin,R,185,UZB,33.424,164,317,TE30,,,Alejandro Tabilo,L,188,CHI,22.689,172,302,6-2 4-6 7-6(2),3,R32,114,13,4,96,71,55,11,15,2,4,7,4,94,56,36,24,15,6,9,TennisMyLife,2020_challenger.csv,2020,2026-08-23T06:37:21.010456+00:00,594,0f39d0e663a63be02b1a1044d18b463a,NEW_MATCH,0,,denis istomin,alejandro tabilo,dallas,r32,hard
2020-695,Dallas,Hard,48,C,,20200209,30,MP01,,,Michael Mmoh,R,188,USA,22.081,197,254,PB22,14,,Peter Polansky,R,183,CAN,31.652,187,270,6-3 6-2,3,R32,63,9,1,54,39,28,11,9,0,0,4,0,46,22,13,14,8,0,3,TennisMyLife,2020_challenger.csv,2020,2026-08-23T06:37:21.010456+00:00,595,0f9988fde1b03f0a346a77f33b8c5aac,NEW_MATCH,0,,michael mmoh,peter polansky,dallas,r32,hard
2020-695,Dallas,Hard,48,C,,20200209,31,W09G,15,,J.J. Wolf,R,183,USA,21.136,183,278,E873,,,Ernesto Escobedo,R,185,MEX,23.6,210,226,7-6(7) 6-3,3,R32,101,15,4,79,41,29,22,11,3,5,10,3,82,43,29,18,10,5,8,TennisMyLife,2020_challenger.csv,2020,2026-08-23T06:37:21.010456+00:00,596,b28abfcaca928d52b3f102e65c976a99,NEW_MATCH,0,,j j wolf,ernesto escobedo,dallas,r32,hard
2020-695,Dallas,Hard,48,C,,20200209,32,N0AE,,,Brandon Nakashima,R,188,USA,18.519,306,127,TA46,16,,Bernard Tomic,R,196,AUS,27.302,190,263,6-2 6-3,3,R32,44,3,0,48,31,25,13,9,2,2,7,2,46,34,19,6,8,4,7,TennisMyLife,2020_challenger.csv,2020,2026-08-23T06:37:21.010456+00:00,597,a32873a30132567eb12b853c76d9907b,NEW_MATCH,0,,brandon nakashima,bernard tomic,dallas,r32,hard
2020-695,Dallas,Hard,48,C,,20200209,33,TD51,,,Frances Tiafoe,R,188,USA,22.053,79,700,N0AE,,,Brandon Nakashima,R,188,USA,18.519,306,127,3-6 7-6(2) 7-5,3,R16,138,5,2,107,72,48,18,16,3,8,5,10,126,77,53,19,17,9,14,TennisMyLife,2020_challenger.csv,2020,2026-08-23T06:37:21.010456+00:00,598,2cbb28954eb991048f943b8ecf8e5ed4,NEW_MATCH,0,,frances tiafoe,brandon nakashima,dallas,r16,hard
2020-695,Dallas,Hard,48,C,,20200209,34,KE73,3,,Dominik Koepfer,L,180,GER,25.782,92,611,I165,13,,Denis Istomin,R,185,UZB,33.424,164,317,7-6(4) 6-3,3,R16,70,6,2,61,40,33,17,11,1,1,4,0,56,40,30,10,10,2,3,TennisMyLife,2020_challenger.csv,2020,2026-08-23T06:37:21.010456+00:00,599,5d587e7b16506c4fe1c86c94f2beb798,NEW_MATCH,0,,dominik koepfer,denis istomin,dallas,r16,hard
2020-695,Dallas,Hard,48,C,,20200209,35,KB09,5,,Denis Kudla,R,180,USA,27.48,113,479,KC12,12,,Mitchell Krueger,R,188,USA,26.075,166,314,4-6 6-3 6-4,3,R16,125,16,4,87,45,41,22,15,5,6,13,5,99,64,47,15,14,4,6,TennisMyLife,2020_challenger.csv,2020,2026-08-23T06:37:21.010456+00:00,600,e3493f2db940bc70de9c4a2e308d12c9,NEW_MATCH,0,,denis kudla,mitchell krueger,dallas,r16,hard
2020-695,Dallas,Hard,48,C,,20200209,36,GA36,10,,Emilio Gomez,R,185,ECU,28.2,156,337,J380,7,,Jason Jung,R,180,TPE,30.653,128,412,4-6 6-4 7-6(6),3,R16,123,10,6,92,57,48,17,16,2,4,10,2,105,61,43,28,16,4,6,TennisMyLife,2020_challenger.csv,2020,2026-08-23T06:37:21.010456+00:00,601,f296d69a203fc21b743042fa797093ab,NEW_MATCH,0,,emilio gomez,jason jung,dallas,r16,hard
2020-695,Dallas,Hard,48,C,,20200209,37,MK66,8,,Mackenzie McDonald,R,178,USA,24.819,142,374,O513,11,,Sebastian Ofner,R,191,AUT,23.745,160,323,6-3 6-4,3,R16,66,6,2,50,37,29,7,9,1,2,6,5,73,42,30,10,10,6,10,TennisMyLife,2020_challenger.csv,2020,2026-08-23T06:37:21.010456+00:00,602,70cfdb294248eb9d628247641b01c464,NEW_MATCH,0,,mackenzie mcdonald,sebastian ofner,dallas,r16,hard
2020-695,Dallas,Hard,48,C,,20200209,38,MN70,,,Joao Menezes,R,185,BRA,23.146,188,268,KA98,9,,Bradley Klahn,L,183,USA,29.473,123,428,3-6 7-6(6) 7-6(5),3,R16,144,6,2,127,89,62,18,16,8,11,5,4,100,62,51,21,17,1,3,TennisMyLife,2020_challenger.csv,2020,2026-08-23T06:37:21.010456+00:00,603,7c49c20fc52923b1fedf4cdd9a6fbd9c,NEW_MATCH,0,,joao menezes,bradley klahn,dallas,r16,hard
2020-695,Dallas,Hard,48,C,,20200209,39,W09G,15,,J.J. Wolf,R,183,USA,21.136,183,278,WB08,,,Yosuke Watanuki,R,180,JPN,21.829,265,165,6-4 7-5,3,R16,78,5,1,57,32,27,20,11,3,3,12,6,73,40,35,13,11,3,5,TennisMyLife,2020_challenger.csv,2020,2026-08-23T06:37:21.010456+00:00,604,1299924b4a0eefde6fa6530b6ee04734,NEW_MATCH,0,,j j wolf,yosuke watanuki,dallas,r16,hard
2020-695,Dallas,Hard,48,C,,20200209,40,R09X,,,Jurij Rodionov,L,191,AUT,20.736,362,101,MP01,,,Michael Mmoh,R,188,USA,22.081,197,254,6-7(4) 6-2 6-1,3,R16,125,9,1,97,59,45,21,14,4,4,5,3,102,70,47,13,13,8,12,TennisMyLife,2020_challenger.csv,2020,2026-08-23T06:37:21.010456+00:00,605,045da6f594f989061dc7ace20174c9d3,NEW_MATCH,0,,jurij rodionov,michael mmoh,dallas,r16,hard
2020-695,Dallas,Hard,48,C,,20200209,41,KB09,5,,Denis Kudla,R,180,USA,27.48,113,479,TD51,,,Frances Tiafoe,R,188,USA,22.053,79,700,6-4 7-6(6),3,QF,95,7,1,77,43,32,14,11,2,4,4,2,74,54,37,9,11,3,6,TennisMyLife,2020_challenger.csv,2020,2026-08-23T06:37:21.010456+00:00,606,2b09324fe7b1537211d52ba5ce277016,NEW_MATCH,0,,denis kudla,frances tiafoe,dallas,qf,hard
2020-695,Dallas,Hard,48,C,,20200209,42,KE73,3,,Dominik Koepfer,L,180,GER,25.782,92,611,MK66,8,,Mackenzie McDonald,R,178,USA,24.819,142,374,5-7 6-3 6-2,3,QF,130,5,8,108,60,40,30,15,8,9,4,7,95,57,39,19,14,9,12,TennisMyLife,2020_challenger.csv,2020,2026-08-23T06:37:21.010456+00:00,607,f22d39e5e1cfa232e1c758ec724c0dee,NEW_MATCH,0,,dominik koepfer,mackenzie mcdonald,dallas,qf,hard
2020-695,Dallas,Hard,48,C,,20200209,43,GA36,10,,Emilio Gomez,R,185,ECU,28.2,156,337,W09G,15,,J.J. Wolf,R,183,USA,21.136,183,278,7-6(8) 7-6(6),3,QF,108,6,3,74,42,38,20,12,2,3,13,6,101,56,43,22,12,6,7,TennisMyLife,2020_challenger.csv,2020,2026-08-23T06:37:21.010456+00:00,608,9c7bce93ab21b4a1c321e3fda0ad1c3c,NEW_MATCH,0,,emilio gomez,j j wolf,dallas,qf,hard
2020-695,Dallas,Hard,48,C,,20200209,44,R09X,,,Jurij Rodionov,L,191,AUT,20.736,362,101,MN70,,,Joao Menezes,R,185,BRA,23.146,188,268,6-4 6-4,3,QF,81,2,4,74,49,35,10,10,4,5,2,2,57,37,27,7,10,1,4,TennisMyLife,2020_challenger.csv,2020,2026-08-23T06:37:21.010456+00:00,609,3924cb72ed8287f39ca33d50f55e089a,NEW_MATCH,0,,jurij rodionov,joao menezes,dallas,qf,hard
2020-695,Dallas,Hard,48,C,,20200209,45,R09X,,,Jurij Rodionov,L,191,AUT,20.736,362,101,KE73,3,,Dominik Koepfer,L,180,GER,25.782,92,611,7-6(7) 6-2,3,SF,100,7,2,73,46,33,15,10,3,4,1,5,69,34,24,15,10,4,7,TennisMyLife,2020_challenger.csv,2020,2026-08-23T06:37:21.010456+00:00,610,d5da2f86b32489283837189a185032e5,NEW_MATCH,0,,jurij rodionov,dominik koepfer,dallas,sf,hard
2020-695,Dallas,Hard,48,C,,20200209,46,KB09,5,,Denis Kudla,R,180,USA,27.48,113,479,GA36,10,,Emilio Gomez,R,185,ECU,28.2,156,337,6-4 6-4,3,SF,75,6,0,49,32,26,10,10,1,3,8,3,70,43,29,7,10,8,12,TennisMyLife,2020_challenger.csv,2020,2026-08-23T06:37:21.010456+00:00,611,bc07a59b59fb754e5376b0c88fa7928f,NEW_MATCH,0,,denis kudla,emilio gomez,dallas,sf,hard
2020-695,Dallas,Hard,48,C,,20200209,47,R09X,,,Jurij Rodionov,L,191,AUT,20.736,362,101,KB09,5,,Denis Kudla,R,180,USA,27.48,113,479,7-5 7-6(10),3,F,118,9,2,79,47,39,18,12,2,2,8,2,94,58,41,19,12,3,4,TennisMyLife,2020_challenger.csv,2020,2026-08-23T06:37:21.010456+00:00,612,ab351cc70250b22aa99fd65de2ab5fbc,NEW_MATCH,0,,jurij rodionov,denis kudla,dallas,f,hard
2020-398,Cherbourg,Hard,48,C,,20200216,1,A622,,,Andrea Arnaboldi,L,180,ITA,32.14,287,139,KC33,,,Dimitar Kuzmanov,R,183,BUL,26.554,315,120,6-4 6-2,3,R64,74,4,2,57,38,30,11,9,4,4,3,4,55,38,23,8,9,3,6,TennisMyLife,2020_challenger.csv,2020,2026-08-23T06:37:21.010456+00:00,613,3b94fe07a624815e52234d26a8457719,NEW_MATCH,0,,andrea arnaboldi,dimitar kuzmanov,cherbourg,r64,hard
2020-398,Cherbourg,Hard,48,C,,20200216,2,BE67,,,Mirza Basic,R,188,BIH,28.6,313,122,V495,,,Luca Vanni,R,198,ITA,34.702,396,85,6-3 6-4,3,R64,55,6,0,49,31,24,16,10,0,0,10,2,47,30,23,9,9,2,4,TennisMyLife,2020_challenger.csv,2020,2026-08-23T06:37:21.010456+00:00,614,bf0ad5bcba82cf67c654a1ab00f7456b,NEW_MATCH,0,,mirza basic,luca vanni,cherbourg,r64,hard
2020-398,Cherbourg,Hard,48,C,,20200216,3,BE54,,,Ruben Bemelmans,L,183,BEL,32.09,251,186,PH64,,,Andrea Pellegrino,R,185,ITA,22.902,333,115,6-3 6-1,3,R64,61,11,0,42,30,26,6,8,0,0,3,5,68,43,26,9,8,7,11,TennisMyLife,2020_challenger.csv,2020,2026-08-23T06:37:21.010456+00:00,615,4e3f7a0924f2929b7a183d7cfa8ccb47,NEW_MATCH,0,,ruben bemelmans,andrea pellegrino,cherbourg,r64,hard
2020-398,Cherbourg,Hard,48,C,,20200216,4,D981,,,Arthur De Greef,R,183,BEL,27.89,291,137,E688,,,Markus Eriksson,R,188,SWE,30.215,304,130,6-4 6-4,3,R64,82,8,0,69,39,28,18,10,6,7,6,3,62,41,29,9,10,3,6,TennisMyLife,2020_challenger.csv,2020,2026-08-23T06:37:21.010456+00:00,616,e385dc4003540ca3b48a8a43bd3ecc91,NEW_MATCH,0,,arthur de greef,markus eriksson,cherbourg,r64,hard
2020-398,Cherbourg,Hard,48,C,,20200216,5,G681,,,Teymuraz Gabashvili,R,185,GEO,34.735,270,155,BV24,,,Raul Brancaccio,R,183,ITA,22.787,369,98,6-0 6-3,3,R64,54,11,2,50,32,27,9,8,4,4,2,3,50,27,17,9,7,3,7,TennisMyLife,2020_challenger.csv,2020,2026-08-23T06:37:21.010456+00:00,617,7db7c2980732e7c6b1b2f394ef668f15,NEW_MATCH,0,,teymuraz gabashvili,raul brancaccio,cherbourg,r64,hard
2020-398,Cherbourg,Hard,48,C,,20200216,6,GF95,,,Hugo Grenier,R,196,FRA,23.901,250,187,A09T,,,Dan Added,R,183,FRA,20.846,374,96,6-3 6-2,3,R64,63,4,0,55,41,29,10,9,5,5,0,1,55,30,21,10,8,0,3,TennisMyLife,2020_challenger.csv,2020,2026-08-23T06:37:21.010456+00:00,618,c0ca9912bab585575930a0fbd31b67bc,NEW_MATCH,0,,hugo grenier,dan added,cherbourg,r64,hard
2020-398,Cherbourg,Hard,48,C,,20200216,7,ME89,,,Illya Marchenko,R,185,UKR,32.441,255,180,MJ71,,,Mats Moraing,L,198,GER,27.658,225,206,6-3 6-4,3,R64,61,7,1,52,29,24,16,10,0,0,8,3,56,37,28,9,9,4,6,TennisMyLife,2020_challenger.csv,2020,2026-08-23T06:37:21.010456+00:00,619,3eef8182664b98c561feeb11bb9642c8,NEW_MATCH,0,,illya marchenko,mats moraing,cherbourg,r64,hard
2020-398,Cherbourg,Hard,48,C,,20200216,8,MK26,,,Jules Marie,R,185,FRA,28.46,965,10,KI63,,,Lukas Klein,R,193,SVK,21.906,300,133,6-2 7-6(2),3,R64,75,3,0,69,50,35,11,10,4,5,3,3,61,36,27,8,10,1,4,TennisMyLife,2020_challenger.csv,2020,2026-08-23T06:37:21.010456+00:00,620,98cf868c0872699f91bfb68524076840,NEW_MATCH,0,,jules marie,lukas klein,cherbourg,r64,hard
2020-398,Cherbourg,Hard,48,C,,20200216,9,MN13,,,Maximilian Marterer,L,188,GER,24.674,342,109,G09O,,,Hugo Gaston,L,173,FRA,19.389,248,187,6-7(5) 6-4 6-4,3,R64,121,6,0,90,60,45,18,16,1,3,5,3,107,65,45,22,16,2,6,TennisMyLife,2020_challenger.csv,2020,2026-08-23T06:37:21.010456+00:00,621,a34d50a78217164c08b21cd4de9cdc1a,NEW_MATCH,0,,maximilian marterer,hugo gaston,cherbourg,r64,hard
2020-398,Cherbourg,Hard,48,C,,20200216,10,MW76,,,Matteo Martineau,R,183,FRA,21.084,434,73,D750,,,Kenny De Schepper,L,203,FRA,32.72,702,26,6-3 4-6 6-4,3,R64,106,7,0,90,53,42,19,14,3,4,9,3,91,67,43,14,15,2,5,TennisMyLife,2020_challenger.csv,2020,2026-08-23T06:37:21.010456+00:00,622,cbe639dfd2582924817c5cd1ef3fbdce,NEW_MATCH,0,,matteo martineau,kenny de schepper,cherbourg,r64,hard
2020-398,Cherbourg,Hard,48,C,,20200216,11,M0G4,,,Harold Mayot,R,180,FRA,18.031,525,51,K09F,,,Pavel Kotov,R,191,RUS,21.246,282,143,3-6 6-3 7-6(1),3,R64,122,10,6,89,53,43,17,15,6,9,2,1,91,55,35,22,15,3,6,TennisMyLife,2020_challenger.csv,2020,2026-08-23T06:37:21.010456+00:00,623,7d27168e7116f09b91b6048e9237472d,NEW_MATCH,0,,harold mayot,pavel kotov,cherbourg,r64,hard
2020-398,Cherbourg,Hard,48,C,,20200216,12,M0EJ,,,Lorenzo Musetti,R,185,ITA,17.958,310,123,MO55,,,Lucas Miedler,R,183,AUT,23.655,277,146,6-1 7-5,3,R64,66,3,4,52,32,28,11,10,2,3,0,2,51,29,15,11,9,1,5,TennisMyLife,2020_challenger.csv,2020,2026-08-23T06:37:21.010456+00:00,624,197d6c05c9f472e1bbcd18b01d026d3b,NEW_MATCH,0,,lorenzo musetti,lucas miedler,cherbourg,r64,hard
2020-398,Cherbourg,Hard,48,C,,20200216,13,N503,,,Aleksandr Nedovyesov,R,188,KAZ,33.002,321,119,I236,,,Uladzimir Ignatik,R,183,BLR,29.593,360,103,6-3 3-6 7-6(4),3,R64,123,12,1,91,68,52,13,15,2,3,9,0,103,69,52,19,15,6,7,TennisMyLife,2020_challenger.csv,2020,2026-08-23T06:37:21.010456+00:00,625,a7ea5777133efe635cb13fd16899ac83,NEW_MATCH,0,,aleksandr nedovyesov,uladzimir ignatik,cherbourg,r64,hard
2020-398,Cherbourg,Hard,48,C,,20200216,14,SX50,,,Roman Safiullin,R,185,RUS,22.527,231,204,BA65,,,Dustin Brown,R,196,JAM,35.19,242,195,6-1 6-2,3,R64,40,7,1,37,24,22,10,8,0,0,1,2,46,30,19,3,7,1,5,TennisMyLife,2020_challenger.csv,2020,2026-08-23T06:37:21.010456+00:00,626,3f3ceb76731add65a3d32ffc35cc3a1a,NEW_MATCH,0,,roman safiullin,dustin brown,cherbourg,r64,hard
2020-398,Cherbourg,Hard,48,C,,20200216,15,SP80,,,Nino Serdarusic,R,191,CRO,23.176,290,138,DC76,,,Viktor Durasovic,R,185,NOR,22.913,339,111,6-3 7-6(8),3,R64,89,4,1,78,46,33,18,11,5,7,4,0,66,53,34,8,10,2,5,TennisMyLife,2020_challenger.csv,2020,2026-08-23T06:37:21.010456+00:00,627,53502a99cbb0daaae59bc24e51d8283b,NEW_MATCH,0,,nino serdarusic,viktor durasovic,cherbourg,r64,hard
2020-398,Cherbourg,Hard,48,C,,20200216,16,Z168,,,Mischa Zverev,L,191,GER,32.487,272,153,KI82,,,Vit Kopriva,R,178,CZE,22.672,309,126,6-2 7-5,3,R64,93,3,3,63,35,24,14,10,5,8,5,6,80,46,29,10,10,4,10,TennisMyLife,2020_challenger.csv,2020,2026-08-23T06:37:21.010456+00:00,628,305447b2d6c0b3021dd60c8e6ed97417,NEW_MATCH,0,,mischa zverev,vit kopriva,cherbourg,r64,hard
2020-398,Cherbourg,Hard,48,C,,20200216,17,HA71,1,,Antoine Hoang,R,183,FRA,24.285,138,383,M0G4,,,Harold Mayot,R,180,FRA,18.031,525,51,4-6 6-3 7-6(4),3,R32,118,11,3,86,61,52,11,16,3,5,3,3,93,53,42,20,15,6,8,TennisMyLife,2020_challenger.csv,2020,2026-08-23T06:37:21.010456+00:00,629,f201c5fd7eb0910c3ec797c5aa89981e,NEW_MATCH,0,,antoine hoang,harold mayot,cherbourg,r32,hard
2020-398,Cherbourg,Hard,48,C,,20200216,18,MJ01,2,,Roberto Marcora,R,193,ITA,30.464,166,306,D981,,,Arthur De Greef,R,183,BEL,27.89,291,137,6-3 6-4,3,R32,69,2,0,61,39,29,12,10,4,5,3,1,47,26,17,12,9,2,5,TennisMyLife,2020_challenger.csv,2020,2026-08-23T06:37:21.010456+00:00,630,9eb27b2e2288c0da32a9ee9af028863a,NEW_MATCH,0,,roberto marcora,arthur de greef,cherbourg,r32,hard
2020-398,Cherbourg,Hard,48,C,,20200216,19,J620,3,,Maxime Janvier,R,196,FRA,23.329,179,281,GF95,,,Hugo Grenier,R,196,FRA,23.901,250,187,6-1 4-6 6-3,3,R32,104,0,5,84,48,34,18,13,1,4,4,1,75,53,30,10,13,3,9,TennisMyLife,2020_challenger.csv,2020,2026-08-23T06:37:21.010456+00:00,631,dd436431049eb1aa7ef2094d614baa30,NEW_MATCH,0,,maxime janvier,hugo grenier,cherbourg,r32,hard
2020-398,Cherbourg,Hard,48,C,,20200216,20,Z168,,,Mischa Zverev,L,191,GER,32.487,272,153,TA29,4,,Marco Trungelliti,R,178,ARG,30.042,195,257,6-0 6-4,3,R32,59,3,1,43,31,26,6,8,0,0,5,0,52,29,18,9,8,1,5,TennisMyLife,2020_challenger.csv,2020,2026-08-23T06:37:21.010456+00:00,632,d4bc685f4047efd917ead10dbb3f9002,NEW_MATCH,0,,mischa zverev,marco trungelliti,cherbourg,r32,hard
2020-398,Cherbourg,Hard,48,C,,20200216,21,HB64,5,,Quentin Halys,R,191,FRA,23.307,203,241,ME89,,,Illya Marchenko,R,185,UKR,32.441,255,180,6-3 6-7(5) 7-6(4),3,R32,143,20,8,97,59,53,22,17,0,0,5,8,112,56,41,33,16,3,4,TennisMyLife,2020_challenger.csv,2020,2026-08-23T06:37:21.010456+00:00,633,60720b4643909160c35a6067e468a3cc,NEW_MATCH,0,,quentin halys,illya marchenko,cherbourg,r32,hard
2020-398,Cherbourg,Hard,48,C,,20200216,22,BE67,,,Mirza Basic,R,188,BIH,28.6,313,122,I306,6,,Cem Ilkel,R,185,TUR,24.49,199,245,3-6 6-2 6-3,3,R32,87,7,1,84,56,41,14,13,6,7,10,2,74,48,36,13,13,1,4,TennisMyLife,2020_challenger.csv,2020,2026-08-23T06:37:21.010456+00:00,634,5a95977b1c01357203e11c670561152d,NEW_MATCH,0,,mirza basic,cem ilkel,cherbourg,r32,hard
2020-398,Cherbourg,Hard,48,C,,20200216,23,MW76,,,Matteo Martineau,R,183,FRA,21.084,434,73,LB66,7,,Constant Lestienne,R,180,FRA,27.734,202,244,6-3 7-6(5),3,R32,85,9,0,66,48,41,11,10,3,3,10,1,81,47,36,18,11,2,4,TennisMyLife,2020_challenger.csv,2020,2026-08-23T06:37:21.010456+00:00,635,2b6cf3427d144707aa4f7fe0a67526cf,NEW_MATCH,0,,matteo martineau,constant lestienne,cherbourg,r32,hard
2020-398,Cherbourg,Hard,48,C,,20200216,24,Z419,8,,Bernabe Zapata Miralles,R,183,ESP,23.094,210,226,N503,,,Aleksandr Nedovyesov,R,188,KAZ,33.002,321,119,7-6(2) 6-2,3,R32,78,3,1,72,50,38,11,10,5,6,2,0,73,50,28,14,10,3,6,TennisMyLife,2020_challenger.csv,2020,2026-08-23T06:37:21.010456+00:00,636,5998329e9b0740b1fdb078c2639405e3,NEW_MATCH,0,,bernabe zapata miralles,aleksandr nedovyesov,cherbourg,r32,hard
2020-398,Cherbourg,Hard,48,C,,20200216,25,M0EJ,,,Lorenzo Musetti,R,185,ITA,17.958,310,123,MI01,9,,Hiroki Moriya,R,168,JPN,29.336,211,225,6-4 6-4,3,R32,79,2,1,53,31,24,15,10,2,3,2,2,66,48,29,7,10,4,7,TennisMyLife,2020_challenger.csv,2020,2026-08-23T06:37:21.010456+00:00,637,de3c24d054bdc337c8cdb53b6b3128fd,NEW_MATCH,0,,lorenzo musetti,hiroki moriya,cherbourg,r32,hard
2020-398,Cherbourg,Hard,48,C,,20200216,26,A622,,,Andrea Arnaboldi,L,180,ITA,32.14,287,139,V717,10,,Alexey Vatutin,R,178,RUS,27.305,212,223,7-6(3) 6-2,3,R32,96,5,3,86,56,40,13,10,7,8,2,2,69,31,20,16,10,3,6,TennisMyLife,2020_challenger.csv,2020,2026-08-23T06:37:21.010456+00:00,638,7418faae62975933eb4e1c6315321e59,NEW_MATCH,0,,andrea arnaboldi,alexey vatutin,cherbourg,r32,hard
2020-398,Cherbourg,Hard,48,C,,20200216,27,BC65,11,,Matthias Bachinger,R,188,GER,32.876,222,211,MN13,,,Maximilian Marterer,L,188,GER,24.674,342,109,2-6 7-6(5) 6-4,3,R32,119,10,2,111,71,52,18,15,10,13,11,1,87,61,47,15,15,4,6,TennisMyLife,2020_challenger.csv,2020,2026-08-23T06:37:21.010456+00:00,639,796cce70701c27a106ad5b35a3c9966c,NEW_MATCH,0,,matthias bachinger,maximilian marterer,cherbourg,r32,hard
2020-398,Cherbourg,Hard,48,C,,20200216,28,KH56,12,,Zdenek Kolar,R,183,CZE,23.354,224,208,SP80,,,Nino Serdarusic,R,191,CRO,23.176,290,138,7-5 6-7(4) 6-4,3,R32,137,5,2,95,66,51,22,17,0,0,14,2,116,80,58,20,17,4,6,TennisMyLife,2020_challenger.csv,2020,2026-08-23T06:37:21.010456+00:00,640,d3d10cfdff5f1c78af9bfaa26310dc2b,NEW_MATCH,0,,zdenek kolar,nino serdarusic,cherbourg,r32,hard
2020-398,Cherbourg,Hard,48,C,,20200216,29,MK26,,,Jules Marie,R,185,FRA,28.46,965,10,V490,13,,Matteo Viola,R,185,ITA,32.613,214,218,6-3 3-6 7-6(5),3,R32,130,4,1,108,72,40,14,15,3,11,4,3,102,72,43,10,15,7,15,TennisMyLife,2020_challenger.csv,2020,2026-08-23T06:37:21.010456+00:00,641,c677bba8f466f492555e3ab7c7a27f01,NEW_MATCH,0,,jules marie,matteo viola,cherbourg,r32,hard
2020-398,Cherbourg,Hard,48,C,,20200216,30,BE54,,,Ruben Bemelmans,L,183,BEL,32.09,251,186,LC11,14,,Tristan Lamasine,R,183,FRA,26.951,217,215,6-4 6-7(2) 6-3,3,R32,150,9,1,95,67,51,15,16,4,6,4,4,127,77,49,26,15,5,9,TennisMyLife,2020_challenger.csv,2020,2026-08-23T06:37:21.010456+00:00,642,722d5fea5beb15165761ebd8a5b542dd,NEW_MATCH,0,,ruben bemelmans,tristan lamasine,cherbourg,r32,hard
2020-398,Cherbourg,Hard,48,C,,20200216,31,SX50,,,Roman Safiullin,R,185,RUS,22.527,231,204,BK19,15,,Mathias Bourgue,R,188,FRA,26.078,244,194,6-2 1-6 7-5,3,R32,125,2,3,75,56,41,9,13,1,4,11,5,117,68,48,19,14,12,16,TennisMyLife,2020_challenger.csv,2020,2026-08-23T06:37:21.010456+00:00,643,2e87e6d1a8b0cb09c2a3a19ea858088c,NEW_MATCH,0,,roman safiullin,mathias bourgue,cherbourg,r32,hard
2020-398,Cherbourg,Hard,48,C,,20200216,32,G681,,,Teymuraz Gabashvili,R,185,GEO,34.735,270,155,KI74,16,,Nicola Kuhn,R,185,GER,19.91,246,191,7-6(3) 6-1,3,R32,73,3,2,49,27,21,15,9,0,1,7,5,67,37,27,11,10,3,7,TennisMyLife,2020_challenger.csv,2020,2026-08-23T06:37:21.010456+00:00,644,e0fdce253fe81ff1c1dc447c98511f16,NEW_MATCH,0,,teymuraz gabashvili,nicola kuhn,cherbourg,r32,hard
2020-398,Cherbourg,Hard,48,C,,20200216,33,HA71,1,,Antoine Hoang,R,183,FRA,24.285,138,383,G681,,,Teymuraz Gabashvili,R,185,GEO,34.735,270,155,6-4 5-7 6-4,3,R16,146,6,7,110,74,51,18,16,12,14,10,9,99,52,43,22,16,10,13,TennisMyLife,2020_challenger.csv,2020,2026-08-23T06:37:21.010456+00:00,645,db6a8e591d4aa6221a89b6a42320f2c1,NEW_MATCH,0,,antoine hoang,teymuraz gabashvili,cherbourg,r16,hard
2020-398,Cherbourg,Hard,48,C,,20200216,34,MJ01,2,,Roberto Marcora,R,193,ITA,30.464,166,306,MK26,,,Jules Marie,R,185,FRA,28.46,965,10,7-6(3) 7-5,3,R16,102,10,1,75,52,40,14,12,3,4,1,3,81,69,45,6,12,8,10,TennisMyLife,2020_challenger.csv,2020,2026-08-23T06:37:21.010456+00:00,646,6849e99846a08aa8e33ecd7b2ff0075a,NEW_MATCH,0,,roberto marcora,jules marie,cherbourg,r16,hard
2020-398,Cherbourg,Hard,48,C,,20200216,35,SX50,,,Roman Safiullin,R,185,RUS,22.527,231,204,J620,3,,Maxime Janvier,R,196,FRA,23.329,179,281,3-6 6-4 7-5,3,R16,127,7,7,99,61,43,20,15,5,8,5,11,106,68,46,19,16,6,10,TennisMyLife,2020_challenger.csv,2020,2026-08-23T06:37:21.010456+00:00,647,214e6be84776bc5cfc14b49cec4ab18d,NEW_MATCH,0,,roman safiullin,maxime janvier,cherbourg,r16,hard
2020-398,Cherbourg,Hard,48,C,,20200216,36,HB64,5,,Quentin Halys,R,191,FRA,23.307,203,241,M0EJ,,,Lorenzo Musetti,R,185,ITA,17.958,310,123,6-7(8) 6-4 6-3,3,R16,138,15,15,100,64,56,14,15,0,1,3,6,122,74,50,24,16,9,13,TennisMyLife,2020_challenger.csv,2020,2026-08-23T06:37:21.010456+00:00,648,811ece3a8bcb8af79be18a163d4de012,NEW_MATCH,0,,quentin halys,lorenzo musetti,cherbourg,r16,hard
2020-398,Cherbourg,Hard,48,C,,20200216,37,BC65,11,,Matthias Bachinger,R,188,GER,32.876,222,211,Z419,8,,Bernabe Zapata Miralles,R,183,ESP,23.094,210,226,7-5 6-2,3,R16,64,7,0,60,40,31,12,10,1,1,3,1,50,37,27,7,10,0,3,TennisMyLife,2020_challenger.csv,2020,2026-08-23T06:37:21.010456+00:00,649,8acc6c1bcdce72cc5a777b8717ec007f,NEW_MATCH,0,,matthias bachinger,bernabe zapata miralles,cherbourg,r16,hard
2020-398,Cherbourg,Hard,48,C,,20200216,38,KH56,12,,Zdenek Kolar,R,183,CZE,23.354,224,208,MW76,,,Matteo Martineau,R,183,FRA,21.084,434,73,2-6 6-4 6-4,3,R16,97,2,3,82,53,36,16,14,2,5,11,1,70,45,36,14,14,3,6,TennisMyLife,2020_challenger.csv,2020,2026-08-23T06:37:21.010456+00:00,650,9c0df95002256a6eded873d245cd7b95,NEW_MATCH,0,,zdenek kolar,matteo martineau,cherbourg,r16,hard
2020-398,Cherbourg,Hard,48,C,,20200216,39,BE67,,,Mirza Basic,R,188,BIH,28.6,313,122,A622,,,Andrea Arnaboldi,L,180,ITA,32.14,287,139,4-6 7-6(3) 6-3,3,R16,129,14,2,129,85,60,23,16,10,12,5,2,90,58,47,14,15,4,6,TennisMyLife,2020_challenger.csv,2020,2026-08-23T06:37:21.010456+00:00,651,323e921bbb07249133bc186b3643569a,NEW_MATCH,0,,mirza basic,andrea arnaboldi,cherbourg,r16,hard
2020-398,Cherbourg,Hard,48,C,,20200216,40,Z168,,,Mischa Zverev,L,191,GER,32.487,272,153,BE54,,,Ruben Bemelmans,L,183,BEL,32.09,251,186,6-2 6-4,3,R16,64,0,1,44,30,24,8,9,0,1,2,1,57,40,23,8,9,4,8,TennisMyLife,2020_challenger.csv,2020,2026-08-23T06:37:21.010456+00:00,652,f2fa5e9924fd2e845c5baf172f710357,NEW_MATCH,0,,mischa zverev,ruben bemelmans,cherbourg,r16,hard
2020-398,Cherbourg,Hard,48,C,,20200216,41,HA71,1,,Antoine Hoang,R,183,FRA,24.285,138,383,BC65,11,,Matthias Bachinger,R,188,GER,32.876,222,211,6-1 6-2,3,QF,51,6,2,40,29,27,5,8,0,0,2,0,42,27,16,3,7,1,5,TennisMyLife,2020_challenger.csv,2020,2026-08-23T06:37:21.010456+00:00,653,1cbcc4f75b1de282a213135d277664c8,NEW_MATCH,0,,antoine hoang,matthias bachinger,cherbourg,qf,hard
2020-398,Cherbourg,Hard,48,C,,20200216,42,MJ01,2,,Roberto Marcora,R,193,ITA,30.464,166,306,KH56,12,,Zdenek Kolar,R,183,CZE,23.354,224,208,6-2 6-2,3,QF,57,6,0,38,28,24,8,8,0,0,3,1,55,38,21,7,8,2,6,TennisMyLife,2020_challenger.csv,2020,2026-08-23T06:37:21.010456+00:00,654,038cc713396bb5e38e70fe5cccb63579,NEW_MATCH,0,,roberto marcora,zdenek kolar,cherbourg,qf,hard
2020-398,Cherbourg,Hard,48,C,,20200216,43,SX50,,,Roman Safiullin,R,185,RUS,22.527,231,204,HB64,5,,Quentin Halys,R,191,FRA,23.307,203,241,6-2 3-6 6-3,3,QF,85,7,4,73,51,43,10,13,2,4,6,7,67,41,35,6,13,1,5,TennisMyLife,2020_challenger.csv,2020,2026-08-23T06:37:21.010456+00:00,655,82615c7be7084842ad828449c9f24073,NEW_MATCH,0,,roman safiullin,quentin halys,cherbourg,qf,hard
2020-398,Cherbourg,Hard,48,C,,20200216,44,Z168,,,Mischa Zverev,L,191,GER,32.487,272,153,BE67,,,Mirza Basic,R,188,BIH,28.6,313,122,6-4 6-4,3,QF,72,1,1,59,41,34,9,10,3,3,4,2,58,36,27,12,10,0,2,TennisMyLife,2020_challenger.csv,2020,2026-08-23T06:37:21.010456+00:00,656,52b3340d471770d27a9deeb3edff7316,NEW_MATCH,0,,mischa zverev,mirza basic,cherbourg,qf,hard
2020-398,Cherbourg,Hard,48,C,,20200216,45,SX50,,,Roman Safiullin,R,185,RUS,22.527,231,204,HA71,1,,Antoine Hoang,R,183,FRA,24.285,138,383,6-2 3-6 6-1,3,SF,104,14,5,77,52,40,12,12,10,12,7,5,78,56,35,8,12,9,14,TennisMyLife,2020_challenger.csv,2020,2026-08-23T06:37:21.010456+00:00,657,a45d1f6de0ca62834c69dd8539c139c5,NEW_MATCH,0,,roman safiullin,antoine hoang,cherbourg,sf,hard
2020-398,Cherbourg,Hard,48,C,,20200216,46,MJ01,2,,Roberto Marcora,R,193,ITA,30.464,166,306,Z168,,,Mischa Zverev,L,191,GER,32.487,272,153,6-4 4-6 7-6(9),3,SF,141,8,2,102,74,55,18,16,2,3,6,0,117,77,57,22,16,7,8,TennisMyLife,2020_challenger.csv,2020,2026-08-23T06:37:21.010456+00:00,658,61a43a123c7d1f5843bd81f9a58d2452,NEW_MATCH,0,,roberto marcora,mischa zverev,cherbourg,sf,hard
2020-398,Cherbourg,Hard,48,C,,20200216,47,SX50,,,Roman Safiullin,R,185,RUS,22.527,231,204,MJ01,2,,Roberto Marcora,R,193,ITA,30.464,166,306,6-4 6-2,3,F,63,6,3,61,38,26,15,9,0,0,5,0,46,31,21,8,9,2,5,TennisMyLife,2020_challenger.csv,2020,2026-08-23T06:37:21.010456+00:00,659,690d1674a045257ccc55707423ee3f12,NEW_MATCH,0,,roman safiullin,roberto marcora,cherbourg,f,hard
2020-7808,Bengaluru,Hard,48,C,,20200216,1,BM03,,,Filippo Baldi,R,180,ITA,24.101,249,187,KD87,,,Evgeny Karlovskiy,R,191,RUS,25.528,237,198,6-2 7-5,3,R64,76,2,1,67,40,29,14,10,5,6,4,3,54,37,23,9,10,3,7,TennisMyLife,2020_challenger.csv,2020,2026-08-23T06:37:21.010456+00:00,660,59dfb8b970c3ad89297dfc30302901b0,NEW_MATCH,0,,filippo baldi,evgeny karlovskiy,bengaluru,r64,hard
2020-7808,Bengaluru,Hard,48,C,,20200216,2,BM95,,,Benjamin Bonzi,R,183,FRA,23.688,368,98,SY74,,,Manish Sureshkumar,R,180,IND,20.512,664,30,6-2 6-3,3,R64,60,3,1,54,32,21,14,9,2,4,2,2,49,31,16,7,8,1,6,TennisMyLife,2020_challenger.csv,2020,2026-08-23T06:37:21.010456+00:00,661,8cfab55301c3c0b30df658c552a5ba05,NEW_MATCH,0,,benjamin bonzi,manish sureshkumar,bengaluru,r64,hard
2020-7808,Bengaluru,Hard,48,C,,20200216,3,E690,,,Matthew Ebden,R,188,AUS,32.225,293,136,T982,,,Tsung-Hua Yang,R,178,TPE,28.887,317,120,6-0 4-6 7-6(2),3,R64,123,8,3,88,65,45,13,14,8,10,8,6,100,45,33,24,14,2,6,TennisMyLife,2020_challenger.csv,2020,2026-08-23T06:37:21.010456+00:00,662,af92e876b9fe73f069d9c286e3ec0035,NEW_MATCH,0,,matthew ebden,tsung hua yang,bengaluru,r64,hard
2020-7808,Bengaluru,Hard,48,C,,20200216,4,F664,,,Sebastian Fanselow,R,,GER,28.131,609,36,BM05,,,Bogdan Bobrov,R,185,RUS,22.418,443,71,6-2 6-3,3,R64,54,2,2,45,28,22,11,9,0,1,0,1,48,26,12,11,8,4,8,TennisMyLife,2020_challenger.csv,2020,2026-08-23T06:37:21.010456+00:00,663,c4f24a9b47cf16f9f3c505769d601e5a,NEW_MATCH,0,,sebastian fanselow,bogdan bobrov,bengaluru,r64,hard
2020-7808,Bengaluru,Hard,48,C,,20200216,5,SN54,,,Frederico Ferreira Silva,L,178,POR,24.917,193,258,MJ70,,,Karim-Mohamed Maamoun,R,175,EGY,28.857,365,100,6-1 3-6 6-0,3,R64,99,9,0,67,38,31,13,11,4,6,1,4,69,38,21,10,11,5,11,TennisMyLife,2020_challenger.csv,2020,2026-08-23T06:37:21.010456+00:00,664,12d258cfcbbf3e1c41fff3e51792dc77,NEW_MATCH,0,,frederico ferreira silva,karim mohamed maamoun,bengaluru,r64,hard
2020-7808,Bengaluru,Hard,48,C,,20200216,6,J267,,,Malek Jaziri,R,185,TUN,36.074,260,176,KD43,,,Arjun Kadhe,R,185,IND,26.108,672,29,6-2 7-6(5),3,R64,81,7,0,59,35,31,13,10,3,4,2,3,67,37,26,15,10,4,7,TennisMyLife,2020_challenger.csv,2020,2026-08-23T06:37:21.010456+00:00,665,6999997b31549508799816143866f741,NEW_MATCH,0,,malek jaziri,arjun kadhe,bengaluru,r64,hard
2020-7808,Bengaluru,Hard,48,C,,20200216,7,KH77,,,Niki Kaliyanda Poonacha,R,191,IND,24.808,1105,7,K0AB,,,Adil Kalyanpur,R,188,IND,20.057,1028,9,6-4 6-7(5) 7-6(4),3,R64,154,8,4,118,80,58,18,17,4,7,1,13,147,108,66,17,17,6,10,TennisMyLife,2020_challenger.csv,2020,2026-08-23T06:37:21.010456+00:00,666,69e13dac93cb7c0ff367dd052c7ee415,NEW_MATCH,0,,niki kaliyanda poonacha,adil kalyanpur,bengaluru,r64,hard
2020-7808,Bengaluru,Hard,48,C,,20200216,8,LC12,,,Laurent Lokoli,R,188,FRA,25.331,349,107,PG32,,,Adam Pavlasek,R,185,CZE,25.358,380,93,6-3 7-6(4),3,R64,89,2,8,71,48,34,10,11,1,4,4,2,63,37,24,13,10,1,5,TennisMyLife,2020_challenger.csv,2020,2026-08-23T06:37:21.010456+00:00,667,144098cae5993876d1c4dc1bc1518157,NEW_MATCH,0,,laurent lokoli,adam pavlasek,bengaluru,r64,hard
2020-7808,Bengaluru,Hard,48,C,,20200216,9,ME64,,,Saketh Myneni,R,193,IND,32.329,427,74,KC56,,,Aslan Karatsev,R,185,RUS,26.45,257,179,6-3 6-3,3,R64,63,3,0,55,38,25,14,9,3,3,5,6,49,26,19,9,9,2,5,TennisMyLife,2020_challenger.csv,2020,2026-08-23T06:37:21.010456+00:00,668,0985430da809c202b4c76c0fa61bd79f,NEW_MATCH,0,,saketh myneni,aslan karatsev,bengaluru,r64,hard
2020-7808,Bengaluru,Hard,48,C,,20200216,10,O507,,,Julian Ocleppo,R,191,ITA,22.543,391,88,CO03,,,Anirudh Chandrasekar,L,180,IND,21.602,1057,8,6-2 6-1,3,R64,56,6,4,36,20,19,9,7,0,0,3,7,63,37,21,9,8,7,12,TennisMyLife,2020_challenger.csv,2020,2026-08-23T06:37:21.010456+00:00,669,5f3daa3d22ec385b5ea944584c8a9c4f,NEW_MATCH,0,,julian ocleppo,anirudh chandrasekar,bengaluru,r64,hard
2020-7808,Bengaluru,Hard,48,C,,20200216,11,O659,,,Vladyslav Orlov,R,188,UKR,24.753,411,81,PH19,,,Suraj R Prabodh,R,188,IND,25.106,1858,1,6-2 6-2,3,R64,63,0,1,39,20,16,13,8,0,1,1,8,54,30,17,6,8,1,6,TennisMyLife,2020_challenger.csv,2020,2026-08-23T06:37:21.010456+00:00,670,491fc491266eb94d2244a82afc7f3f64,NEW_MATCH,0,,vladyslav orlov,suraj r prabodh,bengaluru,r64,hard
2020-7808,Bengaluru,Hard,48,C,,20200216,12,RB86,,,Sidharth Rawat,R,175,IND,26.823,480,63,GH92,,,Borna Gojo,R,196,CRO,21.969,268,157,3-6 7-6(3) 7-6(3),3,R64,111,8,1,104,45,35,35,16,4,7,12,10,107,63,50,21,17,4,6,TennisMyLife,2020_challenger.csv,2020,2026-08-23T06:37:21.010456+00:00,671,3d33422a91a63ee1e3d33658729bf35a,NEW_MATCH,0,,sidharth rawat,borna gojo,bengaluru,r64,hard
2020-7808,Bengaluru,Hard,48,C,,20200216,13,SN77,,,Vaclav Safranek,R,183,CZE,25.744,329,116,O423,,,Fabrizio Ornago,R,191,ITA,27.814,395,86,7-6(5) 7-5,3,R64,115,5,1,71,40,32,21,12,0,1,5,6,92,58,41,17,12,4,6,TennisMyLife,2020_challenger.csv,2020,2026-08-23T06:37:21.010456+00:00,672,dc453c4fcb166d6d3430f1447c2eefc9,NEW_MATCH,0,,vaclav safranek,fabrizio ornago,bengaluru,r64,hard
2020-7808,Bengaluru,Hard,48,C,,20200216,14,MP13,,,Mukund Sasikumar,R,185,IND,23.088,289,139,K834,,,Blaz Kavcic,R,188,SLO,32.953,275,148,2-6 6-3 6-4,3,R64,116,9,8,89,45,36,12,14,1,7,4,10,83,38,23,17,13,4,10,TennisMyLife,2020_challenger.csv,2020,2026-08-23T06:37:21.010456+00:00,673,44becb350b00c145054e4d38d7372f9c,NEW_MATCH,0,,mukund sasikumar,blaz kavcic,bengaluru,r64,hard
2020-7808,Bengaluru,Hard,48,C,,20200216,15,SY73,,,Abhinav Sanjeev Shanmugam,R,178,IND,21.254,1093,7,MN20,,,Daniel Masur,R,183,GER,25.279,253,183,7-5 6-3,3,R64,87,11,3,79,37,30,21,11,7,8,2,6,58,28,21,12,10,8,11,TennisMyLife,2020_challenger.csv,2020,2026-08-23T06:37:21.010456+00:00,674,137defb3f487784edb2f49583daea7e9,NEW_MATCH,0,,abhinav sanjeev shanmugam,daniel masur,bengaluru,r64,hard
2020-7808,Bengaluru,Hard,48,C,,20200216,16,SR81,,,Khumoyun Sultanov,R,180,UZB,21.306,306,128,DH23,,,S D Prajwal Dev,R,175,IND,23.723,953,11,6-2 6-1,3,R64,59,3,0,48,31,22,11,8,1,2,1,4,42,18,10,7,7,2,7,TennisMyLife,2020_challenger.csv,2020,2026-08-23T06:37:21.010456+00:00,675,35ce1884ad5867df550100a45e7cdc86,NEW_MATCH,0,,khumoyun sultanov,s d prajwal dev,bengaluru,r64,hard
2020-7808,Bengaluru,Hard,48,C,,20200216,17,TA12,2,,Stefano Travaglia,R,185,ITA,28.137,86,668,BM03,,,Filippo Baldi,R,180,ITA,24.101,249,187,6-2 6-1,3,R32,49,6,3,40,20,15,14,7,2,2,3,6,39,23,15,3,8,0,5,TennisMyLife,2020_challenger.csv,2020,2026-08-23T06:37:21.010456+00:00,676,1950acb6bf58409b798b1426ab3f2834,NEW_MATCH,0,,stefano travaglia,filippo baldi,bengaluru,r32,hard
2020-7808,Bengaluru,Hard,48,C,,20200216,18,SE73,3,,Yuichi Sugita,R,175,JPN,31.411,82,684,SN77,,,Vaclav Safranek,R,183,CZE,25.744,329,116,6-4 6-3,3,R32,69,9,1,41,24,21,15,9,0,0,6,7,75,38,27,15,10,7,10,TennisMyLife,2020_challenger.csv,2020,2026-08-23T06:37:21.010456+00:00,677,a387daddb7bbd72cdd0b4134148bf871,NEW_MATCH,0,,yuichi sugita,vaclav safranek,bengaluru,r32,hard
2020-7808,Bengaluru,Hard,48,C,,20200216,19,D994,4,,James Duckworth,R,183,AUS,28.071,83,673,SR81,,,Khumoyun Sultanov,R,180,UZB,21.306,306,128,6-4 7-6(5),3,R32,93,7,1,79,42,31,18,11,4,6,1,5,76,54,36,9,11,2,5,TennisMyLife,2020_challenger.csv,2020,2026-08-23T06:37:21.010456+00:00,678,25b69c334816fc24e0b66c8073913c8b,NEW_MATCH,0,,james duckworth,khumoyun sultanov,bengaluru,r32,hard
2020-7808,Bengaluru,Hard,48,C,,20200216,20,ME64,,,Saketh Myneni,R,193,IND,32.329,427,74,D864,6,,Evgeny Donskoy,R,185,RUS,29.774,111,503,6-3 6-3,3,R32,65,5,0,49,24,20,15,9,0,1,0,7,63,35,24,10,9,3,7,TennisMyLife,2020_challenger.csv,2020,2026-08-23T06:37:21.010456+00:00,679,c671d8d97e8a99548c3e5a514d9588b3,NEW_MATCH,0,,saketh myneni,evgeny donskoy,bengaluru,r32,hard
2020-7808,Bengaluru,Hard,48,C,,20200216,21,GA94,7,,Prajnesh Gunneswaran,L,188,IND,30.261,124,424,F664,,,Sebastian Fanselow,R,,GER,28.131,609,36,6-2 4-6 6-4,3,R32,121,11,5,90,55,41,15,14,2,5,9,4,86,46,30,22,14,4,9,TennisMyLife,2020_challenger.csv,2020,2026-08-23T06:37:21.010456+00:00,680,52f1861deb91445047d596a4dd813ee9,NEW_MATCH,0,,prajnesh gunneswaran,sebastian fanselow,bengaluru,r32,hard
2020-7808,Bengaluru,Hard,48,C,,20200216,22,N897,8,,Sumit Nagal,R,178,IND,22.502,126,413,J267,,,Malek Jaziri,R,185,TUN,36.074,260,176,6-0 6-4,3,R32,76,0,7,44,26,18,7,8,0,3,4,5,65,30,15,10,8,9,16,TennisMyLife,2020_challenger.csv,2020,2026-08-23T06:37:21.010456+00:00,681,ab4dcc4882195a55bd40ba16769c53b2,NEW_MATCH,0,,sumit nagal,malek jaziri,bengaluru,r32,hard
2020-7808,Bengaluru,Hard,48,C,,20200216,23,F586,9,,Thomas Fabbiano,R,173,ITA,30.727,133,394,LC12,,,Laurent Lokoli,R,188,FRA,25.331,349,107,6-3 2-6 6-1,3,R32,105,1,1,64,43,32,13,12,0,2,6,3,72,38,26,15,12,3,7,TennisMyLife,2020_challenger.csv,2020,2026-08-23T06:37:21.010456+00:00,682,9c1756109dd61d5998d26d65965f5244,NEW_MATCH,0,,thomas fabbiano,laurent lokoli,bengaluru,r32,hard
2020-7808,Bengaluru,Hard,48,C,,20200216,24,O507,,,Julian Ocleppo,R,191,ITA,22.543,391,88,Z371,10,,Zhizhen Zhang,R,193,CHN,23.335,136,389,6-1 6-3,3,R32,54,3,1,47,30,25,10,8,4,4,2,5,50,25,15,11,8,9,13,TennisMyLife,2020_challenger.csv,2020,2026-08-23T06:37:21.010456+00:00,683,889a3e396fa3d648962823d9d55e9623,NEW_MATCH,0,,julian ocleppo,zhizhen zhang,bengaluru,r32,hard
2020-7808,Bengaluru,Hard,48,C,,20200216,25,RA51,11,,Blaz Rola,L,193,SLO,29.366,149,369,O659,,,Vladyslav Orlov,R,188,UKR,24.753,411,81,7-5 6-3,3,R32,83,11,1,58,40,29,13,11,1,2,0,4,67,40,22,15,10,6,9,TennisMyLife,2020_challenger.csv,2020,2026-08-23T06:37:21.010456+00:00,684,1d454daa03b4f9f84ec826ba51bbf91f,NEW_MATCH,0,,blaz rola,vladyslav orlov,bengaluru,r32,hard
2020-7808,Bengaluru,Hard,48,C,,20200216,26,BM95,,,Benjamin Bonzi,R,183,FRA,23.688,368,98,MM66,12,,Nikola Milojevic,R,188,SRB,24.663,140,382,6-4 6-1,3,R32,66,2,0,43,25,20,12,8,0,0,5,5,56,24,15,13,9,4,8,TennisMyLife,2020_challenger.csv,2020,2026-08-23T06:37:21.010456+00:00,685,dd32cceb9f52e915e3d68baef699ff13,NEW_MATCH,0,,benjamin bonzi,nikola milojevic,bengaluru,r32,hard
2020-7808,Bengaluru,Hard,48,C,,20200216,27,I305,13,,Ilya Ivashka,R,193,BLR,25.977,148,369,MP13,,,Mukund Sasikumar,R,185,IND,23.088,289,139,7-5 6-3,3,R32,78,6,2,72,46,38,13,11,2,3,6,2,55,35,25,9,10,1,4,TennisMyLife,2020_challenger.csv,2020,2026-08-23T06:37:21.010456+00:00,686,b490462b7f06161114c5a2dc518a7028,NEW_MATCH,0,,ilya ivashka,mukund sasikumar,bengaluru,r32,hard
2020-7808,Bengaluru,Hard,48,C,,20200216,28,SK47,14,,Mohamed Safwat,R,180,EGY,29.41,130,402,E690,,,Matthew Ebden,R,188,AUS,32.225,293,136,7-6(5) 6-7(1) 7-5,3,R32,187,9,11,145,85,57,30,18,15,18,8,10,130,69,50,28,18,10,14,TennisMyLife,2020_challenger.csv,2020,2026-08-23T06:37:21.010456+00:00,687,24da846bb1c703fee90c8450d5446050,NEW_MATCH,0,,mohamed safwat,matthew ebden,bengaluru,r32,hard
2020-7808,Bengaluru,Hard,48,C,,20200216,29,SN54,,,Frederico Ferreira Silva,L,178,POR,24.917,193,258,CG33,15,,Kimmer Coppejans,R,178,BEL,26.023,153,344,6-3 3-6 7-5,3,R32,140,6,4,94,55,38,19,15,10,14,4,4,100,64,35,21,15,11,16,TennisMyLife,2020_challenger.csv,2020,2026-08-23T06:37:21.010456+00:00,688,aa4f8640ac6f50e5999999186687eda7,NEW_MATCH,0,,frederico ferreira silva,kimmer coppejans,bengaluru,r32,hard
2020-7808,Bengaluru,Hard,48,C,,20200216,30,KH77,,,Niki Kaliyanda Poonacha,R,191,IND,24.808,1105,7,R685,16,,Lukas Rosol,R,193,CZE,34.565,168,297,6-4 2-6 6-3,3,R32,104,8,6,98,59,45,15,14,9,11,4,9,83,40,37,18,13,7,9,TennisMyLife,2020_challenger.csv,2020,2026-08-23T06:37:21.010456+00:00,689,b22f56a6613997190a9dd0f73edaeb4a,NEW_MATCH,0,,niki kaliyanda poonacha,lukas rosol,bengaluru,r32,hard
2020-7808,Bengaluru,Hard,48,C,,20200216,31,RB56,17,,Ramkumar Ramanathan,R,188,IND,25.273,180,280,SY73,,,Abhinav Sanjeev Shanmugam,R,178,IND,21.254,1093,7,6-1 6-3,3,R32,46,5,1,38,25,21,11,8,0,0,3,1,40,24,18,4,8,3,7,TennisMyLife,2020_challenger.csv,2020,2026-08-23T06:37:21.010456+00:00,690,ac099d4c6b49a7fa80113fae90a880a3,NEW_MATCH,0,,ramkumar ramanathan,abhinav sanjeev shanmugam,bengaluru,r32,hard
2020-7808,Bengaluru,Hard,48,C,,20200216,32,RB86,,,Sidharth Rawat,R,175,IND,26.823,480,63,RH87,,,Rishi Reddy,R,188,IND,21.864,1185,5,6-2 6-2,3,R32,66,7,2,45,21,19,16,8,0,0,1,6,53,28,18,9,8,4,8,TennisMyLife,2020_challenger.csv,2020,2026-08-23T06:37:21.010456+00:00,691,bb5f079d14e2cc197f3eb0ffd63612a4,NEW_MATCH,0,,sidharth rawat,rishi reddy,bengaluru,r32,hard
2020-7808,Bengaluru,Hard,48,C,,20200216,33,TA12,2,,Stefano Travaglia,R,185,ITA,28.137,86,668,SK47,14,,Mohamed Safwat,R,180,EGY,29.41,130,402,6-2 7-6(5),3,R16,79,12,4,62,33,32,16,10,1,1,4,5,68,40,29,13,10,2,4,TennisMyLife,2020_challenger.csv,2020,2026-08-23T06:37:21.010456+00:00,692,f74a8c18f0b1b1e845667257c6061b2b,NEW_MATCH,0,,stefano travaglia,mohamed safwat,bengaluru,r16,hard
2020-7808,Bengaluru,Hard,48,C,,20200216,34,SE73,3,,Yuichi Sugita,R,175,JPN,31.411,82,684,KH77,,,Niki Kaliyanda Poonacha,R,191,IND,24.808,1105,7,7-5 6-3,3,R16,66,2,3,60,31,25,17,11,0,1,4,4,51,30,19,11,10,1,4,TennisMyLife,2020_challenger.csv,2020,2026-08-23T06:37:21.010456+00:00,693,6dedeaa5a58d47131d1389fe51e26830,NEW_MATCH,0,,yuichi sugita,niki kaliyanda poonacha,bengaluru,r16,hard
2020-7808,Bengaluru,Hard,48,C,,20200216,35,D994,4,,James Duckworth,R,183,AUS,28.071,83,673,SN54,,,Frederico Ferreira Silva,L,178,POR,24.917,193,258,7-6(9) 6-1,3,R16,104,5,5,67,34,26,15,10,1,4,2,3,75,40,23,14,9,5,10,TennisMyLife,2020_challenger.csv,2020,2026-08-23T06:37:21.010456+00:00,694,e629c8a897ae997c9871b6d031d52431,NEW_MATCH,0,,james duckworth,frederico ferreira silva,bengaluru,r16,hard
2020-7808,Bengaluru,Hard,48,C,,20200216,36,BM95,,,Benjamin Bonzi,R,183,FRA,23.688,368,98,GA94,7,,Prajnesh Gunneswaran,L,188,IND,30.261,124,424,7-6(5) 6-0,3,R16,74,3,2,66,33,24,18,9,1,2,0,4,56,27,18,10,9,3,7,TennisMyLife,2020_challenger.csv,2020,2026-08-23T06:37:21.010456+00:00,695,63de1804c75b70b4c3b917c9350b26b6,NEW_MATCH,0,,benjamin bonzi,prajnesh gunneswaran,bengaluru,r16,hard
2020-7808,Bengaluru,Hard,48,C,,20200216,37,RA51,11,,Blaz Rola,L,193,SLO,29.366,149,369,N897,8,,Sumit Nagal,R,178,IND,22.502,126,413,6-3 6-3,3,R16,73,8,1,46,30,26,9,9,2,3,0,8,61,37,24,8,9,1,5,TennisMyLife,2020_challenger.csv,2020,2026-08-23T06:37:21.010456+00:00,696,c68a54790951e1c72ec433e78febff47,NEW_MATCH,0,,blaz rola,sumit nagal,bengaluru,r16,hard
2020-7808,Bengaluru,Hard,48,C,,20200216,38,F586,9,,Thomas Fabbiano,R,173,ITA,30.727,133,394,ME64,,,Saketh Myneni,R,193,IND,32.329,427,74,6-4 5-7 6-2,3,R16,123,1,2,85,55,40,20,15,2,3,14,4,107,70,41,23,15,8,11,TennisMyLife,2020_challenger.csv,2020,2026-08-23T06:37:21.010456+00:00,697,3a43c4181f2bcbb7188c9f96af4b3a39,NEW_MATCH,0,,thomas fabbiano,saketh myneni,bengaluru,r16,hard
2020-7808,Bengaluru,Hard,48,C,,20200216,39,I305,13,,Ilya Ivashka,R,193,BLR,25.977,148,369,RB56,17,,Ramkumar Ramanathan,R,188,IND,25.273,180,280,7-6(2) 6-1,3,R16,81,4,4,59,41,32,12,10,1,2,6,8,60,32,23,9,9,1,4,TennisMyLife,2020_challenger.csv,2020,2026-08-23T06:37:21.010456+00:00,698,49492c659643e450b2d147474d0ca222,NEW_MATCH,0,,ilya ivashka,ramkumar ramanathan,bengaluru,r16,hard
2020-7808,Bengaluru,Hard,48,C,,20200216,40,O507,,,Julian Ocleppo,R,191,ITA,22.543,391,88,RB86,,,Sidharth Rawat,R,175,IND,26.823,480,63,7-5 6-4,3,R16,83,7,3,67,37,27,19,11,2,3,6,3,73,37,25,19,11,3,6,TennisMyLife,2020_challenger.csv,2020,2026-08-23T06:37:21.010456+00:00,699,59f127d95972fb94bacadc049c15082d,NEW_MATCH,0,,julian ocleppo,sidharth rawat,bengaluru,r16,hard
2020-7808,Bengaluru,Hard,48,C,,20200216,41,TA12,2,,Stefano Travaglia,R,185,ITA,28.137,86,668,RA51,11,,Blaz Rola,L,193,SLO,29.366,149,369,6-4 4-6 6-2,3,QF,116,10,6,83,38,30,24,14,7,10,9,7,104,63,42,16,14,10,15,TennisMyLife,2020_challenger.csv,2020,2026-08-23T06:37:21.010456+00:00,700,5befaaf24e91a7ce146f963cea496e03,NEW_MATCH,0,,stefano travaglia,blaz rola,bengaluru,qf,hard
2020-7808,Bengaluru,Hard,48,C,,20200216,42,BM95,,,Benjamin Bonzi,R,183,FRA,23.688,368,98,SE73,3,,Yuichi Sugita,R,175,JPN,31.411,82,684,6-7(5) 7-5 6-4,3,QF,131,7,1,109,63,45,22,17,5,9,6,7,101,63,45,16,17,4,10,TennisMyLife,2020_challenger.csv,2020,2026-08-23T06:37:21.010456+00:00,701,4e00df333d1d6895844147ee0b8e1aa9,NEW_MATCH,0,,benjamin bonzi,yuichi sugita,bengaluru,qf,hard
2020-7808,Bengaluru,Hard,48,C,,20200216,43,D994,4,,James Duckworth,R,183,AUS,28.071,83,673,F586,9,,Thomas Fabbiano,R,173,ITA,30.727,133,394,6-7(5) 6-0 6-2,3,QF,115,6,3,83,34,26,33,13,5,5,2,4,81,50,34,11,13,3,8,TennisMyLife,2020_challenger.csv,2020,2026-08-23T06:37:21.010456+00:00,702,86487f0e708b136b3f45aaf551cb1fa2,NEW_MATCH,0,,james duckworth,thomas fabbiano,bengaluru,qf,hard
2020-7808,Bengaluru,Hard,48,C,,20200216,44,O507,,,Julian Ocleppo,R,191,ITA,22.543,391,88,I305,13,,Ilya Ivashka,R,193,BLR,25.977,148,369,7-6(4) 6-7(3) 6-4,3,QF,159,8,12,117,67,50,28,17,5,7,7,5,118,85,58,17,17,9,12,TennisMyLife,2020_challenger.csv,2020,2026-08-23T06:37:21.010456+00:00,703,1c875ec55e7ac76035e67924422a5386,NEW_MATCH,0,,julian ocleppo,ilya ivashka,bengaluru,qf,hard
2020-7808,Bengaluru,Hard,48,C,,20200216,45,BM95,,,Benjamin Bonzi,R,183,FRA,23.688,368,98,TA12,2,,Stefano Travaglia,R,185,ITA,28.137,86,668,6-3 6-4,3,SF,66,8,3,54,32,28,12,10,1,2,5,3,61,32,21,15,9,5,8,TennisMyLife,2020_challenger.csv,2020,2026-08-23T06:37:21.010456+00:00,704,06901420599f1bad7cbd2163fb76466a,NEW_MATCH,0,,benjamin bonzi,stefano travaglia,bengaluru,sf,hard
2020-7808,Bengaluru,Hard,48,C,,20200216,46,D994,4,,James Duckworth,R,183,AUS,28.071,83,673,O507,,,Julian Ocleppo,R,191,ITA,22.543,391,88,6-3 6-2,3,SF,59,10,1,52,32,26,11,8,6,6,6,3,48,25,17,9,9,3,7,TennisMyLife,2020_challenger.csv,2020,2026-08-23T06:37:21.010456+00:00,705,b2ee034305f319fad30b96dc8eabc85a,NEW_MATCH,0,,james duckworth,julian ocleppo,bengaluru,sf,hard
2020-7808,Bengaluru,Hard,48,C,,20200216,47,D994,4,,James Duckworth,R,183,AUS,28.071,83,673,BM95,,,Benjamin Bonzi,R,183,FRA,23.688,368,98,6-4 6-4,3,F,68,4,6,63,25,20,18,10,4,7,2,1,51,28,17,11,10,1,6,TennisMyLife,2020_challenger.csv,2020,2026-08-23T06:37:21.010456+00:00,706,edb7912daaf67c48953a024b9443d5a9,NEW_MATCH,0,,james duckworth,benjamin bonzi,bengaluru,f,hard
2020-6963,Morelos,Hard,48,C,,20200223,1,BD20,,,Thomaz Bellucci,L,188,BRA,32.151,293,140,GC17,,,Oscar Jose Gutierrez,R,170,ESP,26.831,370,97,4-6 6-3 6-2,3,R64,103,6,7,78,44,34,19,14,3,6,6,4,95,58,34,17,13,5,10,TennisMyLife,2020_challenger.csv,2020,2026-08-23T06:37:21.010456+00:00,707,21381840feb15ebea8c0f5ef89bf83b5,NEW_MATCH,0,,thomaz bellucci,oscar jose gutierrez,morelos,r64,hard
2020-6963,Morelos,Hard,48,C,,20200223,2,CC32,,,Guilherme Clezar,R,180,BRA,27.146,297,138,H928,,,Diego Hidalgo,L,180,ECU,26.85,362,100,7-6(5) 6-2,3,R64,84,4,4,61,48,37,6,10,4,5,6,2,73,49,31,8,10,4,7,TennisMyLife,2020_challenger.csv,2020,2026-08-23T06:37:21.010456+00:00,708,af0276afd53fef57929abf0d6f996bc1,NEW_MATCH,0,,guilherme clezar,diego hidalgo,morelos,r64,hard
2020-6963,Morelos,Hard,48,C,,20200223,3,DB93,,,Matias Franco Descotte,R,191,ARG,25.487,357,103,AC84,,,Collin Altamirano,R,188,USA,24.214,385,91,6-3 7-5,3,R64,68,4,2,57,32,28,14,11,0,1,4,3,56,33,26,8,10,1,4,TennisMyLife,2020_challenger.csv,2020,2026-08-23T06:37:21.010456+00:00,709,fb9ce904ae97d068cddd04ab5b644eaf,NEW_MATCH,0,,matias franco descotte,collin altamirano,morelos,r64,hard
2020-6963,Morelos,Hard,48,C,,20200223,4,DF88,,,Aziz Dougaz,L,188,TUN,22.913,442,72,LA94,,,Christian Lindell,R,193,SWE,28.26,321,121,7-6(5) 6-3,3,R64,92,2,3,74,45,34,17,11,1,1,4,7,67,33,28,16,10,3,4,TennisMyLife,2020_challenger.csv,2020,2026-08-23T06:37:21.010456+00:00,710,53f1a362e702e7d5088939aceb0cf22a,NEW_MATCH,0,,aziz dougaz,christian lindell,morelos,r64,hard
2020-6963,Morelos,Hard,48,C,,20200223,5,G892,,,Alejandro Gonzalez,R,191,COL,31.042,479,63,PE42,,,Luis Patino,R,183,MEX,26.382,1032,9,7-6(5) 6-4,3,R64,99,2,5,71,43,34,12,11,4,7,0,4,78,49,29,13,11,2,6,TennisMyLife,2020_challenger.csv,2020,2026-08-23T06:37:21.010456+00:00,711,052c609951ec86fd2a0b8b871efcba3e,NEW_MATCH,0,,alejandro gonzalez,luis patino,morelos,r64,hard
2020-6963,Morelos,Hard,48,C,,20200223,6,KB14,,,Kevin King,L,191,USA,28.986,315,127,PG56,,,Jorge Panta,R,,PER,24.591,486,62,6-3 3-6 6-3,3,R64,100,19,4,74,49,45,10,14,2,3,4,1,78,42,34,19,13,3,5,TennisMyLife,2020_challenger.csv,2020,2026-08-23T06:37:21.010456+00:00,712,1b8e620bc9f2cf76a125363f452c4b1a,NEW_MATCH,0,,kevin king,jorge panta,morelos,r64,hard
2020-6963,Morelos,Hard,48,C,,20200223,7,KB37,,,Evan King,L,185,USA,27.915,355,104,SJ55,,,John-Patrick Smith,L,188,AUS,31.08,308,130,6-4 3-6 7-5,3,R64,106,11,5,86,57,43,18,15,2,3,8,2,94,64,45,19,16,2,4,TennisMyLife,2020_challenger.csv,2020,2026-08-23T06:37:21.010456+00:00,713,a01612cee8e9e476a8fef811d13f8a15,NEW_MATCH,0,,evan king,john patrick smith,morelos,r64,hard
2020-6963,Morelos,Hard,48,C,,20200223,8,LC54,,,Benjamin Lock,R,198,ZIM,26.973,443,72,V620,,,Agustin Velotti,R,,ARG,27.751,409,81,6-3 6-2,3,R64,91,6,5,72,46,36,12,9,5,5,5,4,58,28,16,16,8,4,7,TennisMyLife,2020_challenger.csv,2020,2026-08-23T06:37:21.010456+00:00,714,89461f72b0a80186c2d0e9c91be21c53,NEW_MATCH,0,,benjamin lock,agustin velotti,morelos,r64,hard
2020-6963,Morelos,Hard,48,C,,20200223,9,LG87,,,Gerardo Lopez Villasenor,R,191,MEX,24.786,505,57,M0HU,,,Shintaro Mochizuki,R,175,JPN,16.728,798,18,6-3 6-3,3,R64,79,2,1,63,47,30,8,9,4,6,0,7,63,35,19,11,9,8,13,TennisMyLife,2020_challenger.csv,2020,2026-08-23T06:37:21.010456+00:00,715,b7f138c19a59978a7b48cb2975438467,NEW_MATCH,0,,gerardo lopez villasenor,shintaro mochizuki,morelos,r64,hard
2020-6963,Morelos,Hard,48,C,,20200223,10,ML73,,,Skander Mansouri,R,193,TUN,24.589,371,97,H896,,,Jose Hernandez-Fernandez,R,183,DOM,29.949,291,141,6-3 6-7(2) 6-3,3,R64,106,17,7,83,38,38,26,16,4,5,4,4,94,66,47,13,14,8,11,TennisMyLife,2020_challenger.csv,2020,2026-08-23T06:37:21.010456+00:00,716,7b54fa9e47ab7ad745ec754ca7cbd62e,NEW_MATCH,0,,skander mansouri,jose hernandez fernandez,morelos,r64,hard
2020-6963,Morelos,Hard,48,C,,20200223,11,RC93,,,Martin Redlicki,L,196,USA,24.501,431,74,SM09,,,Luke Saville,R,188,AUS,26.141,345,110,6-3 6-3,3,R64,65,14,2,51,38,31,7,9,2,2,2,5,58,35,24,8,9,4,7,TennisMyLife,2020_challenger.csv,2020,2026-08-23T06:37:21.010456+00:00,717,efb7f9fabc5de4bfa3ae7593852526e9,NEW_MATCH,0,,martin redlicki,luke saville,morelos,r64,hard
2020-6963,Morelos,Hard,48,C,,20200223,12,R913,,,Cristian Rodriguez,R,180,COL,29.667,477,63,H0CD,,,Alex Hernandez,R,175,MEX,20.671,838,16,6-3 6-2,3,R64,59,13,0,51,32,27,10,9,2,2,0,6,42,21,16,8,8,1,4,TennisMyLife,2020_challenger.csv,2020,2026-08-23T06:37:21.010456+00:00,718,c773cdac01051ee7c8344d7f3a8d1fe0,NEW_MATCH,0,,cristian rodriguez,alex hernandez,morelos,r64,hard
2020-6963,Morelos,Hard,48,C,,20200223,13,RA24,,,Ruan Roelofse,R,188,RSA,30.264,644,31,BJ05,,,Harry Bourchier,R,185,AUS,24.082,305,133,6-4 6-4,3,R64,63,7,4,60,31,23,18,10,4,5,8,6,55,28,24,10,10,1,4,TennisMyLife,2020_challenger.csv,2020,2026-08-23T06:37:21.010456+00:00,719,73fea92c6f189e134a57e1abdde94c6a,NEW_MATCH,0,,ruan roelofse,harry bourchier,morelos,r64,hard
2020-6963,Morelos,Hard,48,C,,20200223,14,SL94,,,Pedro Sakamoto,R,178,BRA,26.653,285,142,G985,,,Carlos Gomez-Herrera,R,191,ESP,29.818,414,80,7-6(5) 6-2,3,R64,99,8,3,64,33,29,19,10,3,3,2,3,73,44,31,14,10,2,4,TennisMyLife,2020_challenger.csv,2020,2026-08-23T06:37:21.010456+00:00,720,9bbd867f1e271a6cf3f6da35bb849e0f,NEW_MATCH,0,,pedro sakamoto,carlos gomez herrera,morelos,r64,hard
2020-6963,Morelos,Hard,48,C,,20200223,15,SI82,,,Manuel Sanchez,R,,MEX,29.133,825,16,E702,,,Mauricio Echazu,,,PER,31.088,563,44,6-4 6-7(6) 6-4,3,R64,162,10,6,106,68,53,20,16,6,8,2,6,108,77,53,15,16,10,14,TennisMyLife,2020_challenger.csv,2020,2026-08-23T06:37:21.010456+00:00,721,94fb3ac0861f1e0d9e758aa0e8150d93,NEW_MATCH,0,,manuel sanchez,mauricio echazu,morelos,r64,hard
2020-6963,Morelos,Hard,48,C,,20200223,16,SL07,,,Alexander Sarkissian,R,191,USA,29.892,448,70,SO96,,,Ronald Slobodchikov,R,178,RUS,26.22,432,74,7-6(5) 6-2,3,R64,85,16,3,66,40,31,14,10,0,1,1,6,73,38,22,18,10,4,7,TennisMyLife,2020_challenger.csv,2020,2026-08-23T06:37:21.010456+00:00,722,24e447d2f5ba52f6b6de9ce06ea4eab2,NEW_MATCH,0,,alexander sarkissian,ronald slobodchikov,morelos,r64,hard
2020-6963,Morelos,Hard,48,C,,20200223,17,DF88,,,Aziz Dougaz,L,188,TUN,22.913,442,72,SC56,1,,Dudi Sela,R,175,ISR,34.888,167,293,2-6 6-4 6-4,3,R32,104,4,4,78,50,37,10,14,5,10,1,9,92,52,32,20,14,5,10,TennisMyLife,2020_challenger.csv,2020,2026-08-23T06:37:21.010456+00:00,723,eb57647a09323dc9354f136b4ca8c70f,NEW_MATCH,0,,aziz dougaz,dudi sela,morelos,r32,hard
2020-6963,Morelos,Hard,48,C,,20200223,18,O513,2,,Sebastian Ofner,R,191,AUT,23.784,158,331,KB14,,,Kevin King,L,191,USA,28.986,315,127,7-6(1) 6-3,3,R32,93,4,3,76,35,26,23,10,7,9,4,1,68,44,30,8,11,3,7,TennisMyLife,2020_challenger.csv,2020,2026-08-23T06:37:21.010456+00:00,724,d76f8766f36b1dbdc441e16422ce319b,NEW_MATCH,0,,sebastian ofner,kevin king,morelos,r32,hard
2020-6963,Morelos,Hard,48,C,,20200223,19,PG20,3,,Dmitry Popko,R,191,KAZ,23.332,168,293,RC93,,,Martin Redlicki,L,196,USA,24.501,431,74,6-3 7-5,3,R32,83,7,3,74,39,30,18,11,4,5,8,7,56,32,29,6,10,1,4,TennisMyLife,2020_challenger.csv,2020,2026-08-23T06:37:21.010456+00:00,725,e397e2ccd7a442ce138d37a714a7e371,NEW_MATCH,0,,dmitry popko,martin redlicki,morelos,r32,hard
2020-6963,Morelos,Hard,48,C,,20200223,20,CC32,,,Guilherme Clezar,R,180,BRA,27.146,297,138,RB56,4,,Ramkumar Ramanathan,R,188,IND,25.292,179,278,7-6(5) 4-6 6-4,3,R32,124,4,2,95,65,51,18,16,2,3,17,3,93,52,47,21,16,1,2,TennisMyLife,2020_challenger.csv,2020,2026-08-23T06:37:21.010456+00:00,726,5055747609b0fce866019ec82e335ac1,NEW_MATCH,0,,guilherme clezar,ramkumar ramanathan,morelos,r32,hard
2020-6963,Morelos,Hard,48,C,,20200223,21,PB22,5,,Peter Polansky,R,183,CAN,31.691,186,270,SL94,,,Pedro Sakamoto,R,178,BRA,26.653,285,142,6-4 6-2,3,R32,64,11,1,52,31,27,12,9,1,1,2,1,61,41,22,13,9,1,4,TennisMyLife,2020_challenger.csv,2020,2026-08-23T06:37:21.010456+00:00,727,c7e6d045ad9aa07dce697000ec6a345f,NEW_MATCH,0,,peter polansky,pedro sakamoto,morelos,r32,hard
2020-6963,Morelos,Hard,48,C,,20200223,22,E865,6,,Christopher Eubanks,R,201,USA,23.803,227,208,KB37,,,Evan King,L,185,USA,27.915,355,104,6-0 6-4,3,R32,64,13,4,47,32,26,9,8,1,1,2,9,68,40,24,10,8,2,6,TennisMyLife,2020_challenger.csv,2020,2026-08-23T06:37:21.010456+00:00,728,69a161c1bedb2c5a695ace51d58f5e11,NEW_MATCH,0,,christopher eubanks,evan king,morelos,r32,hard
2020-6963,Morelos,Hard,48,C,,20200223,23,AE14,7,,Daniel Altmaier,R,188,GER,21.448,221,214,R913,,,Cristian Rodriguez,R,180,COL,29.667,477,63,6-4 7-6(3),3,R32,80,10,3,71,43,34,19,11,0,0,4,2,55,38,30,13,11,0,1,TennisMyLife,2020_challenger.csv,2020,2026-08-23T06:37:21.010456+00:00,729,cc5695e62f7c87a9f9ba6f7006da50b1,NEW_MATCH,0,,daniel altmaier,cristian rodriguez,morelos,r32,hard
2020-6963,Morelos,Hard,48,C,,20200223,24,SL07,,,Alexander Sarkissian,R,191,USA,29.892,448,70,MP83,8,,Gian Marco Moroni,R,185,ITA,22.026,234,202,6-3 6-3,3,R32,82,8,2,55,38,33,5,9,3,4,8,8,71,39,27,10,9,6,10,TennisMyLife,2020_challenger.csv,2020,2026-08-23T06:37:21.010456+00:00,730,83e0293bbd31bc39c6f1aedbc0ebbdc1,NEW_MATCH,0,,alexander sarkissian,gian marco moroni,morelos,r32,hard
2020-6963,Morelos,Hard,48,C,,20200223,25,FA43,9,,Juan Pablo Ficovich,R,188,ARG,23.08,231,205,RA24,,,Ruan Roelofse,R,188,RSA,30.264,644,31,4-6 6-3 6-4,3,R32,105,5,4,89,54,43,17,15,1,3,7,6,84,46,37,17,14,3,6,TennisMyLife,2020_challenger.csv,2020,2026-08-23T06:37:21.010456+00:00,731,34d7bf0145e96a33c4eacbd588d3060e,NEW_MATCH,0,,juan pablo ficovich,ruan roelofse,morelos,r32,hard
2020-6963,Morelos,Hard,48,C,,20200223,26,R09X,10,,Jurij Rodionov,L,191,AUT,20.775,230,205,DB93,,,Matias Franco Descotte,R,191,ARG,25.487,357,103,6-2 7-5,3,R32,72,5,4,56,37,31,10,10,0,0,4,4,58,36,26,9,10,0,3,TennisMyLife,2020_challenger.csv,2020,2026-08-23T06:37:21.010456+00:00,732,b0c423cdf14c086f7d8b2051df8a0f6a,NEW_MATCH,0,,jurij rodionov,matias franco descotte,morelos,r32,hard
2020-6963,Morelos,Hard,48,C,,20200223,27,MB53,11,,Adrian Menendez-Maceiras,R,183,ESP,34.322,255,183,BD20,,,Thomaz Bellucci,L,188,BRA,32.151,293,140,6-2 4-6 6-3,3,R32,118,7,6,95,51,38,22,14,4,6,7,2,70,34,28,16,13,4,8,TennisMyLife,2020_challenger.csv,2020,2026-08-23T06:37:21.010456+00:00,733,08181dda26c7fab57793f91deb55d29e,NEW_MATCH,0,,adrian menendez maceiras,thomaz bellucci,morelos,r32,hard
2020-6963,Morelos,Hard,48,C,,20200223,28,ML73,,,Skander Mansouri,R,193,TUN,24.589,371,97,AB71,12,,JC Aragone,R,178,USA,24.657,267,168,6-2 3-6 6-4,3,R32,91,13,10,83,40,32,25,13,3,5,5,5,76,50,34,13,14,1,5,TennisMyLife,2020_challenger.csv,2020,2026-08-23T06:37:21.010456+00:00,734,e1b57ddec67481e444bc39b58db5954f,NEW_MATCH,0,,skander mansouri,jc aragone,morelos,r32,hard
2020-6963,Morelos,Hard,48,C,,20200223,29,Q941,13,,Roberto Quiroz,L,193,ECU,28,266,169,LC54,,,Benjamin Lock,R,198,ZIM,26.973,443,72,6-2 5-7 6-1,3,R32,115,5,1,82,46,37,18,14,4,6,1,2,87,70,41,5,13,5,10,TennisMyLife,2020_challenger.csv,2020,2026-08-23T06:37:21.010456+00:00,735,aa391a1c7cb936af3cd8313ddbeba417,NEW_MATCH,0,,roberto quiroz,benjamin lock,morelos,r32,hard
2020-6963,Morelos,Hard,48,C,,20200223,30,O340,14,,Roberto Ortega-Olmedo,R,168,ESP,28.819,268,166,LG87,,,Gerardo Lopez Villasenor,R,191,MEX,24.786,505,57,7-5 3-6 6-4,3,R32,127,4,4,94,53,36,21,16,6,10,4,1,91,64,44,13,15,4,8,TennisMyLife,2020_challenger.csv,2020,2026-08-23T06:37:21.010456+00:00,736,e8b35f93ab17a3dcffaefc9ddf7dc4dc,NEW_MATCH,0,,roberto ortega olmedo,gerardo lopez villasenor,morelos,r32,hard
2020-6963,Morelos,Hard,48,C,,20200223,31,G892,,,Alejandro Gonzalez,R,191,COL,31.042,479,63,W503,15,,James Ward,R,188,GBR,33.038,271,161,3-6 6-1 7-6(3),3,R32,116,8,5,88,55,38,18,14,2,5,9,14,106,56,44,15,14,6,10,TennisMyLife,2020_challenger.csv,2020,2026-08-23T06:37:21.010456+00:00,737,e61f6fbb08650cb58bb9de5ea4feaad3,NEW_MATCH,0,,alejandro gonzalez,james ward,morelos,r32,hard
2020-6963,Morelos,Hard,48,C,,20200223,32,G725,16,,Santiago Giraldo,R,188,COL,32.241,276,150,SI82,,,Manuel Sanchez,R,,MEX,29.133,825,16,7-5 6-4,3,R32,103,5,3,60,38,30,11,11,4,6,4,9,91,50,32,16,11,11,15,TennisMyLife,2020_challenger.csv,2020,2026-08-23T06:37:21.010456+00:00,738,9bc9dc7a91bfdb74aa2d11f507daee8a,NEW_MATCH,0,,santiago giraldo,manuel sanchez,morelos,r32,hard
2020-6963,Morelos,Hard,48,C,,20200223,33,G892,,,Alejandro Gonzalez,R,191,COL,31.042,479,63,O513,2,,Sebastian Ofner,R,191,AUT,23.784,158,331,6-2 6-7(3) 6-2,3,R16,129,2,2,95,53,35,24,14,6,8,4,10,104,52,34,22,14,3,9,TennisMyLife,2020_challenger.csv,2020,2026-08-23T06:37:21.010456+00:00,739,912e22b7d1d5e424541f6ae292240502,NEW_MATCH,0,,alejandro gonzalez,sebastian ofner,morelos,r16,hard
2020-6963,Morelos,Hard,48,C,,20200223,34,O340,14,,Roberto Ortega-Olmedo,R,168,ESP,28.819,268,166,PG20,3,,Dmitry Popko,R,191,KAZ,23.332,168,293,7-5 1-6 6-0,3,R16,116,1,3,82,38,25,23,12,9,13,4,8,92,48,34,13,13,10,16,TennisMyLife,2020_challenger.csv,2020,2026-08-23T06:37:21.010456+00:00,740,00606320e3a4b5d731439fac6ad2eb7f,NEW_MATCH,0,,roberto ortega olmedo,dmitry popko,morelos,r16,hard
2020-6963,Morelos,Hard,48,C,,20200223,35,R09X,10,,Jurij Rodionov,L,191,AUT,20.775,230,205,PB22,5,,Peter Polansky,R,183,CAN,31.691,186,270,7-6(3) 6-4,3,R16,84,9,5,78,51,40,13,11,4,5,7,3,65,39,28,15,11,0,2,TennisMyLife,2020_challenger.csv,2020,2026-08-23T06:37:21.010456+00:00,741,3cd5a2e3b4bf2354c2d944512e0b12c0,NEW_MATCH,0,,jurij rodionov,peter polansky,morelos,r16,hard
2020-6963,Morelos,Hard,48,C,,20200223,36,FA43,9,,Juan Pablo Ficovich,R,188,ARG,23.08,231,205,E865,6,,Christopher Eubanks,R,201,USA,23.803,227,208,3-6 6-3 7-5,3,R16,94,9,8,87,59,45,15,15,0,1,10,8,87,52,43,17,15,2,4,TennisMyLife,2020_challenger.csv,2020,2026-08-23T06:37:21.010456+00:00,742,0695a3a347a690f56f8e9f34dedbdfcc,NEW_MATCH,0,,juan pablo ficovich,christopher eubanks,morelos,r16,hard
2020-6963,Morelos,Hard,48,C,,20200223,37,AE14,7,,Daniel Altmaier,R,188,GER,21.448,221,214,ML73,,,Skander Mansouri,R,193,TUN,24.589,371,97,6-5 RET,3,R16,57,1,3,37,20,17,11,5,2,2,4,7,53,24,17,14,6,7,8,TennisMyLife,2020_challenger.csv,2020,2026-08-23T06:37:21.010456+00:00,743,2d0ead6f7dce5cf034c13b1b868c82c5,NEW_MATCH,0,,daniel altmaier,skander mansouri,morelos,r16,hard
2020-6963,Morelos,Hard,48,C,,20200223,38,SL07,,,Alexander Sarkissian,R,191,USA,29.892,448,70,MB53,11,,Adrian Menendez-Maceiras,R,183,ESP,34.322,255,183,6-2 1-6 6-3,3,R16,112,3,2,76,39,27,18,12,3,7,4,4,65,37,21,14,12,5,10,TennisMyLife,2020_challenger.csv,2020,2026-08-23T06:37:21.010456+00:00,744,6213ccf289ed2436ae5e8f1d9c505f23,NEW_MATCH,0,,alexander sarkissian,adrian menendez maceiras,morelos,r16,hard
2020-6963,Morelos,Hard,48,C,,20200223,39,CC32,,,Guilherme Clezar,R,180,BRA,27.146,297,138,Q941,13,,Roberto Quiroz,L,193,ECU,28,266,169,7-6(2) 6-2,3,R16,75,1,2,61,39,33,13,10,0,0,7,6,70,42,30,12,10,6,8,TennisMyLife,2020_challenger.csv,2020,2026-08-23T06:37:21.010456+00:00,745,2c982262c10701163588b1628a6ff35e,NEW_MATCH,0,,guilherme clezar,roberto quiroz,morelos,r16,hard
2020-6963,Morelos,Hard,48,C,,20200223,40,DF88,,,Aziz Dougaz,L,188,TUN,22.913,442,72,G725,16,,Santiago Giraldo,R,188,COL,32.241,276,150,7-5 6-4,3,R16,94,6,3,69,34,27,17,11,2,3,6,4,83,54,36,12,11,6,9,TennisMyLife,2020_challenger.csv,2020,2026-08-23T06:37:21.010456+00:00,746,1ddc673b5d563eec537c8bcccc17c898,NEW_MATCH,0,,aziz dougaz,santiago giraldo,morelos,r16,hard
2020-6963,Morelos,Hard,48,C,,20200223,41,CC32,,,Guilherme Clezar,R,180,BRA,27.146,297,138,AE14,7,,Daniel Altmaier,R,188,GER,21.448,221,214,3-6 7-6(3) 6-4,3,QF,125,6,7,95,63,48,19,16,4,7,17,9,100,56,40,24,15,4,6,TennisMyLife,2020_challenger.csv,2020,2026-08-23T06:37:21.010456+00:00,747,e5a628bb8b5f4f84507a92561d84f8d0,NEW_MATCH,0,,guilherme clezar,daniel altmaier,morelos,qf,hard
2020-6963,Morelos,Hard,48,C,,20200223,42,FA43,9,,Juan Pablo Ficovich,R,188,ARG,23.08,231,205,O340,14,,Roberto Ortega-Olmedo,R,168,ESP,28.819,268,166,3-6 7-5 7-5,3,QF,129,15,5,100,59,50,22,16,5,6,4,6,114,75,56,21,17,10,12,TennisMyLife,2020_challenger.csv,2020,2026-08-23T06:37:21.010456+00:00,748,85a4fa352dbe731c5f85feb2342e97ca,NEW_MATCH,0,,juan pablo ficovich,roberto ortega olmedo,morelos,qf,hard
2020-6963,Morelos,Hard,48,C,,20200223,43,R09X,10,,Jurij Rodionov,L,191,AUT,20.775,230,205,G892,,,Alejandro Gonzalez,R,191,COL,31.042,479,63,7-5 3-6 7-5,3,QF,128,7,5,107,71,49,14,16,8,13,2,3,114,77,49,18,17,9,15,TennisMyLife,2020_challenger.csv,2020,2026-08-23T06:37:21.010456+00:00,749,baaecd8c428baa026261df5b38c6ba03,NEW_MATCH,0,,jurij rodionov,alejandro gonzalez,morelos,qf,hard
2020-6963,Morelos,Hard,48,C,,20200223,44,DF88,,,Aziz Dougaz,L,188,TUN,22.913,442,72,SL07,,,Alexander Sarkissian,R,191,USA,29.892,448,70,6-2 6-0,3,QF,47,3,3,36,28,25,3,7,0,0,3,1,45,29,14,5,7,2,7,TennisMyLife,2020_challenger.csv,2020,2026-08-23T06:37:21.010456+00:00,750,9553934d62f68eb849f1342d45d7c238,NEW_MATCH,0,,aziz dougaz,alexander sarkissian,morelos,qf,hard
2020-6963,Morelos,Hard,48,C,,20200223,45,FA43,9,,Juan Pablo Ficovich,R,188,ARG,23.08,231,205,DF88,,,Aziz Dougaz,L,188,TUN,22.913,442,72,7-6(3) 4-6 6-3,3,SF,132,5,5,106,47,36,34,16,11,14,7,6,100,63,45,19,15,6,9,TennisMyLife,2020_challenger.csv,2020,2026-08-23T06:37:21.010456+00:00,751,de394cbe3acc5ec60722943edc54169b,NEW_MATCH,0,,juan pablo ficovich,aziz dougaz,morelos,sf,hard
2020-6963,Morelos,Hard,48,C,,20200223,46,R09X,10,,Jurij Rodionov,L,191,AUT,20.775,230,205,CC32,,,Guilherme Clezar,R,180,BRA,27.146,297,138,3-6 6-2 6-4,3,SF,100,11,5,75,40,35,17,13,4,6,7,6,91,56,41,13,14,7,11,TennisMyLife,2020_challenger.csv,2020,2026-08-23T06:37:21.010456+00:00,752,cc8fad04cbb5a84e0d79cd18262d9e94,NEW_MATCH,0,,jurij rodionov,guilherme clezar,morelos,sf,hard
2020-6963,Morelos,Hard,48,C,,20200223,47,R09X,10,,Jurij Rodionov,L,191,AUT,20.775,230,205,FA43,9,,Juan Pablo Ficovich,R,188,ARG,23.08,231,205,4-6 6-2 6-3,3,F,102,4,4,85,55,40,12,14,3,7,3,4,75,36,25,15,13,6,12,TennisMyLife,2020_challenger.csv,2020,2026-08-23T06:37:21.010456+00:00,753,081cadc427ffa9203daa492f36121394,NEW_MATCH,0,,jurij rodionov,juan pablo ficovich,morelos,f,hard
2020-7235,Drummondville,Hard,48,C,,20200223,1,B0D6,,,Taha Baadi,R,183,MAR,18.598,968,10,VA19,,,David Volfson,R,,CAN,22.442,857,15,6-3 5-7 6-4,3,R64,126,8,4,109,72,53,17,16,7,9,4,2,84,63,44,12,15,1,4,TennisMyLife,2020_challenger.csv,2020,2026-08-23T06:37:21.010456+00:00,754,1533a5513d59009c307ac8c603945412,NEW_MATCH,0,,taha baadi,david volfson,drummondville,r64,hard
2020-7235,Drummondville,Hard,48,C,,20200223,2,BU54,,,Geoffrey Blancaneaux,R,180,FRA,21.544,270,162,D0F2,,,Kamen Damov,,,CAN,20.928,1662,1,6-0 6-1,3,R64,42,4,0,30,26,22,2,6,0,0,1,2,40,19,8,5,7,2,8,TennisMyLife,2020_challenger.csv,2020,2026-08-23T06:37:21.010456+00:00,755,80948c69206c4c06eb7aa784104bccf7,NEW_MATCH,0,,geoffrey blancaneaux,kamen damov,drummondville,r64,hard
2020-7235,Drummondville,Hard,48,C,,20200223,3,CO06,,,Liam Caruana,R,178,ITA,22.086,439,72,TF58,,,Yusuke Takahashi,R,170,JPN,22.352,457,68,7-5 6-3,3,R64,75,2,1,62,36,29,14,11,4,5,3,3,64,42,30,9,10,0,3,TennisMyLife,2020_challenger.csv,2020,2026-08-23T06:37:21.010456+00:00,756,315ecc6d97c83c8d4189d6b896d1c91f,NEW_MATCH,0,,liam caruana,yusuke takahashi,drummondville,r64,hard
2020-7235,Drummondville,Hard,48,C,,20200223,4,CN78,,,Lucas Catarina,R,185,MON,23.493,482,63,GG53,,,Washi Gervais,R,188,CAN,25.843,1877,1,6-1 6-2,3,R64,62,6,1,50,25,22,14,8,4,4,4,3,45,26,17,5,7,5,9,TennisMyLife,2020_challenger.csv,2020,2026-08-23T06:37:21.010456+00:00,757,d24e49910e1aa0785a4b3f3b65ffa1f2,NEW_MATCH,0,,lucas catarina,washi gervais,drummondville,r64,hard
2020-7235,Drummondville,Hard,48,C,,20200223,5,E768,,,Antoine Escoffier,R,185,FRA,27.984,337,114,GK06,,,Alexis Galarneau,R,180,CAN,20.98,545,47,2-6 6-2 6-1,3,R64,94,7,1,72,46,36,11,11,8,10,1,0,80,52,28,14,12,7,12,TennisMyLife,2020_challenger.csv,2020,2026-08-23T06:37:21.010456+00:00,758,617d37620db5812cec41311f51e3b573,NEW_MATCH,0,,antoine escoffier,alexis galarneau,drummondville,r64,hard
2020-7235,Drummondville,Hard,48,C,,20200223,6,GB42,,,Alejandro Gomez,R,183,COL,28.528,555,46,CN15,,,Felix Corwin,R,188,USA,23.745,591,39,4-6 6-3 6-2,3,R64,94,5,6,78,40,31,21,14,5,8,5,7,77,46,34,8,13,9,14,TennisMyLife,2020_challenger.csv,2020,2026-08-23T06:37:21.010456+00:00,759,81cadd3e0a2d46fddac3657ae4d8436d,NEW_MATCH,0,,alejandro gomez,felix corwin,drummondville,r64,hard
2020-7235,Drummondville,Hard,48,C,,20200223,7,GH33,,,Manuel Guinard,R,198,FRA,24.274,300,136,SL09,,,Raymond Sarmiento,R,178,USA,27.584,390,88,7-6(10) 2-6 3-2 RET,3,R64,113,7,2,100,59,43,22,13,8,10,7,1,80,57,43,15,12,3,3,TennisMyLife,2020_challenger.csv,2020,2026-08-23T06:37:21.010456+00:00,760,b8d20eda46c4b55d63a8fb0250437fcd,NEW_MATCH,0,,manuel guinard,raymond sarmiento,drummondville,r64,hard
2020-7235,Drummondville,Hard,48,C,,20200223,8,HB31,,,Johannes Haerteis,L,196,GER,24.003,429,74,BJ97,,,Tony Bourcet,L,188,FRA,35.543,1669,1,6-2 6-0,3,R64,48,4,2,37,27,22,7,7,1,1,1,4,57,40,18,4,7,11,16,TennisMyLife,2020_challenger.csv,2020,2026-08-23T06:37:21.010456+00:00,761,c25dbfaa1cf68b3b9324db1229afd38f,NEW_MATCH,0,,johannes haerteis,tony bourcet,drummondville,r64,hard
2020-7235,Drummondville,Hard,48,C,,20200223,9,I330,,,Shintaro Imai,R,178,JPN,26.461,314,128,RC62,,,Michael Redlicki,L,203,USA,26.27,340,111,7-6(1) 6-3,3,R64,71,7,2,68,36,29,19,11,0,1,4,1,66,39,27,14,10,8,10,TennisMyLife,2020_challenger.csv,2020,2026-08-23T06:37:21.010456+00:00,762,5dbd543528450c7adada7cabbf212a21,NEW_MATCH,0,,shintaro imai,michael redlicki,drummondville,r64,hard
2020-7235,Drummondville,Hard,48,C,,20200223,10,KG27,,,Strong Kirchheimer,R,185,USA,24.83,506,57,PF65,,,Filip Peliwo,R,180,POL,26.064,328,118,6-3 6-4,3,R64,83,16,0,61,45,32,9,10,4,5,4,3,66,39,27,10,9,4,7,TennisMyLife,2020_challenger.csv,2020,2026-08-23T06:37:21.010456+00:00,763,184cf49c2d64307c0a0b4f6a58ec9599,NEW_MATCH,0,,strong kirchheimer,filip peliwo,drummondville,r64,hard
2020-7235,Drummondville,Hard,48,C,,20200223,11,K0A4,,,Vasil Kirkov,R,185,USA,20.95,622,34,GD08,,,Lloyd Glasspool,R,191,GBR,26.261,436,73,7-6(1) 3-6 6-0,3,R64,97,1,6,94,61,42,16,13,3,6,8,5,104,64,40,18,14,10,15,TennisMyLife,2020_challenger.csv,2020,2026-08-23T06:37:21.010456+00:00,764,292e91775ac7e55ca959f483fc295564,NEW_MATCH,0,,vasil kirkov,lloyd glasspool,drummondville,r64,hard
2020-7235,Drummondville,Hard,48,C,,20200223,12,N754,,,Patrik Niklas-Salminen,L,188,FIN,22.971,464,66,U120,,,Kaichi Uchida,R,180,JPN,25.503,319,123,6-1 6-7(4) 7-5,3,R64,120,18,8,101,61,50,21,16,6,7,4,2,107,63,42,20,15,5,9,TennisMyLife,2020_challenger.csv,2020,2026-08-23T06:37:21.010456+00:00,765,78ae1c47ccf97daa187da77c2948ee50,NEW_MATCH,0,,patrik niklas salminen,kaichi uchida,drummondville,r64,hard
2020-7235,Drummondville,Hard,48,C,,20200223,13,PH78,,,Ryan Peniston,L,180,GBR,24.287,380,93,CF10,,,Nick Chappell,L,178,USA,27.428,463,67,6-2 6-4,3,R64,75,1,2,50,28,24,12,9,2,3,1,0,57,40,24,7,9,5,9,TennisMyLife,2020_challenger.csv,2020,2026-08-23T06:37:21.010456+00:00,766,7d748c1cbba440df938a8c0e4e16eb8e,NEW_MATCH,0,,ryan peniston,nick chappell,drummondville,r64,hard
2020-7235,Drummondville,Hard,48,C,,20200223,14,RB00,,,Ricardo Rodriguez - Pace,,,VEN,26.823,522,53,T0D5,,,Ilya Tiraspolsky,,,CAN,18.007,,,7-6(0) 6-7(5) 6-0,3,R64,191,11,2,109,75,49,20,15,7,9,0,4,137,77,45,29,15,12,17,TennisMyLife,2020_challenger.csv,2020,2026-08-23T06:37:21.010456+00:00,767,ce5eabab7e854ca9e885d23f721851bf,NEW_MATCH,0,,ricardo rodriguez pace,ilya tiraspolsky,drummondville,r64,hard
2020-7235,Drummondville,Hard,48,C,,20200223,15,SK51,,,Tobias Simon,R,198,GER,28.769,450,70,B0FP,,,Razvan Baiant,R,180,CAN,19.433,,,6-2 6-2,3,R64,53,14,5,48,29,27,10,8,3,3,3,6,52,26,15,10,8,1,5,TennisMyLife,2020_challenger.csv,2020,2026-08-23T06:37:21.010456+00:00,768,2566bd71cf83350e9e4ccbc37629890e,NEW_MATCH,0,,tobias simon,razvan baiant,drummondville,r64,hard
2020-7235,Drummondville,Hard,48,C,,20200223,16,SP05,,,Evan Song,L,178,USA,27.713,503,58,AA49,,,Boris Arias,R,185,BOL,26.289,1571,2,6-2 6-1,3,R64,57,5,2,55,32,25,10,8,2,3,1,2,39,22,9,6,7,3,8,TennisMyLife,2020_challenger.csv,2020,2026-08-23T06:37:21.010456+00:00,769,4173d65f6173e8137b70f88b94933e93,NEW_MATCH,0,,evan song,boris arias,drummondville,r64,hard
2020-7235,Drummondville,Hard,48,C,,20200223,17,KE73,1,,Dominik Koepfer,L,180,GER,25.821,92,641,KG27,,,Strong Kirchheimer,R,185,USA,24.83,506,57,7-5 4-6 6-3,3,R32,106,5,8,97,63,48,16,16,6,8,10,1,85,58,43,14,15,3,6,TennisMyLife,2020_challenger.csv,2020,2026-08-23T06:37:21.010456+00:00,770,48cae004d0c2eeb1b6f0dfd244d9727e,NEW_MATCH,0,,dominik koepfer,strong kirchheimer,drummondville,r32,hard
2020-7235,Drummondville,Hard,48,C,,20200223,18,N754,,,Patrik Niklas-Salminen,L,188,FIN,22.971,464,66,SC47,2,,Go Soeda,R,178,JPN,35.466,114,497,7-6(5) 6-4,3,R32,83,14,2,68,50,40,11,11,1,1,0,3,62,40,33,12,11,1,2,TennisMyLife,2020_challenger.csv,2020,2026-08-23T06:37:21.010456+00:00,771,7744ba694633d6c4068a7c014a4d79d9,NEW_MATCH,0,,patrik niklas salminen,go soeda,drummondville,r32,hard
2020-7235,Drummondville,Hard,48,C,,20200223,19,O483,3,,Christopher O'Connell,R,183,AUS,25.725,115,475,E768,,,Antoine Escoffier,R,185,FRA,27.984,337,114,6-3 6-4,3,R32,61,4,2,60,35,27,14,10,1,2,1,3,54,32,23,8,9,2,5,TennisMyLife,2020_challenger.csv,2020,2026-08-23T06:37:21.010456+00:00,772,1ced11e7403738502dc88e509641027f,NEW_MATCH,0,,christopher o connell,antoine escoffier,drummondville,r32,hard
2020-7235,Drummondville,Hard,48,C,,20200223,20,CO06,,,Liam Caruana,R,178,ITA,22.086,439,72,SP24,4,,Brayden Schnur,R,193,CAN,24.641,178,278,7-6(1) 6-4,3,R32,81,3,1,68,46,34,13,11,0,1,11,3,70,47,39,7,11,4,6,TennisMyLife,2020_challenger.csv,2020,2026-08-23T06:37:21.010456+00:00,773,1f95fdbd5be326f9a609ae15294f9aa9,NEW_MATCH,0,,liam caruana,brayden schnur,drummondville,r32,hard
2020-7235,Drummondville,Hard,48,C,,20200223,21,HB29,5,,Andrew Harris,R,183,AUS,25.966,190,265,CN78,,,Lucas Catarina,R,185,MON,23.493,482,63,3-6 6-4 6-1,3,R32,103,2,5,79,56,36,13,13,6,9,3,3,81,46,28,17,13,4,9,TennisMyLife,2020_challenger.csv,2020,2026-08-23T06:37:21.010456+00:00,774,b1adcf8b47f5780d719604ba27000a1e,NEW_MATCH,0,,andrew harris,lucas catarina,drummondville,r32,hard
2020-7235,Drummondville,Hard,48,C,,20200223,22,MP01,6,,Michael Mmoh,R,188,USA,22.119,187,269,GH33,,,Manuel Guinard,R,198,FRA,24.274,300,136,6-2 3-6 6-4,3,R32,122,8,2,70,50,37,12,13,1,3,3,1,102,67,44,14,14,7,11,TennisMyLife,2020_challenger.csv,2020,2026-08-23T06:37:21.010456+00:00,775,bb8110d1a1f85d16ee61ec237367e827,NEW_MATCH,0,,michael mmoh,manuel guinard,drummondville,r32,hard
2020-7235,Drummondville,Hard,48,C,,20200223,23,PH71,7,,Max Purcell,R,185,AUS,21.892,207,233,PH78,,,Ryan Peniston,L,180,GBR,24.287,380,93,6-2 6-4,3,R32,66,11,2,59,43,35,4,9,3,4,1,1,55,37,26,5,9,3,7,TennisMyLife,2020_challenger.csv,2020,2026-08-23T06:37:21.010456+00:00,776,215d9c9975c359c3807d65054bcb8092,NEW_MATCH,0,,max purcell,ryan peniston,drummondville,r32,hard
2020-7235,Drummondville,Hard,48,C,,20200223,24,CF88,8,,Roberto Cid Subervi,R,193,DOM,26.483,222,214,GB42,,,Alejandro Gomez,R,183,COL,28.528,555,46,6-0 6-2,3,R32,,,,,,,,,,,,,,,,,,,,TennisMyLife,2020_challenger.csv,2020,2026-08-23T06:37:21.010456+00:00,777,07b31c05360c6b7d03503b41b9f9724f,NEW_MATCH,0,,roberto cid subervi,alejandro gomez,drummondville,r32,hard
2020-7235,Drummondville,Hard,48,C,,20200223,25,BI23,9,,Liam Broady,L,183,GBR,26.136,228,206,K0A4,,,Vasil Kirkov,R,185,USA,20.95,622,34,3-6 6-3 6-4,3,R32,96,4,0,73,52,42,14,14,2,3,3,2,89,56,40,17,14,4,6,TennisMyLife,2020_challenger.csv,2020,2026-08-23T06:37:21.010456+00:00,778,0cf40daa81902190df91ae793ee576e2,NEW_MATCH,0,,liam broady,vasil kirkov,drummondville,r32,hard
2020-7235,Drummondville,Hard,48,C,,20200223,26,K839,10,,Tobias Kamke,R,178,GER,33.76,254,183,I330,,,Shintaro Imai,R,178,JPN,26.461,314,128,6-3 1-6 6-3,3,R32,91,4,5,83,46,31,21,13,6,9,5,4,68,37,30,13,12,2,5,TennisMyLife,2020_challenger.csv,2020,2026-08-23T06:37:21.010456+00:00,779,9eee3a8cd15096d612c023a7ad69f357,NEW_MATCH,0,,tobias kamke,shintaro imai,drummondville,r32,hard
2020-7235,Drummondville,Hard,48,C,,20200223,27,K0AH,11,,Sebastian Korda,R,196,USA,19.636,232,204,SK51,,,Tobias Simon,R,198,GER,28.769,450,70,6-3 4-6 7-6(6),3,R32,116,7,1,106,70,47,20,15,3,5,18,5,103,56,42,26,16,5,8,TennisMyLife,2020_challenger.csv,2020,2026-08-23T06:37:21.010456+00:00,780,afa7ab8c822829dd8d311f2c5832e099,NEW_MATCH,0,,sebastian korda,tobias simon,drummondville,r32,hard
2020-7235,Drummondville,Hard,48,C,,20200223,28,RC91,12,,Arthur Rinderknech,R,196,FRA,24.589,239,196,RB00,,,Ricardo Rodriguez - Pace,,,VEN,26.823,522,53,6-4 7-5,3,R32,92,14,4,53,32,30,12,11,0,1,1,2,78,49,30,14,11,7,10,TennisMyLife,2020_challenger.csv,2020,2026-08-23T06:37:21.010456+00:00,781,29e3bf04e4ba62454c0f27b04dbcaf16,NEW_MATCH,0,,arthur rinderknech,ricardo rodriguez pace,drummondville,r32,hard
2020-7235,Drummondville,Hard,48,C,,20200223,29,N652,13,,JiSung Nam,R,183,KOR,26.524,242,192,SP05,,,Evan Song,L,178,USA,27.713,503,58,6-2 6-1,3,R32,56,4,0,42,22,19,11,7,1,1,1,2,51,28,14,10,8,2,7,TennisMyLife,2020_challenger.csv,2020,2026-08-23T06:37:21.010456+00:00,782,b78e1f56583aff496cf2543b06d726d9,NEW_MATCH,0,,jisung nam,evan song,drummondville,r32,hard
2020-7235,Drummondville,Hard,48,C,,20200223,30,C0BC,14,,Maxime Cressy,R,201,USA,22.795,252,185,B0D6,,,Taha Baadi,R,183,MAR,18.598,968,10,6-1 6-2,3,R32,50,17,4,37,22,21,11,8,0,0,0,1,43,22,11,10,7,1,5,TennisMyLife,2020_challenger.csv,2020,2026-08-23T06:37:21.010456+00:00,783,188267d0f0ec8af10791c0b8069c72ca,NEW_MATCH,0,,maxime cressy,taha baadi,drummondville,r32,hard
2020-7235,Drummondville,Hard,48,C,,20200223,31,WB08,15,,Yosuke Watanuki,R,180,JPN,21.867,214,221,BU54,,,Geoffrey Blancaneaux,R,180,FRA,21.544,270,162,6-2 5-7 7-6(4),3,R32,160,9,5,112,56,46,23,16,5,8,4,9,109,65,43,22,16,11,15,TennisMyLife,2020_challenger.csv,2020,2026-08-23T06:37:21.010456+00:00,784,dc608d4c8e142ebec84b852b20601463,NEW_MATCH,0,,yosuke watanuki,geoffrey blancaneaux,drummondville,r32,hard
2020-7235,Drummondville,Hard,48,C,,20200223,32,HB31,,,Johannes Haerteis,L,196,GER,24.003,429,74,O482,16,,Gonzalo Oliveira,L,185,VEN,25.016,278,147,7-6(5) 6-1,3,R32,87,8,1,56,40,32,7,9,2,3,3,4,84,51,31,14,10,8,12,TennisMyLife,2020_challenger.csv,2020,2026-08-23T06:37:21.010456+00:00,785,7e6414d33fc3e2f3aab2510b9c856618,NEW_MATCH,0,,johannes haerteis,gonzalo oliveira,drummondville,r32,hard
2020-7235,Drummondville,Hard,48,C,,20200223,33,WB08,15,,Yosuke Watanuki,R,180,JPN,21.867,214,221,KE73,1,,Dominik Koepfer,L,180,GER,25.821,92,641,6-3 6-1,3,R16,53,7,2,49,23,17,19,8,2,2,2,0,50,35,18,7,8,5,9,TennisMyLife,2020_challenger.csv,2020,2026-08-23T06:37:21.010456+00:00,786,a789b25b21bf5d80959383b3e3cecfee,NEW_MATCH,0,,yosuke watanuki,dominik koepfer,drummondville,r16,hard
2020-7235,Drummondville,Hard,48,C,,20200223,34,O483,3,,Christopher O'Connell,R,183,AUS,25.725,115,475,N652,13,,JiSung Nam,R,183,KOR,26.524,242,192,6-1 4-6 6-4,3,R16,101,8,3,97,66,47,16,14,4,5,3,2,73,46,31,14,13,3,6,TennisMyLife,2020_challenger.csv,2020,2026-08-23T06:37:21.010456+00:00,787,db40f817fa3c45e313e70f4218273fa4,NEW_MATCH,0,,christopher o connell,jisung nam,drummondville,r16,hard
2020-7235,Drummondville,Hard,48,C,,20200223,35,K839,10,,Tobias Kamke,R,178,GER,33.76,254,183,HB29,5,,Andrew Harris,R,183,AUS,25.966,190,265,6-3 7-6(2),3,R16,95,4,3,72,41,30,16,11,3,6,4,5,74,44,26,13,10,3,7,TennisMyLife,2020_challenger.csv,2020,2026-08-23T06:37:21.010456+00:00,788,d511490d2b273d462a8f4f0f678e6790,NEW_MATCH,0,,tobias kamke,andrew harris,drummondville,r16,hard
2020-7235,Drummondville,Hard,48,C,,20200223,36,RC91,12,,Arthur Rinderknech,R,196,FRA,24.589,239,196,MP01,6,,Michael Mmoh,R,188,USA,22.119,187,269,6-2 3-6 6-3,3,R16,110,11,0,84,58,44,12,13,6,8,4,3,73,49,35,11,13,4,8,TennisMyLife,2020_challenger.csv,2020,2026-08-23T06:37:21.010456+00:00,789,2318a96e6dc2296647ffdcb7b071e2d9,NEW_MATCH,0,,arthur rinderknech,michael mmoh,drummondville,r16,hard
2020-7235,Drummondville,Hard,48,C,,20200223,37,K0AH,11,,Sebastian Korda,R,196,USA,19.636,232,204,PH71,7,,Max Purcell,R,185,AUS,21.892,207,233,6-7(5) 6-1 6-0,3,R16,105,6,4,90,62,42,13,12,6,9,3,4,90,64,33,9,13,9,18,TennisMyLife,2020_challenger.csv,2020,2026-08-23T06:37:21.010456+00:00,790,ff22eb1330a91e96188c18dd663f79dd,NEW_MATCH,0,,sebastian korda,max purcell,drummondville,r16,hard
2020-7235,Drummondville,Hard,48,C,,20200223,38,CF88,8,,Roberto Cid Subervi,R,193,DOM,26.483,222,214,BI23,9,,Liam Broady,L,183,GBR,26.136,228,206,6-4 6-1,3,R16,82,4,1,46,29,18,8,8,0,2,3,0,79,58,29,5,9,9,15,TennisMyLife,2020_challenger.csv,2020,2026-08-23T06:37:21.010456+00:00,791,489558b92c410786404e6ed7df2accb3,NEW_MATCH,0,,roberto cid subervi,liam broady,drummondville,r16,hard
2020-7235,Drummondville,Hard,48,C,,20200223,39,C0BC,14,,Maxime Cressy,R,201,USA,22.795,252,185,CO06,,,Liam Caruana,R,178,ITA,22.086,439,72,6-2 6-1,3,R16,52,17,4,43,32,27,6,8,0,0,0,2,46,28,12,9,7,3,7,TennisMyLife,2020_challenger.csv,2020,2026-08-23T06:37:21.010456+00:00,792,8c82da1f7b51e2f593272236c58536d4,NEW_MATCH,0,,maxime cressy,liam caruana,drummondville,r16,hard
2020-7235,Drummondville,Hard,48,C,,20200223,40,HB31,,,Johannes Haerteis,L,196,GER,24.003,429,74,N754,,,Patrik Niklas-Salminen,L,188,FIN,22.971,464,66,7-6(5) 5-7 7-5,3,R16,160,7,10,122,76,51,19,18,8,15,8,12,118,71,46,20,18,6,13,TennisMyLife,2020_challenger.csv,2020,2026-08-23T06:37:21.010456+00:00,793,48712dfe88203b72f1cf92c7c3a2b741,NEW_MATCH,0,,johannes haerteis,patrik niklas salminen,drummondville,r16,hard
2020-7235,Drummondville,Hard,48,C,,20200223,41,O483,3,,Christopher O'Connell,R,183,AUS,25.725,115,475,K0AH,11,,Sebastian Korda,R,196,USA,19.636,232,204,6-3 6-4,3,QF,59,4,2,52,22,19,18,10,1,2,2,2,48,31,22,7,9,2,5,TennisMyLife,2020_challenger.csv,2020,2026-08-23T06:37:21.010456+00:00,794,a8d169d61d69c0e086bd216ffa91e464,NEW_MATCH,0,,christopher o connell,sebastian korda,drummondville,qf,hard
2020-7235,Drummondville,Hard,48,C,,20200223,42,HB31,,,Johannes Haerteis,L,196,GER,24.003,429,74,CF88,8,,Roberto Cid Subervi,R,193,DOM,26.483,222,214,1-6 6-4 6-1,3,QF,112,4,9,95,57,41,15,12,7,10,5,1,75,51,35,11,12,6,10,TennisMyLife,2020_challenger.csv,2020,2026-08-23T06:37:21.010456+00:00,795,1a3d9e29f22c32aa7b04c0e084678697,NEW_MATCH,0,,johannes haerteis,roberto cid subervi,drummondville,qf,hard
2020-7235,Drummondville,Hard,48,C,,20200223,43,C0BC,14,,Maxime Cressy,R,201,USA,22.795,252,185,K839,10,,Tobias Kamke,R,178,GER,33.76,254,183,6-4 6-3,3,QF,80,13,6,50,27,25,15,10,0,0,1,5,68,39,25,15,9,11,13,TennisMyLife,2020_challenger.csv,2020,2026-08-23T06:37:21.010456+00:00,796,7f300a1988d89f3a9dbc03c98e47c585,NEW_MATCH,0,,maxime cressy,tobias kamke,drummondville,qf,hard
2020-7235,Drummondville,Hard,48,C,,20200223,44,RC91,12,,Arthur Rinderknech,R,196,FRA,24.589,239,196,WB08,15,,Yosuke Watanuki,R,180,JPN,21.867,214,221,6-2 6-4,3,QF,70,9,3,61,47,36,6,9,5,5,4,1,50,26,19,11,9,2,5,TennisMyLife,2020_challenger.csv,2020,2026-08-23T06:37:21.010456+00:00,797,376f02f589c8d6b0bbd8eced2145734e,NEW_MATCH,0,,arthur rinderknech,yosuke watanuki,drummondville,qf,hard
2020-7235,Drummondville,Hard,48,C,,20200223,45,RC91,12,,Arthur Rinderknech,R,196,FRA,24.589,239,196,O483,3,,Christopher O'Connell,R,183,AUS,25.725,115,475,6-4 6-2,3,SF,72,9,0,48,33,28,10,9,0,0,3,3,59,37,24,11,9,2,5,TennisMyLife,2020_challenger.csv,2020,2026-08-23T06:37:21.010456+00:00,798,09afd94ee8fb903c089ae3ad62bf53ae,NEW_MATCH,0,,arthur rinderknech,christopher o connell,drummondville,sf,hard
2020-7235,Drummondville,Hard,48,C,,20200223,46,C0BC,14,,Maxime Cressy,R,201,USA,22.795,252,185,HB31,,,Johannes Haerteis,L,196,GER,24.003,429,74,7-6(2) 6-4,3,SF,91,14,7,70,37,33,20,11,1,1,1,1,73,47,36,12,11,3,4,TennisMyLife,2020_challenger.csv,2020,2026-08-23T06:37:21.010456+00:00,799,7838705a006884fbece7a6d49e698590,NEW_MATCH,0,,maxime cressy,johannes haerteis,drummondville,sf,hard
2020-7235,Drummondville,Hard,48,C,,20200223,47,C0BC,14,,Maxime Cressy,R,201,USA,22.795,252,185,RC91,12,,Arthur Rinderknech,R,196,FRA,24.589,239,196,6-7(4) 6-4 6-4,3,F,126,21,5,90,57,49,21,16,3,3,6,4,96,65,51,18,16,4,6,TennisMyLife,2020_challenger.csv,2020,2026-08-23T06:37:21.010456+00:00,800,276e7d4d96f241b4f0fcdc4d4965c4be,NEW_MATCH,0,,maxime cressy,arthur rinderknech,drummondville,f,hard
2020-7652,Koblenz,Hard,48,C,,20200223,1,BE67,,,Mirza Basic,R,188,BIH,28.619,298,137,MG08,,,Yannick Mertens,R,185,BEL,32.665,465,66,6-3 6-1,3,R64,60,4,1,44,28,24,6,8,0,1,0,2,49,23,11,11,8,3,8,TennisMyLife,2020_challenger.csv,2020,2026-08-23T06:37:21.010456+00:00,801,2c62723b89faa8262bc7f17e25f9921a,NEW_MATCH,0,,mirza basic,yannick mertens,koblenz,r64,hard
2020-7652,Koblenz,Hard,48,C,,20200223,2,BF98,,,Alessandro Bega,R,170,ITA,29.117,361,102,LD26,,,Edan Leshem,R,183,ISR,22.932,349,107,6-1 6-2,3,R64,65,0,1,50,39,24,4,7,3,5,2,5,57,32,15,5,8,9,16,TennisMyLife,2020_challenger.csv,2020,2026-08-23T06:37:21.010456+00:00,802,2f40a972bc046ad25615591e7ad4573f,NEW_MATCH,0,,alessandro bega,edan leshem,koblenz,r64,hard
2020-7652,Koblenz,Hard,48,C,,20200223,3,DG97,,,Artem Dubrivnyy,R,183,RUS,21.062,403,84,A09T,,,Dan Added,R,183,FRA,20.865,373,96,7-5 6-4,3,R64,84,4,1,74,43,30,17,11,5,7,5,1,65,38,22,15,11,2,6,TennisMyLife,2020_challenger.csv,2020,2026-08-23T06:37:21.010456+00:00,803,a5bbe59650b339892698ae236ec44f50,NEW_MATCH,0,,artem dubrivnyy,dan added,koblenz,r64,hard
2020-7652,Koblenz,Hard,48,C,,20200223,4,GF23,,,Lucas Gerch,L,193,GER,25.177,441,72,DG80,,,Enrico Dalla Valle,R,196,ITA,21.927,411,81,6-1 6-4,3,R64,62,2,5,57,35,27,13,9,3,3,0,0,35,24,16,5,8,0,3,TennisMyLife,2020_challenger.csv,2020,2026-08-23T06:37:21.010456+00:00,804,93ac15e0041d6cc95eeced8ba44a020e,NEW_MATCH,0,,lucas gerch,enrico dalla valle,koblenz,r64,hard
2020-7652,Koblenz,Hard,48,C,,20200223,5,I236,,,Uladzimir Ignatik,R,183,BLR,29.613,363,100,E0BO,,,Nino Ehrenschneider,L,185,GER,18.899,,,6-1 6-1,3,R64,51,4,0,32,19,19,9,7,0,0,0,3,44,27,11,8,7,3,8,TennisMyLife,2020_challenger.csv,2020,2026-08-23T06:37:21.010456+00:00,805,7a61e13c3b7c39fa17236d3a56d100e8,NEW_MATCH,0,,uladzimir ignatik,nino ehrenschneider,koblenz,r64,hard
2020-7652,Koblenz,Hard,48,C,,20200223,6,KI48,,,Ergi Kirkin,R,180,TUR,21.073,523,52,HG94,,,Benjamin Hassan,R,183,LBN,25.051,334,115,4-6 6-1 6-4,3,R64,126,3,6,125,67,51,24,14,17,19,4,3,74,45,28,17,13,2,6,TennisMyLife,2020_challenger.csv,2020,2026-08-23T06:37:21.010456+00:00,806,1d4f3358ac535dc4f3cac8e112151343,NEW_MATCH,0,,ergi kirkin,benjamin hassan,koblenz,r64,hard
2020-7652,Koblenz,Hard,48,C,,20200223,7,KI82,,,Vit Kopriva,R,178,CZE,22.691,317,126,G09C,,,Marek Gengel,R,185,CZE,24.435,499,59,6-4 6-3,3,R64,79,7,2,64,34,24,19,10,5,6,3,3,61,36,21,13,9,3,6,TennisMyLife,2020_challenger.csv,2020,2026-08-23T06:37:21.010456+00:00,807,0d7235b796a3bb529d45149b1f728ae7,NEW_MATCH,0,,vit kopriva,marek gengel,koblenz,r64,hard
2020-7652,Koblenz,Hard,48,C,,20200223,8,KC33,,,Dimitar Kuzmanov,R,183,BUL,26.574,327,118,O659,,,Vladyslav Orlov,R,188,UKR,24.772,393,86,6-2 6-1,3,R64,72,3,0,46,29,21,14,8,1,1,2,1,51,28,14,12,7,5,9,TennisMyLife,2020_challenger.csv,2020,2026-08-23T06:37:21.010456+00:00,808,0857a16bae2bf57fce862f9452f942a4,NEW_MATCH,0,,dimitar kuzmanov,vladyslav orlov,koblenz,r64,hard
2020-7652,Koblenz,Hard,48,C,,20200223,9,M0FH,,,Tomas Machac,R,183,CZE,19.362,347,109,Z09W,,,Leopold Zima,R,185,GER,19.781,1565,2,6-2 6-2,3,R64,60,1,0,39,24,21,11,8,0,0,4,3,64,37,20,11,8,7,11,TennisMyLife,2020_challenger.csv,2020,2026-08-23T06:37:21.010456+00:00,809,4bad743f71af5b1d7471ab0f987c0acd,NEW_MATCH,0,,tomas machac,leopold zima,koblenz,r64,hard
2020-7652,Koblenz,Hard,48,C,,20200223,10,MN13,,,Maximilian Marterer,L,188,GER,24.693,379,93,SI36,,,Eduardo Struvay,R,,COL,29.185,388,90,6-3 7-6(5),3,R64,87,7,1,58,43,40,9,11,0,0,7,2,70,48,35,12,10,4,5,TennisMyLife,2020_challenger.csv,2020,2026-08-23T06:37:21.010456+00:00,810,da494292fd1b22df378b2de4c15e055d,NEW_MATCH,0,,maximilian marterer,eduardo struvay,koblenz,r64,hard
2020-7652,Koblenz,Hard,48,C,,20200223,11,SN77,,,Vaclav Safranek,R,183,CZE,25.763,322,121,HB67,,,Christopher Heyman,L,188,BEL,26.376,392,87,6-4 6-2,3,R64,71,6,1,57,35,25,14,9,0,0,1,1,52,38,21,9,9,0,3,TennisMyLife,2020_challenger.csv,2020,2026-08-23T06:37:21.010456+00:00,811,9d9f6e2f4b5564ccc63254ea3b54e2ce,NEW_MATCH,0,,vaclav safranek,christopher heyman,koblenz,r64,hard
2020-7652,Koblenz,Hard,48,C,,20200223,12,MP13,,,Mukund Sasikumar,R,185,IND,23.107,282,144,J09X,,,Filip Cristian Jianu,R,180,ROU,18.431,410,81,6-3 6-2,3,R64,68,7,0,51,28,23,15,9,3,3,3,0,62,46,27,6,8,5,8,TennisMyLife,2020_challenger.csv,2020,2026-08-23T06:37:21.010456+00:00,812,aad8d48853163fe0ba3c40e117386a67,NEW_MATCH,0,,mukund sasikumar,filip cristian jianu,koblenz,r64,hard
2020-7652,Koblenz,Hard,48,C,,20200223,13,SF36,,,Igor Sijsling,R,191,NED,32.517,343,110,Z09D,,,Kacper Zuk,R,183,POL,21.09,405,83,4-6 6-3 7-6(4),3,R64,110,11,0,94,58,51,20,16,5,6,11,4,105,63,47,25,15,8,9,TennisMyLife,2020_challenger.csv,2020,2026-08-23T06:37:21.010456+00:00,813,db08391e06bb82316235289d8bb3ee46,NEW_MATCH,0,,igor sijsling,kacper zuk,koblenz,r64,hard
2020-7652,Koblenz,Hard,48,C,,20200223,14,V0B2,,,Michael Vrbensky,R,,CZE,20.162,402,84,E688,,,Markus Eriksson,R,188,SWE,30.234,309,130,6-2 6-2,3,R64,72,5,3,51,26,21,15,8,1,1,4,0,71,42,23,13,8,11,15,TennisMyLife,2020_challenger.csv,2020,2026-08-23T06:37:21.010456+00:00,814,88cb09910fdaf34b11206de507c95d7a,NEW_MATCH,0,,michael vrbensky,markus eriksson,koblenz,r64,hard
2020-7652,Koblenz,Hard,48,C,,20200223,15,W0AN,,,Milan Welte,R,,GER,18.65,1046,8,PG32,,,Adam Pavlasek,R,185,CZE,25.377,372,96,6-1 4-6 6-4,3,R64,115,1,4,86,54,40,16,14,3,5,13,5,96,54,38,17,13,13,17,TennisMyLife,2020_challenger.csv,2020,2026-08-23T06:37:21.010456+00:00,815,bcb8f340c13159b575ce35ab1e92696f,NEW_MATCH,0,,milan welte,adam pavlasek,koblenz,r64,hard
2020-7652,Koblenz,Hard,48,C,,20200223,16,WB25,,,Louis Wessels,R,198,GER,21.492,424,77,HA33,,,Peter Heller,R,185,GER,27.532,412,81,6-3 6-2,3,R64,68,8,4,55,31,23,16,9,2,2,2,0,45,27,16,10,8,2,5,TennisMyLife,2020_challenger.csv,2020,2026-08-23T06:37:21.010456+00:00,816,2ceee3204f74b0e5698c292cd837c7f4,NEW_MATCH,0,,louis wessels,peter heller,koblenz,r64,hard
2020-7652,Koblenz,Hard,48,C,,20200223,17,MH16,1,,Yannick Maden,R,185,GER,30.322,144,380,WB25,,,Louis Wessels,R,198,GER,21.492,424,77,3-6 7-6(5) 6-3,3,R32,145,4,2,83,52,35,18,14,2,5,10,3,116,68,47,22,16,10,14,TennisMyLife,2020_challenger.csv,2020,2026-08-23T06:37:21.010456+00:00,817,9279861ef7498675fa0ac6d0d3882a3a,NEW_MATCH,0,,yannick maden,louis wessels,koblenz,r32,hard
2020-7652,Koblenz,Hard,48,C,,20200223,18,H997,2,,Yannick Hanfmann,R,193,GER,28.279,149,358,V0B2,,,Michael Vrbensky,R,,CZE,20.162,402,84,6-7(7) 6-4 7-6(5),3,R32,154,9,4,124,76,54,21,17,5,8,3,5,116,75,48,21,17,4,8,TennisMyLife,2020_challenger.csv,2020,2026-08-23T06:37:21.010456+00:00,818,9801b2f52925d67ea7c9c5e90db1b3d1,NEW_MATCH,0,,yannick hanfmann,michael vrbensky,koblenz,r32,hard
2020-7652,Koblenz,Hard,48,C,,20200223,19,GJ37,3,,Tallon Griekspoor,R,188,NED,23.644,198,249,GF23,,,Lucas Gerch,L,193,GER,25.177,441,72,6-4 2-6 7-6(3),3,R32,146,5,4,132,86,51,22,15,11,15,3,8,110,60,43,21,15,8,11,TennisMyLife,2020_challenger.csv,2020,2026-08-23T06:37:21.010456+00:00,819,4756cfcbb5d598fb4de1d4a55d32ac26,NEW_MATCH,0,,tallon griekspoor,lucas gerch,koblenz,r32,hard
2020-7652,Koblenz,Hard,48,C,,20200223,20,KI82,,,Vit Kopriva,R,178,CZE,22.691,317,126,O449,4,,Oscar Otte,R,193,GER,26.606,184,274,6-4 7-6(4),3,R32,105,5,1,77,46,32,16,11,1,3,4,7,85,41,26,24,11,8,11,TennisMyLife,2020_challenger.csv,2020,2026-08-23T06:37:21.010456+00:00,820,54aa0e9468b14305d222da030e35e9f1,NEW_MATCH,0,,vit kopriva,oscar otte,koblenz,r32,hard
2020-7652,Koblenz,Hard,48,C,,20200223,21,KC33,,,Dimitar Kuzmanov,R,183,BUL,26.574,327,118,J620,5,,Maxime Janvier,R,196,FRA,23.348,175,283,6-4 7-5,3,R32,98,3,5,71,49,31,13,11,4,6,1,4,71,40,27,13,11,4,8,TennisMyLife,2020_challenger.csv,2020,2026-08-23T06:37:21.010456+00:00,821,c7f6eb2fc9ada4e4e8a3c28a2af63cf9,NEW_MATCH,0,,dimitar kuzmanov,maxime janvier,koblenz,r32,hard
2020-7652,Koblenz,Hard,48,C,,20200223,22,V812,6,,Botic van de Zandschulp,R,191,NED,24.389,204,239,SF36,,,Igor Sijsling,R,191,NED,32.517,343,110,W/O,3,R32,,,,,,,,,,,,,,,,,,,,TennisMyLife,2020_challenger.csv,2020,2026-08-23T06:37:21.010456+00:00,822,5a1633f096b943fe7525a394c70bfbc0,NEW_MATCH,0,,botic van de zandschulp,igor sijsling,koblenz,r32,hard
2020-7652,Koblenz,Hard,48,C,,20200223,23,HB64,7,,Quentin Halys,R,191,FRA,23.326,193,256,W0AN,,,Milan Welte,R,,GER,18.65,1046,8,7-5 6-2,3,R32,72,6,3,54,39,33,10,10,2,2,1,3,57,29,21,15,10,2,5,TennisMyLife,2020_challenger.csv,2020,2026-08-23T06:37:21.010456+00:00,823,5b49faa123f2ea7c06875373be37343b,NEW_MATCH,0,,quentin halys,milan welte,koblenz,r32,hard
2020-7652,Koblenz,Hard,48,C,,20200223,24,BE67,,,Mirza Basic,R,188,BIH,28.619,298,137,MJ71,8,,Mats Moraing,L,198,GER,27.677,263,177,6-4 6-4,3,R32,66,7,0,52,29,23,15,10,0,1,10,4,67,41,27,10,10,1,4,TennisMyLife,2020_challenger.csv,2020,2026-08-23T06:37:21.010456+00:00,824,f9597d17abbb9dede2c4dee25756d3d0,NEW_MATCH,0,,mirza basic,mats moraing,koblenz,r32,hard
2020-7652,Koblenz,Hard,48,C,,20200223,25,MN13,,,Maximilian Marterer,L,188,GER,24.693,379,93,LB51,9,,Julian Lenz,R,188,GER,27.014,245,190,6-1 6-3,3,R32,62,7,2,47,25,19,13,8,1,2,3,4,49,25,13,9,8,1,6,TennisMyLife,2020_challenger.csv,2020,2026-08-23T06:37:21.010456+00:00,825,e62471f2db3b81e77a3bcfa974db76d5,NEW_MATCH,0,,maximilian marterer,julian lenz,koblenz,r32,hard
2020-7652,Koblenz,Hard,48,C,,20200223,26,BA65,10,,Dustin Brown,R,196,JAM,35.209,240,195,I236,,,Uladzimir Ignatik,R,183,BLR,29.613,363,100,6-4 6-4,3,R32,67,6,2,61,37,32,11,10,2,2,5,3,57,36,29,8,10,2,4,TennisMyLife,2020_challenger.csv,2020,2026-08-23T06:37:21.010456+00:00,826,5190cf0e7426161fb0cd7c707e1024d1,NEW_MATCH,0,,dustin brown,uladzimir ignatik,koblenz,r32,hard
2020-7652,Koblenz,Hard,48,C,,20200223,27,KI74,11,,Nicola Kuhn,R,185,GER,19.929,244,191,BF98,,,Alessandro Bega,R,170,ITA,29.117,361,102,6-3 6-2,3,R32,80,5,1,73,39,24,22,9,7,8,0,0,53,37,19,6,8,2,6,TennisMyLife,2020_challenger.csv,2020,2026-08-23T06:37:21.010456+00:00,827,9c419b457a0ebb316c475a66cfdfe280,NEW_MATCH,0,,nicola kuhn,alessandro bega,koblenz,r32,hard
2020-7652,Koblenz,Hard,48,C,,20200223,28,BE54,12,,Ruben Bemelmans,L,183,BEL,32.11,249,186,DG97,,,Artem Dubrivnyy,R,183,RUS,21.062,403,84,6-3 6-1,3,R32,62,4,0,47,26,21,13,8,2,2,7,0,55,36,23,5,8,4,8,TennisMyLife,2020_challenger.csv,2020,2026-08-23T06:37:21.010456+00:00,828,5cdeb8d0d646b382bbfa175d1d7dadbd,NEW_MATCH,0,,ruben bemelmans,artem dubrivnyy,koblenz,r32,hard
2020-7652,Koblenz,Hard,48,C,,20200223,29,MN20,13,,Daniel Masur,R,183,GER,25.298,256,183,SN77,,,Vaclav Safranek,R,183,CZE,25.763,322,121,5-7 7-6(2) 6-2,3,R32,147,17,5,130,84,60,16,16,16,20,5,3,98,63,38,19,16,3,8,TennisMyLife,2020_challenger.csv,2020,2026-08-23T06:37:21.010456+00:00,829,c99505c505b02298c3448ce9d7768802,NEW_MATCH,0,,daniel masur,vaclav safranek,koblenz,r32,hard
2020-7652,Koblenz,Hard,48,C,,20200223,30,M0FH,,,Tomas Machac,R,183,CZE,19.362,347,109,G681,14,,Teymuraz Gabashvili,R,185,GEO,34.754,272,159,6-0 6-3,3,R32,62,7,3,42,31,26,4,7,2,2,2,7,59,32,16,10,8,5,10,TennisMyLife,2020_challenger.csv,2020,2026-08-23T06:37:21.010456+00:00,830,7addd0769a7c08d84c05da50dc1137b2,NEW_MATCH,0,,tomas machac,teymuraz gabashvili,koblenz,r32,hard
2020-7652,Koblenz,Hard,48,C,,20200223,31,MP13,,,Mukund Sasikumar,R,185,IND,23.107,282,144,MO55,15,,Lucas Miedler,R,183,AUT,23.674,280,146,7-6(1) 6-4,3,R32,103,5,2,73,35,26,20,11,3,6,2,0,69,46,26,13,11,2,6,TennisMyLife,2020_challenger.csv,2020,2026-08-23T06:37:21.010456+00:00,831,6c1d689c05f58ff073e79d21c6f03977,NEW_MATCH,0,,mukund sasikumar,lucas miedler,koblenz,r32,hard
2020-7652,Koblenz,Hard,48,C,,20200223,32,KI48,,,Ergi Kirkin,R,180,TUR,21.073,523,52,K09F,16,,Pavel Kotov,R,191,RUS,21.265,284,143,6-4 6-7(5) 7-5,3,R32,161,4,3,115,59,43,28,17,7,10,5,4,110,75,50,17,17,3,8,TennisMyLife,2020_challenger.csv,2020,2026-08-23T06:37:21.010456+00:00,832,589baceac8be9eef170cae1845fc0a60,NEW_MATCH,0,,ergi kirkin,pavel kotov,koblenz,r32,hard
2020-7652,Koblenz,Hard,48,C,,20200223,33,MH16,1,,Yannick Maden,R,185,GER,30.322,144,380,KI48,,,Ergi Kirkin,R,180,TUR,21.073,523,52,6-3 6-0,3,R16,68,0,2,35,16,12,12,7,0,1,0,2,60,34,20,6,8,4,10,TennisMyLife,2020_challenger.csv,2020,2026-08-23T06:37:21.010456+00:00,833,a4c00e3c2bd7566288e3889dc40cc766,NEW_MATCH,0,,yannick maden,ergi kirkin,koblenz,r16,hard
2020-7652,Koblenz,Hard,48,C,,20200223,34,H997,2,,Yannick Hanfmann,R,193,GER,28.279,149,358,MP13,,,Mukund Sasikumar,R,185,IND,23.107,282,144,7-5 6-4,3,R16,99,5,3,81,52,38,14,11,5,6,2,2,81,49,32,14,11,5,8,TennisMyLife,2020_challenger.csv,2020,2026-08-23T06:37:21.010456+00:00,834,4e58194c18b8c7badef9993d99af5acf,NEW_MATCH,0,,yannick hanfmann,mukund sasikumar,koblenz,r16,hard
2020-7652,Koblenz,Hard,48,C,,20200223,35,MN20,13,,Daniel Masur,R,183,GER,25.298,256,183,GJ37,3,,Tallon Griekspoor,R,188,NED,23.644,198,249,5-7 6-3 6-1,3,R16,104,3,1,67,44,37,13,14,2,4,2,4,103,63,38,21,14,9,14,TennisMyLife,2020_challenger.csv,2020,2026-08-23T06:37:21.010456+00:00,835,9ed6cccea48c268ee8d5b1eb628f955d,NEW_MATCH,0,,daniel masur,tallon griekspoor,koblenz,r16,hard
2020-7652,Koblenz,Hard,48,C,,20200223,36,V812,6,,Botic van de Zandschulp,R,191,NED,24.389,204,239,MN13,,,Maximilian Marterer,L,188,GER,24.693,379,93,6-4 6-2,3,R16,62,6,3,43,27,24,12,9,0,0,2,1,56,40,26,7,9,1,4,TennisMyLife,2020_challenger.csv,2020,2026-08-23T06:37:21.010456+00:00,836,439da75e36d4fde6f1dd6e8ef315f6fb,NEW_MATCH,0,,botic van de zandschulp,maximilian marterer,koblenz,r16,hard
2020-7652,Koblenz,Hard,48,C,,20200223,37,BE54,12,,Ruben Bemelmans,L,183,BEL,32.11,249,186,HB64,7,,Quentin Halys,R,191,FRA,23.326,193,256,6-2 6-4,3,R16,63,2,0,43,28,24,9,9,0,1,1,3,56,33,18,11,9,3,7,TennisMyLife,2020_challenger.csv,2020,2026-08-23T06:37:21.010456+00:00,837,86757c1e6955cd2c88e1180330eea9fe,NEW_MATCH,0,,ruben bemelmans,quentin halys,koblenz,r16,hard
2020-7652,Koblenz,Hard,48,C,,20200223,38,KC33,,,Dimitar Kuzmanov,R,183,BUL,26.574,327,118,BA65,10,,Dustin Brown,R,196,JAM,35.209,240,195,4-6 6-3 6-4,3,R16,103,9,4,86,55,42,18,15,6,8,9,1,82,53,39,14,14,2,5,TennisMyLife,2020_challenger.csv,2020,2026-08-23T06:37:21.010456+00:00,838,3ed428c8fb709e78fad4a6375887997a,NEW_MATCH,0,,dimitar kuzmanov,dustin brown,koblenz,r16,hard
2020-7652,Koblenz,Hard,48,C,,20200223,39,KI74,11,,Nicola Kuhn,R,185,GER,19.929,244,191,BE67,,,Mirza Basic,R,188,BIH,28.619,298,137,6-4 7-6(4),3,R16,85,5,3,73,40,31,19,11,1,2,4,0,63,45,36,7,11,1,3,TennisMyLife,2020_challenger.csv,2020,2026-08-23T06:37:21.010456+00:00,839,5938f21b4e9bdbeacbf1b84eaf875e83,NEW_MATCH,0,,nicola kuhn,mirza basic,koblenz,r16,hard
2020-7652,Koblenz,Hard,48,C,,20200223,40,M0FH,,,Tomas Machac,R,183,CZE,19.362,347,109,KI82,,,Vit Kopriva,R,178,CZE,22.691,317,126,6-3 6-3,3,R16,77,4,1,56,35,27,12,9,3,3,4,1,56,36,25,8,9,4,7,TennisMyLife,2020_challenger.csv,2020,2026-08-23T06:37:21.010456+00:00,840,6fe9b0f243514917f07d5c07e08952c0,NEW_MATCH,0,,tomas machac,vit kopriva,koblenz,r16,hard
2020-7652,Koblenz,Hard,48,C,,20200223,41,V812,6,,Botic van de Zandschulp,R,191,NED,24.389,204,239,MH16,1,,Yannick Maden,R,185,GER,30.322,144,380,4-6 6-4 6-4,3,QF,122,10,5,90,61,47,15,15,6,8,1,4,91,53,35,22,15,4,7,TennisMyLife,2020_challenger.csv,2020,2026-08-23T06:37:21.010456+00:00,841,0818bf0d8c0557b12b00325fed97517f,NEW_MATCH,0,,botic van de zandschulp,yannick maden,koblenz,qf,hard
2020-7652,Koblenz,Hard,48,C,,20200223,42,BE54,12,,Ruben Bemelmans,L,183,BEL,32.11,249,186,H997,2,,Yannick Hanfmann,R,193,GER,28.279,149,358,6-3 6-2,3,QF,77,3,1,56,35,26,14,9,3,3,6,0,69,44,23,14,8,3,6,TennisMyLife,2020_challenger.csv,2020,2026-08-23T06:37:21.010456+00:00,842,1e72c7baae7ea32d6ab08ee915ba1cd3,NEW_MATCH,0,,ruben bemelmans,yannick hanfmann,koblenz,qf,hard
2020-7652,Koblenz,Hard,48,C,,20200223,43,KI74,11,,Nicola Kuhn,R,185,GER,19.929,244,191,MN20,13,,Daniel Masur,R,183,GER,25.298,256,183,5-7 7-6(2) 6-2,3,QF,135,4,4,101,62,46,18,16,6,10,7,5,106,66,44,18,16,4,9,TennisMyLife,2020_challenger.csv,2020,2026-08-23T06:37:21.010456+00:00,843,8487ed586312f182de989ef20a4cd20f,NEW_MATCH,0,,nicola kuhn,daniel masur,koblenz,qf,hard
2020-7652,Koblenz,Hard,48,C,,20200223,44,M0FH,,,Tomas Machac,R,183,CZE,19.362,347,109,KC33,,,Dimitar Kuzmanov,R,183,BUL,26.574,327,118,6-4 6-4,3,QF,77,2,1,49,36,29,6,10,1,3,3,3,63,44,26,8,10,2,6,TennisMyLife,2020_challenger.csv,2020,2026-08-23T06:37:21.010456+00:00,844,e96c8b2682ad261124ea176c0a0e7c21,NEW_MATCH,0,,tomas machac,dimitar kuzmanov,koblenz,qf,hard
2020-7652,Koblenz,Hard,48,C,,20200223,45,V812,6,,Botic van de Zandschulp,R,191,NED,24.389,204,239,KI74,11,,Nicola Kuhn,R,185,GER,19.929,244,191,6-4 3-6 6-2,3,SF,113,16,6,86,60,46,11,13,5,7,4,2,77,46,29,18,14,2,6,TennisMyLife,2020_challenger.csv,2020,2026-08-23T06:37:21.010456+00:00,845,8194d7d9ad1ceee9d360230669003d4c,NEW_MATCH,0,,botic van de zandschulp,nicola kuhn,koblenz,sf,hard
2020-7652,Koblenz,Hard,48,C,,20200223,46,M0FH,,,Tomas Machac,R,183,CZE,19.362,347,109,BE54,12,,Ruben Bemelmans,L,183,BEL,32.11,249,186,6-2 6-4,3,SF,71,6,0,50,29,27,12,9,2,2,4,4,65,36,21,14,9,7,10,TennisMyLife,2020_challenger.csv,2020,2026-08-23T06:37:21.010456+00:00,846,748dbc15eb1196f81676942be70acc81,NEW_MATCH,0,,tomas machac,ruben bemelmans,koblenz,sf,hard
2020-7652,Koblenz,Hard,48,C,,20200223,47,M0FH,,,Tomas Machac,R,183,CZE,19.362,347,109,V812,6,,Botic van de Zandschulp,R,191,NED,24.389,204,239,6-3 4-6 6-3,3,F,116,7,2,79,44,30,21,14,5,8,7,6,98,61,38,14,14,7,12,TennisMyLife,2020_challenger.csv,2020,2026-08-23T06:37:21.010456+00:00,847,4ebbde4413563a23a0e8d8aec86d7422,NEW_MATCH,0,,tomas machac,botic van de zandschulp,koblenz,f,hard
2020-854,Bergamo,Hard,47,C,,20200223,1,A622,,,Andrea Arnaboldi,L,180,ITA,32.159,292,140,KI63,,,Lukas Klein,R,193,SVK,21.925,304,133,7-6(4) 6-4,3,R64,91,4,2,62,38,28,19,11,1,2,5,1,81,59,38,13,11,4,6,TennisMyLife,2020_challenger.csv,2020,2026-08-23T06:37:21.010456+00:00,848,28be08524cae585a47a72d0a60e96063,NEW_MATCH,0,,andrea arnaboldi,lukas klein,bergamo,r64,hard
2020-854,Bergamo,Hard,47,C,,20200223,2,BV24,,,Raul Brancaccio,R,183,ITA,22.806,377,95,CH05,,,Altug Celikbilek,R,183,TUR,23.461,326,119,3-6 6-0 6-1,3,R64,78,6,2,67,42,30,13,11,2,4,2,5,66,38,25,6,11,3,9,TennisMyLife,2020_challenger.csv,2020,2026-08-23T06:37:21.010456+00:00,849,f35990adb4efcb77f8cea592c76a6c99,NEW_MATCH,0,,raul brancaccio,altug celikbilek,bergamo,r64,hard
2020-854,Bergamo,Hard,47,C,,20200223,3,CM79,,,Baptiste Crepatte,R,185,FRA,25.424,365,99,M0EJ,,,Lorenzo Musetti,R,185,ITA,17.977,312,129,6-3 6-2,3,R64,53,2,2,51,29,21,13,9,0,1,4,3,49,29,19,8,8,3,7,TennisMyLife,2020_challenger.csv,2020,2026-08-23T06:37:21.010456+00:00,850,195e3a172f49dd1f19e02589f202f2b2,NEW_MATCH,0,,baptiste crepatte,lorenzo musetti,bergamo,r64,hard
2020-854,Bergamo,Hard,47,C,,20200223,4,D981,,,Arthur De Greef,R,183,BEL,27.91,288,141,G0GD,,,Matteo Gigante,L,180,ITA,18.136,1116,6,6-7(6) 7-6(3) 7-5,3,R64,169,6,4,124,73,57,22,18,7,10,7,7,136,78,51,30,18,5,9,TennisMyLife,2020_challenger.csv,2020,2026-08-23T06:37:21.010456+00:00,851,c100ccccc339869a3e41a63dc7d28735,NEW_MATCH,0,,arthur de greef,matteo gigante,bergamo,r64,hard
2020-854,Bergamo,Hard,47,C,,20200223,5,D917,,,Sadio Doumbia,R,183,FRA,29.448,394,86,F840,,,Nerman Fatic,R,191,BIH,25.333,359,102,6-4 7-6(4),3,R64,90,3,0,68,52,38,11,11,3,5,6,2,74,58,38,7,11,5,8,TennisMyLife,2020_challenger.csv,2020,2026-08-23T06:37:21.010456+00:00,852,91d5da78f8fc3a9ad403fd00ed5b7fe5,NEW_MATCH,0,,sadio doumbia,nerman fatic,bergamo,r64,hard
2020-854,Bergamo,Hard,47,C,,20200223,6,DC76,,,Viktor Durasovic,R,185,NOR,22.932,342,111,N0BG,,,Luca Nardi,R,185,ITA,16.55,1437,2,7-5 6-3,3,R64,69,2,2,68,44,32,16,11,3,4,4,0,56,36,23,11,10,2,5,TennisMyLife,2020_challenger.csv,2020,2026-08-23T06:37:21.010456+00:00,853,49856e3dcf0897fcba44ca7821c88de0,NEW_MATCH,0,,viktor durasovic,luca nardi,bergamo,r64,hard
2020-854,Bergamo,Hard,47,C,,20200223,7,GB61,,,Viktor Galovic,R,193,CRO,29.429,262,178,J468,,,Alexandru Jecan,L,180,ROU,31.726,453,69,6-1 6-2,3,R64,44,6,1,37,23,22,10,8,0,0,0,1,41,25,14,7,7,3,7,TennisMyLife,2020_challenger.csv,2020,2026-08-23T06:37:21.010456+00:00,854,9546cf06a2932a8804917c26bd05e095,NEW_MATCH,0,,viktor galovic,alexandru jecan,bergamo,r64,hard
2020-854,Bergamo,Hard,47,C,,20200223,8,GF95,,,Hugo Grenier,R,196,FRA,23.921,246,189,PH42,,,Matija Pecotic,L,185,CRO,30.642,333,115,7-5 6-3,3,R64,92,5,2,63,42,36,12,11,2,2,2,1,72,42,27,17,10,6,8,TennisMyLife,2020_challenger.csv,2020,2026-08-23T06:37:21.010456+00:00,855,db86741b6759b5f286401dc761c38fa9,NEW_MATCH,0,,hugo grenier,matija pecotic,bergamo,r64,hard
2020-854,Bergamo,Hard,47,C,,20200223,9,ME89,,,Illya Marchenko,R,185,UKR,32.46,253,184,PH64,,,Andrea Pellegrino,R,185,ITA,22.921,336,115,6-4 3-6 6-1,3,R64,123,12,1,71,48,35,12,13,5,8,5,5,108,56,41,15,13,9,14,TennisMyLife,2020_challenger.csv,2020,2026-08-23T06:37:21.010456+00:00,856,5c30d4d00144de0d8cce560e7c53d122,NEW_MATCH,0,,illya marchenko,andrea pellegrino,bergamo,r64,hard
2020-854,Bergamo,Hard,47,C,,20200223,10,M0E1,,,Daniel Michalski,R,180,POL,20.118,435,73,M0IF,,,Francesco Maestrelli,R,196,ITA,17.175,,,6-2 4-6 6-2,3,R64,126,0,3,98,65,44,14,13,11,14,6,5,90,56,30,15,13,5,11,TennisMyLife,2020_challenger.csv,2020,2026-08-23T06:37:21.010456+00:00,857,d5315a26c3270b9e1dfbcca02655fe33,NEW_MATCH,0,,daniel michalski,francesco maestrelli,bergamo,r64,hard
2020-854,Bergamo,Hard,47,C,,20200223,11,N824,,,Pavel Nejedly,R,178,CZE,27.025,460,67,O507,,,Julian Ocleppo,R,191,ITA,22.563,310,130,6-2 6-4,3,R64,74,3,1,57,36,23,12,9,5,7,2,2,54,33,15,12,9,3,8,TennisMyLife,2020_challenger.csv,2020,2026-08-23T06:37:21.010456+00:00,858,0794d1a41c640b72acc6640af8e3882d,NEW_MATCH,0,,pavel nejedly,julian ocleppo,bergamo,r64,hard
2020-854,Bergamo,Hard,47,C,,20200223,12,SP80,,,Nino Serdarusic,R,191,CRO,23.195,296,139,GE28,,,Ivan Gakhov,L,191,RUS,23.302,459,67,6-3 7-5,3,R64,91,9,1,76,51,38,16,11,7,7,3,2,58,36,24,12,10,1,3,TennisMyLife,2020_challenger.csv,2020,2026-08-23T06:37:21.010456+00:00,859,fbcbe25ee2221d5c7eaeb6c247acbcaf,NEW_MATCH,0,,nino serdarusic,ivan gakhov,bergamo,r64,hard
2020-854,Bergamo,Hard,47,C,,20200223,13,T0AP,,,Chun-Hsin Tseng,R,175,TPE,18.543,301,134,B0JG,,,Leo Borg,R,183,SWE,16.778,,,6-3 6-1,3,R64,46,9,3,40,22,21,11,8,0,0,1,2,46,26,15,9,8,1,5,TennisMyLife,2020_challenger.csv,2020,2026-08-23T06:37:21.010456+00:00,860,026ac8de42fb3396d4c7c369c1add056,NEW_MATCH,0,,chun hsin tseng,leo borg,bergamo,r64,hard
2020-854,Bergamo,Hard,47,C,,20200223,14,V495,,,Luca Vanni,R,198,ITA,34.721,446,70,O423,,,Fabrizio Ornago,R,191,ITA,27.833,396,86,6-1 6-2,3,R64,61,4,1,41,26,23,10,8,0,0,1,3,49,26,15,9,7,1,5,TennisMyLife,2020_challenger.csv,2020,2026-08-23T06:37:21.010456+00:00,861,47294dd0155c084cf71d203897105cbb,NEW_MATCH,0,,luca vanni,fabrizio ornago,bergamo,r64,hard
2020-854,Bergamo,Hard,47,C,,20200223,15,VA08,,,Andrea Vavassori,R,193,ITA,24.805,281,144,MV14,,,Alex Molcan,L,178,SVK,22.229,302,134,7-6(1) 6-7(5) 7-5,3,R64,125,13,2,103,62,52,27,18,2,3,7,3,105,67,55,21,18,3,5,TennisMyLife,2020_challenger.csv,2020,2026-08-23T06:37:21.010456+00:00,862,b82be1e04852b900790f0c0558d490b6,NEW_MATCH,0,,andrea vavassori,alex molcan,bergamo,r64,hard
2020-854,Bergamo,Hard,47,C,,20200223,16,Z0A1,,,Giulio Zeppieri,L,183,ITA,18.212,368,97,C0E9,,,Flavio Cobolli,R,183,ITA,17.802,914,12,6-3 3-6 7-6(9),3,R64,128,11,3,122,87,55,22,15,12,14,4,2,90,53,39,25,15,1,3,TennisMyLife,2020_challenger.csv,2020,2026-08-23T06:37:21.010456+00:00,863,0ba19ee3ab38bc1cf22492a143a5d161,NEW_MATCH,0,,giulio zeppieri,flavio cobolli,bergamo,r64,hard
2020-854,Bergamo,Hard,47,C,,20200223,17,GA79,1,,Lorenzo Giustino,R,180,ITA,28.454,154,340,SP80,,,Nino Serdarusic,R,191,CRO,23.195,296,139,6-7(10) 6-3 7-6(7),3,R32,171,10,11,128,65,51,30,17,5,7,10,2,112,76,55,17,16,4,7,TennisMyLife,2020_challenger.csv,2020,2026-08-23T06:37:21.010456+00:00,864,d7abb10cff6482503c8c125e74638714,NEW_MATCH,0,,lorenzo giustino,nino serdarusic,bergamo,r32,hard
2020-854,Bergamo,Hard,47,C,,20200223,18,MJ01,2,,Roberto Marcora,R,193,ITA,30.483,150,354,Z0A1,,,Giulio Zeppieri,L,183,ITA,18.212,368,97,7-5 6-2,3,R32,87,7,0,57,41,31,12,10,4,4,5,2,78,44,28,15,10,8,11,TennisMyLife,2020_challenger.csv,2020,2026-08-23T06:37:21.010456+00:00,865,aeb89ed2cfe56286fadcc34121cd9271,NEW_MATCH,0,,roberto marcora,giulio zeppieri,bergamo,r32,hard
2020-854,Bergamo,Hard,47,C,,20200223,19,CM79,,,Baptiste Crepatte,R,185,FRA,25.424,365,99,SN54,3,,Frederico Ferreira Silva,L,178,POR,24.936,188,268,6-3 6-4,3,R32,75,6,1,68,42,33,12,10,5,6,5,2,51,30,21,10,9,2,5,TennisMyLife,2020_challenger.csv,2020,2026-08-23T06:37:21.010456+00:00,866,fed70726d42e7aff7cac163d215b0296,NEW_MATCH,0,,baptiste crepatte,frederico ferreira silva,bergamo,r32,hard
2020-854,Bergamo,Hard,47,C,,20200223,20,T0AP,,,Chun-Hsin Tseng,R,175,TPE,18.543,301,134,TA29,4,,Marco Trungelliti,R,178,ARG,30.062,192,257,7-6(4) 6-3,3,R32,103,1,1,67,36,27,18,10,4,6,1,1,87,52,31,18,11,3,7,TennisMyLife,2020_challenger.csv,2020,2026-08-23T06:37:21.010456+00:00,867,429cad46df3db369ca8fb551a68ba002,NEW_MATCH,0,,chun hsin tseng,marco trungelliti,bergamo,r32,hard
2020-854,Bergamo,Hard,47,C,,20200223,21,I306,5,,Cem Ilkel,R,185,TUR,24.509,199,245,DC76,,,Viktor Durasovic,R,185,NOR,22.932,342,111,6-3 6-4,3,R32,68,7,2,57,39,31,4,10,1,3,5,0,46,32,17,9,9,2,6,TennisMyLife,2020_challenger.csv,2020,2026-08-23T06:37:21.010456+00:00,868,bf827788450491fcc43c2da8ffd86624,NEW_MATCH,0,,cem ilkel,viktor durasovic,bergamo,r32,hard
2020-854,Bergamo,Hard,47,C,,20200223,22,A622,,,Andrea Arnaboldi,L,180,ITA,32.159,292,140,LB66,6,,Constant Lestienne,R,180,FRA,27.754,201,244,2-6 6-2 6-3,3,R32,116,3,2,83,59,38,8,13,4,9,3,3,76,45,27,11,12,9,15,TennisMyLife,2020_challenger.csv,2020,2026-08-23T06:37:21.010456+00:00,869,6ee569c372dd4f27c532f627702c0b57,NEW_MATCH,0,,andrea arnaboldi,constant lestienne,bergamo,r32,hard
2020-854,Bergamo,Hard,47,C,,20200223,23,CG94,7,,Enzo Couacaud,R,183,FRA,24.983,208,233,GB61,,,Viktor Galovic,R,193,CRO,29.429,262,178,6-2 6-4,3,R32,83,5,2,49,27,22,12,9,1,2,7,4,75,44,25,14,9,8,12,TennisMyLife,2020_challenger.csv,2020,2026-08-23T06:37:21.010456+00:00,870,4e5d84de44b6c29ae33824d1e77a0e85,NEW_MATCH,0,,enzo couacaud,viktor galovic,bergamo,r32,hard
2020-854,Bergamo,Hard,47,C,,20200223,24,ME89,,,Illya Marchenko,R,185,UKR,32.46,253,184,MI01,8,,Hiroki Moriya,R,168,JPN,29.355,212,225,6-1 6-4,3,R32,78,5,3,52,24,19,16,9,3,4,3,1,55,37,19,10,8,2,6,TennisMyLife,2020_challenger.csv,2020,2026-08-23T06:37:21.010456+00:00,871,1aa00ef68088926bfb12556f1b4f5bb4,NEW_MATCH,0,,illya marchenko,hiroki moriya,bergamo,r32,hard
2020-854,Bergamo,Hard,47,C,,20200223,25,BV24,,,Raul Brancaccio,R,183,ITA,22.806,377,95,V490,9,,Matteo Viola,R,185,ITA,32.632,217,218,6-4 6-4,3,R32,81,1,6,64,36,24,13,10,6,9,3,5,66,43,25,7,10,4,9,TennisMyLife,2020_challenger.csv,2020,2026-08-23T06:37:21.010456+00:00,872,85e546e73186a026f36860aa8d6da911,NEW_MATCH,0,,raul brancaccio,matteo viola,bergamo,r32,hard
2020-854,Bergamo,Hard,47,C,,20200223,26,V495,,,Luca Vanni,R,198,ITA,34.721,446,70,LC11,10,,Tristan Lamasine,R,183,FRA,26.971,220,215,6-3 6-4,3,R32,78,7,1,50,33,26,12,10,0,1,3,2,64,43,29,7,9,2,5,TennisMyLife,2020_challenger.csv,2020,2026-08-23T06:37:21.010456+00:00,873,9ab23a20184839d4f88ff6427dd49c89,NEW_MATCH,0,,luca vanni,tristan lamasine,bergamo,r32,hard
2020-854,Bergamo,Hard,47,C,,20200223,27,KH56,11,,Zdenek Kolar,R,183,CZE,23.373,219,216,VA08,,,Andrea Vavassori,R,193,ITA,24.805,281,144,7-6(2) 2-6 6-4,3,R32,124,4,2,95,65,47,16,15,5,8,17,3,96,57,42,20,15,0,2,TennisMyLife,2020_challenger.csv,2020,2026-08-23T06:37:21.010456+00:00,874,1a81aaf8b346253a022b03ace93ab625,NEW_MATCH,0,,zdenek kolar,andrea vavassori,bergamo,r32,hard
2020-854,Bergamo,Hard,47,C,,20200223,28,SX50,12,,Roman Safiullin,R,185,RUS,22.546,174,284,D917,,,Sadio Doumbia,R,183,FRA,29.448,394,86,5-4 RET,3,R32,47,0,0,44,30,19,9,5,3,3,0,2,33,24,16,6,4,6,6,TennisMyLife,2020_challenger.csv,2020,2026-08-23T06:37:21.010456+00:00,875,b52385a758fe6ecf70e15f977ca6b070,NEW_MATCH,0,,roman safiullin,sadio doumbia,bergamo,r32,hard
2020-854,Bergamo,Hard,47,C,,20200223,29,KD70,13,,Pedja Krstin,R,183,SRB,25.473,235,201,D981,,,Arthur De Greef,R,183,BEL,27.91,288,141,6-2 6-4,3,R32,76,7,4,54,30,26,14,9,4,4,5,3,61,35,22,14,9,2,5,TennisMyLife,2020_challenger.csv,2020,2026-08-23T06:37:21.010456+00:00,876,ac84a04ca9f3e9772a6afb464502f0b1,NEW_MATCH,0,,pedja krstin,arthur de greef,bergamo,r32,hard
2020-854,Bergamo,Hard,47,C,,20200223,30,M0E1,,,Daniel Michalski,R,180,POL,20.118,435,73,BK19,14,,Mathias Bourgue,R,188,FRA,26.097,241,194,6-4 2-0 RET,3,R32,57,1,1,47,35,21,8,6,4,5,1,2,32,14,10,6,6,0,3,TennisMyLife,2020_challenger.csv,2020,2026-08-23T06:37:21.010456+00:00,877,5eeeaffed64d7dab9c6307ef2b9ac4c6,NEW_MATCH,0,,daniel michalski,mathias bourgue,bergamo,r32,hard
2020-854,Bergamo,Hard,47,C,,20200223,31,G09O,15,,Hugo Gaston,L,173,FRA,19.409,248,187,GF95,,,Hugo Grenier,R,196,FRA,23.921,246,189,6-3 6-0,3,R32,60,4,0,39,26,20,10,8,0,1,2,3,58,39,19,6,7,3,8,TennisMyLife,2020_challenger.csv,2020,2026-08-23T06:37:21.010456+00:00,878,61c1a94f8af1aecae10e0e8361c7d763,NEW_MATCH,0,,hugo gaston,hugo grenier,bergamo,r32,hard
2020-854,Bergamo,Hard,47,C,,20200223,32,BM03,16,,Filippo Baldi,R,180,ITA,24.12,243,192,N824,,,Pavel Nejedly,R,178,CZE,27.025,460,67,6-3 6-3,3,R32,76,0,1,47,27,22,10,9,0,1,1,2,65,42,28,9,9,6,10,TennisMyLife,2020_challenger.csv,2020,2026-08-23T06:37:21.010456+00:00,879,192be244a70bc7687508c52de043bf67,NEW_MATCH,0,,filippo baldi,pavel nejedly,bergamo,r32,hard
2020-854,Bergamo,Hard,47,C,,20200223,33,G09O,15,,Hugo Gaston,L,173,FRA,19.409,248,187,GA79,1,,Lorenzo Giustino,R,180,ITA,28.454,154,340,6-3 3-6 6-4,3,R16,125,5,5,86,48,31,19,14,7,12,7,2,95,46,26,22,14,9,15,TennisMyLife,2020_challenger.csv,2020,2026-08-23T06:37:21.010456+00:00,880,a3a6b383ad53c1c628232e9841db4123,NEW_MATCH,0,,hugo gaston,lorenzo giustino,bergamo,r16,hard
2020-854,Bergamo,Hard,47,C,,20200223,34,MJ01,2,,Roberto Marcora,R,193,ITA,30.483,150,354,KD70,13,,Pedja Krstin,R,183,SRB,25.473,235,201,6-2 6-3,3,R16,56,16,3,49,34,30,7,9,2,3,1,5,56,35,18,10,8,3,7,TennisMyLife,2020_challenger.csv,2020,2026-08-23T06:37:21.010456+00:00,881,422fed18a087e03e375eb607d557cc48,NEW_MATCH,0,,roberto marcora,pedja krstin,bergamo,r16,hard
2020-854,Bergamo,Hard,47,C,,20200223,35,I306,5,,Cem Ilkel,R,185,TUR,24.509,199,245,BV24,,,Raul Brancaccio,R,183,ITA,22.806,377,95,6-1 7-6(2),3,R16,82,7,1,56,37,31,12,10,0,0,2,3,72,43,25,15,9,5,7,TennisMyLife,2020_challenger.csv,2020,2026-08-23T06:37:21.010456+00:00,882,f945a817aaec29dc9e5c87154cadb223,NEW_MATCH,0,,cem ilkel,raul brancaccio,bergamo,r16,hard
2020-854,Bergamo,Hard,47,C,,20200223,36,CG94,7,,Enzo Couacaud,R,183,FRA,24.983,208,233,V495,,,Luca Vanni,R,198,ITA,34.721,446,70,6-3 6-2,3,R16,62,4,0,46,25,25,11,9,0,0,8,2,52,28,22,7,8,1,4,TennisMyLife,2020_challenger.csv,2020,2026-08-23T06:37:21.010456+00:00,883,54a2bf43b9282b64e213879eee2595c6,NEW_MATCH,0,,enzo couacaud,luca vanni,bergamo,r16,hard
2020-854,Bergamo,Hard,47,C,,20200223,37,A622,,,Andrea Arnaboldi,L,180,ITA,32.159,292,140,KH56,11,,Zdenek Kolar,R,183,CZE,23.373,219,216,6-3 6-4,3,R16,73,4,0,59,43,30,13,10,1,1,5,0,49,30,20,12,9,1,3,TennisMyLife,2020_challenger.csv,2020,2026-08-23T06:37:21.010456+00:00,884,69cd7e7edef269d1e970151e3a394b34,NEW_MATCH,0,,andrea arnaboldi,zdenek kolar,bergamo,r16,hard
2020-854,Bergamo,Hard,47,C,,20200223,38,ME89,,,Illya Marchenko,R,185,UKR,32.46,253,184,SX50,12,,Roman Safiullin,R,185,RUS,22.546,174,284,7-5 RET,3,R16,54,3,0,29,16,12,7,6,0,2,2,1,39,24,15,6,6,4,7,TennisMyLife,2020_challenger.csv,2020,2026-08-23T06:37:21.010456+00:00,885,57dd40a1151d7ddc157815fc5a721c04,NEW_MATCH,0,,illya marchenko,roman safiullin,bergamo,r16,hard
2020-854,Bergamo,Hard,47,C,,20200223,39,T0AP,,,Chun-Hsin Tseng,R,175,TPE,18.543,301,134,BM03,16,,Filippo Baldi,R,180,ITA,24.12,243,192,6-4 6-2,3,R16,76,1,3,59,35,28,10,9,1,2,2,2,56,38,23,7,9,3,7,TennisMyLife,2020_challenger.csv,2020,2026-08-23T06:37:21.010456+00:00,886,3b5e03859c1f09edf4f1a6fd72b9559c,NEW_MATCH,0,,chun hsin tseng,filippo baldi,bergamo,r16,hard
2020-854,Bergamo,Hard,47,C,,20200223,40,CM79,,,Baptiste Crepatte,R,185,FRA,25.424,365,99,M0E1,,,Daniel Michalski,R,180,POL,20.118,435,73,2-6 6-4 6-3,3,R16,101,8,0,76,49,36,11,14,1,5,3,2,80,49,31,16,13,5,9,TennisMyLife,2020_challenger.csv,2020,2026-08-23T06:37:21.010456+00:00,887,edb4ebde4a0096a77268ec78edd44af3,NEW_MATCH,0,,baptiste crepatte,daniel michalski,bergamo,r16,hard
2020-854,Bergamo,Hard,47,C,,20200223,41,CG94,7,,Enzo Couacaud,R,183,FRA,24.983,208,233,MJ01,2,,Roberto Marcora,R,193,ITA,30.483,150,354,7-6(4) 6-3,3,QF,113,8,5,88,48,33,23,10,9,9,4,3,88,51,36,16,11,7,9,TennisMyLife,2020_challenger.csv,2020,2026-08-23T06:37:21.010456+00:00,888,1e40089dfd1334604f2b6ecbb9a2320f,NEW_MATCH,0,,enzo couacaud,roberto marcora,bergamo,qf,hard
2020-854,Bergamo,Hard,47,C,,20200223,42,G09O,15,,Hugo Gaston,L,173,FRA,19.409,248,187,I306,5,,Cem Ilkel,R,185,TUR,24.509,199,245,6-4 6-4,3,QF,100,0,2,80,40,29,19,10,10,12,9,2,62,30,19,15,10,1,5,TennisMyLife,2020_challenger.csv,2020,2026-08-23T06:37:21.010456+00:00,889,e27695e7b3c8b5d465caef924ff1f6dc,NEW_MATCH,0,,hugo gaston,cem ilkel,bergamo,qf,hard
2020-854,Bergamo,Hard,47,C,,20200223,43,ME89,,,Illya Marchenko,R,185,UKR,32.46,253,184,CM79,,,Baptiste Crepatte,R,185,FRA,25.424,365,99,6-7(5) 7-6(3) 6-0,3,QF,156,13,1,94,57,44,17,15,0,2,5,2,116,80,43,19,15,10,15,TennisMyLife,2020_challenger.csv,2020,2026-08-23T06:37:21.010456+00:00,890,ab7c4242df1d8a0f32f15cdf2868f656,NEW_MATCH,0,,illya marchenko,baptiste crepatte,bergamo,qf,hard
2020-854,Bergamo,Hard,47,C,,20200223,44,T0AP,,,Chun-Hsin Tseng,R,175,TPE,18.543,301,134,A622,,,Andrea Arnaboldi,L,180,ITA,32.159,292,140,6-4 6-4,3,QF,100,2,2,69,31,23,23,10,2,2,3,1,65,43,28,12,10,3,5,TennisMyLife,2020_challenger.csv,2020,2026-08-23T06:37:21.010456+00:00,891,43cea0ef33ee327f42dd9e148660b760,NEW_MATCH,0,,chun hsin tseng,andrea arnaboldi,bergamo,qf,hard
2020-854,Bergamo,Hard,47,C,,20200223,45,CG94,7,,Enzo Couacaud,R,183,FRA,24.983,208,233,T0AP,,,Chun-Hsin Tseng,R,175,TPE,18.543,301,134,4-6 6-3 7-6(5),3,SF,147,9,2,116,63,49,27,16,9,10,7,2,112,71,50,23,15,8,9,TennisMyLife,2020_challenger.csv,2020,2026-08-23T06:37:21.010456+00:00,892,b24c30a2ca1756a0c400cf5601515b4e,NEW_MATCH,0,,enzo couacaud,chun hsin tseng,bergamo,sf,hard
2020-854,Bergamo,Hard,47,C,,20200223,46,ME89,,,Illya Marchenko,R,185,UKR,32.46,253,184,G09O,15,,Hugo Gaston,L,173,FRA,19.409,248,187,4-6 6-4 6-4,3,SF,144,5,5,94,52,29,24,15,7,13,3,3,94,49,32,18,15,3,10,TennisMyLife,2020_challenger.csv,2020,2026-08-23T06:37:21.010456+00:00,893,ecd8b580dce7492f6a137e88d917babb,NEW_MATCH,0,,illya marchenko,hugo gaston,bergamo,sf,hard
2020-9128,Calgary,Hard,48,C,,20200224,1,AC84,,,Collin Altamirano,R,188,USA,24.216,389,91,O423,,,Fabrizio Ornago,R,191,ITA,27.836,401,86,6-3 7-6(8),3,R64,98,3,1,62,38,32,18,11,0,0,4,2,78,44,32,18,10,7,8,TennisMyLife,2020_challenger.csv,2020,2026-08-23T06:37:21.010456+00:00,894,bc6fe3dc5d3a0cb73b337275fab81061,NEW_MATCH,0,,collin altamirano,fabrizio ornago,calgary,r64,hard
2020-9128,Calgary,Hard,48,C,,20200224,2,BP44,,,Gage Brymer,R,185,USA,25.046,491,61,D0F6,,,Gabriel Diallo,R,203,CAN,18.418,1749,1,6-2 7-6(2),3,R64,83,0,1,61,44,32,9,10,1,3,8,6,62,33,25,9,10,3,7,TennisMyLife,2020_challenger.csv,2020,2026-08-23T06:37:21.010456+00:00,895,74f14b150d7eb286cdb4d2bd4b0df39f,NEW_MATCH,0,,gage brymer,gabriel diallo,calgary,r64,hard
2020-9128,Calgary,Hard,48,C,,20200224,3,CF10,,,Nick Chappell,L,178,USA,27.431,462,67,PM28,,,Joshua Peck,R,198,CAN,21.207,1134,6,6-1 6-4,3,R64,70,2,2,62,31,26,16,9,5,5,2,10,55,32,26,5,8,9,12,TennisMyLife,2020_challenger.csv,2020,2026-08-23T06:37:21.010456+00:00,896,c86acac617763d2e48cf722d9af775c1,NEW_MATCH,0,,nick chappell,joshua peck,calgary,r64,hard
2020-9128,Calgary,Hard,48,C,,20200224,4,CN15,,,Felix Corwin,R,188,USA,23.748,580,41,N674,,,Dennis Novikov,R,193,USA,26.3,725,24,6-4 6-4,3,R64,80,10,8,77,36,32,19,10,10,10,6,7,62,37,29,11,10,0,2,TennisMyLife,2020_challenger.csv,2020,2026-08-23T06:37:21.010456+00:00,897,141387efd655f6161b5d9741c157721b,NEW_MATCH,0,,felix corwin,dennis novikov,calgary,r64,hard
2020-9128,Calgary,Hard,48,C,,20200224,5,DB93,,,Matias Franco Descotte,R,191,ARG,25.489,685,27,H0D9,,,Cleeve Harper,R,183,CAN,19.168,1440,2,6-7(5) 7-6(3) 6-4,3,R64,160,9,7,113,61,43,26,17,2,6,1,7,104,56,38,23,17,1,6,TennisMyLife,2020_challenger.csv,2020,2026-08-23T06:37:21.010456+00:00,898,a62b427080dc97f387695f0f81160c00,NEW_MATCH,0,,matias franco descotte,cleeve harper,calgary,r64,hard
2020-9128,Calgary,Hard,48,C,,20200224,6,DF88,,,Aziz Dougaz,L,188,TUN,22.916,369,100,CO06,,,Liam Caruana,R,178,ITA,22.089,426,79,6-2 6-4,3,R64,65,3,5,51,28,24,10,9,2,3,2,2,59,33,22,10,9,1,5,TennisMyLife,2020_challenger.csv,2020,2026-08-23T06:37:21.010456+00:00,899,2895eae18e6d95033573293c2889d334,NEW_MATCH,0,,aziz dougaz,liam caruana,calgary,r64,hard
2020-9128,Calgary,Hard,48,C,,20200224,7,I330,,,Shintaro Imai,R,178,JPN,26.464,305,132,H808,,,Harri Heliovaara,R,188,FIN,30.724,605,37,6-0 6-2,3,R64,47,8,1,35,17,13,12,7,0,1,1,1,43,21,8,8,7,3,9,TennisMyLife,2020_challenger.csv,2020,2026-08-23T06:37:21.010456+00:00,900,9ebacf4f181e99d672ce4bbd63675275,NEW_MATCH,0,,shintaro imai,harri heliovaara,calgary,r64,hard
2020-9128,Calgary,Hard,48,C,,20200224,8,KB37,,,Evan King,L,185,USA,27.918,427,79,PH78,,,Ryan Peniston,L,180,GBR,24.29,388,91,6-3 6-4,3,R64,81,1,2,61,38,28,15,10,3,3,3,4,62,31,26,11,9,3,5,TennisMyLife,2020_challenger.csv,2020,2026-08-23T06:37:21.010456+00:00,901,9206baf34f0b314f7e322a97a4773065,NEW_MATCH,0,,evan king,ryan peniston,calgary,r64,hard
2020-9128,Calgary,Hard,48,C,,20200224,9,LC54,,,Benjamin Lock,R,198,ZIM,26.976,436,75,SY67,,,Sho Shimabukuro,R,180,JPN,22.571,437,74,6-4 6-7(5) 6-2,3,R64,123,14,4,98,74,58,10,15,5,6,10,5,98,66,46,13,15,9,13,TennisMyLife,2020_challenger.csv,2020,2026-08-23T06:37:21.010456+00:00,902,8af11e3786ee1f038d5f9729b8b2ea1c,NEW_MATCH,0,,benjamin lock,sho shimabukuro,calgary,r64,hard
2020-9128,Calgary,Hard,48,C,,20200224,10,MM79,,,Blake Mott,R,180,AUS,23.844,449,69,GK06,,,Alexis Galarneau,R,180,CAN,20.983,547,47,3-6 6-4 6-1,3,R64,95,5,4,70,39,33,18,13,1,3,6,8,70,34,27,17,13,5,9,TennisMyLife,2020_challenger.csv,2020,2026-08-23T06:37:21.010456+00:00,903,7ff9da8a397f45c1242aca60f168465c,NEW_MATCH,0,,blake mott,alexis galarneau,calgary,r64,hard
2020-9128,Calgary,Hard,48,C,,20200224,11,N754,,,Patrik Niklas-Salminen,L,188,FIN,22.973,430,77,GE73,,,Jacob Grills,R,,AUS,24.687,440,73,6-2 6-4,3,R64,66,5,5,55,26,20,18,9,2,2,4,2,50,30,19,9,9,0,3,TennisMyLife,2020_challenger.csv,2020,2026-08-23T06:37:21.010456+00:00,904,71e7bba223416a5fadd4f150728d6303,NEW_MATCH,0,,patrik niklas salminen,jacob grills,calgary,r64,hard
2020-9128,Calgary,Hard,48,C,,20200224,12,PF65,,,Filip Peliwo,R,180,POL,26.067,328,118,Y235,,,Jumpei Yamasaki,R,180,JPN,22.648,468,65,6-1 7-5,3,R64,74,5,5,60,35,25,14,9,6,7,3,5,56,26,18,10,10,2,7,TennisMyLife,2020_challenger.csv,2020,2026-08-23T06:37:21.010456+00:00,905,d360a459f533e2b1b1d9ab2de65a9f3e,NEW_MATCH,0,,filip peliwo,jumpei yamasaki,calgary,r64,hard
2020-9128,Calgary,Hard,48,C,,20200224,13,RG42,,,Alex Rybakov,L,185,USA,23.075,521,53,BJ05,,,Harry Bourchier,R,185,AUS,24.085,303,133,6-3 7-6(7),3,R64,83,2,2,67,44,34,16,11,0,0,7,3,67,41,32,10,10,0,1,TennisMyLife,2020_challenger.csv,2020,2026-08-23T06:37:21.010456+00:00,906,3a29cb900cf6267556999bce3e3e7b06,NEW_MATCH,0,,alex rybakov,harry bourchier,calgary,r64,hard
2020-9128,Calgary,Hard,48,C,,20200224,14,SK51,,,Tobias Simon,R,198,GER,28.772,441,73,B0D6,,,Taha Baadi,R,183,MAR,18.601,870,14,7-6(2) 6-2,3,R64,75,20,5,52,28,28,17,10,0,0,2,2,69,41,28,15,10,4,6,TennisMyLife,2020_challenger.csv,2020,2026-08-23T06:37:21.010456+00:00,907,3f6e17614806091b09f9fa88f921a934,NEW_MATCH,0,,tobias simon,taha baadi,calgary,r64,hard
2020-9128,Calgary,Hard,48,C,,20200224,15,TF58,,,Yusuke Takahashi,R,170,JPN,22.355,457,68,RB04,,,Quentin Robert,R,188,FRA,25.503,443,72,6-4 6-4,3,R64,74,0,0,57,34,25,13,10,1,3,1,6,64,43,25,10,10,3,7,TennisMyLife,2020_challenger.csv,2020,2026-08-23T06:37:21.010456+00:00,908,e92e12af0cb5e3218b15c27e5f4a51c3,NEW_MATCH,0,,yusuke takahashi,quentin robert,calgary,r64,hard
2020-9128,Calgary,Hard,48,C,,20200224,16,Z09D,,,Kacper Zuk,R,183,POL,21.092,361,103,SL09,,,Raymond Sarmiento,R,178,USA,27.587,393,88,6-3 6-4,3,R64,52,10,0,39,21,18,18,9,0,0,3,3,60,41,27,8,10,2,5,TennisMyLife,2020_challenger.csv,2020,2026-08-23T06:37:21.010456+00:00,909,4f98afb0a3410ad2926f0c977e360a77,NEW_MATCH,0,,kacper zuk,raymond sarmiento,calgary,r64,hard
2020-9128,Calgary,Hard,48,C,,20200224,17,Z09D,,,Kacper Zuk,R,183,POL,21.092,361,103,PD07,1,,Vasek Pospisil,R,193,CAN,29.673,92,642,6-4 4-6 6-4,3,R32,104,9,4,87,40,35,25,15,5,7,17,7,79,41,34,19,15,3,6,TennisMyLife,2020_challenger.csv,2020,2026-08-23T06:37:21.010456+00:00,910,a203e13df6a412dac68d00e6cd10ffc1,NEW_MATCH,0,,kacper zuk,vasek pospisil,calgary,r32,hard
2020-9128,Calgary,Hard,48,C,,20200224,18,RG42,,,Alex Rybakov,L,185,USA,23.075,521,53,SC47,2,,Go Soeda,R,178,JPN,35.469,118,487,7-6(4) 6-7(5) 7-6(2),3,R32,166,13,3,114,75,64,21,18,1,1,8,4,125,79,59,27,18,8,8,TennisMyLife,2020_challenger.csv,2020,2026-08-23T06:37:21.010456+00:00,911,0c49fdbb4aabb63b30ce64fa900ed72f,NEW_MATCH,0,,alex rybakov,go soeda,calgary,r32,hard
2020-9128,Calgary,Hard,48,C,,20200224,19,K336,3,,Ivo Karlovic,R,211,CRO,40.988,124,436,KB37,,,Evan King,L,185,USA,27.918,427,79,7-6(2) 6-4,3,R32,76,23,4,65,46,41,9,11,0,0,3,4,66,48,38,7,11,0,1,TennisMyLife,2020_challenger.csv,2020,2026-08-23T06:37:21.010456+00:00,912,d74a807fa5f8d8eff946cdc716d981a4,NEW_MATCH,0,,ivo karlovic,evan king,calgary,r32,hard
2020-9128,Calgary,Hard,48,C,,20200224,20,TF58,,,Yusuke Takahashi,R,170,JPN,22.355,457,68,I230,4,,Tatsuma Ito,R,180,JPN,31.77,151,349,6-3 6-3,3,R32,83,1,2,61,34,25,18,9,5,5,3,7,65,36,26,11,9,3,6,TennisMyLife,2020_challenger.csv,2020,2026-08-23T06:37:21.010456+00:00,913,17d9ebaa06572527009fc15ecdd48472,NEW_MATCH,0,,yusuke takahashi,tatsuma ito,calgary,r32,hard
2020-9128,Calgary,Hard,48,C,,20200224,21,SP24,5,,Brayden Schnur,R,193,CAN,24.643,178,278,MM79,,,Blake Mott,R,180,AUS,23.844,449,69,6-4 6-4,3,R32,65,7,3,51,36,31,9,10,0,0,3,5,60,37,25,12,10,2,4,TennisMyLife,2020_challenger.csv,2020,2026-08-23T06:37:21.010456+00:00,914,997653791f6f5f4781055c4701024300,NEW_MATCH,0,,brayden schnur,blake mott,calgary,r32,hard
2020-9128,Calgary,Hard,48,C,,20200224,22,DF88,,,Aziz Dougaz,L,188,TUN,22.916,369,100,KD35,6,,Thai-Son Kwiatkowski,R,188,USA,25.029,184,276,4-6 6-3 7-6(6),3,R32,131,2,8,114,54,39,27,16,7,12,7,5,94,57,42,14,15,3,8,TennisMyLife,2020_challenger.csv,2020,2026-08-23T06:37:21.010456+00:00,915,a51f2170f929bcc4c02cd9818fbe04f3,NEW_MATCH,0,,aziz dougaz,thai son kwiatkowski,calgary,r32,hard
2020-9128,Calgary,Hard,48,C,,20200224,23,BI23,7,,Liam Broady,L,183,GBR,26.138,230,210,BP44,,,Gage Brymer,R,185,USA,25.046,491,61,6-1 7-5,3,R32,62,7,1,51,33,26,13,10,1,2,1,4,48,28,18,8,9,0,4,TennisMyLife,2020_challenger.csv,2020,2026-08-23T06:37:21.010456+00:00,916,532a4b2d659c0881a883283359d13796,NEW_MATCH,0,,liam broady,gage brymer,calgary,r32,hard
2020-9128,Calgary,Hard,48,C,,20200224,24,RC91,8,,Arthur Rinderknech,R,196,FRA,24.591,206,243,AC84,,,Collin Altamirano,R,188,USA,24.216,389,91,3-6 6-3 6-3,3,R32,106,14,1,70,50,39,8,13,1,4,2,3,87,50,34,16,14,4,9,TennisMyLife,2020_challenger.csv,2020,2026-08-23T06:37:21.010456+00:00,917,d9c0d364e0cde57c02b179b2079ebe57,NEW_MATCH,0,,arthur rinderknech,collin altamirano,calgary,r32,hard
2020-9128,Calgary,Hard,48,C,,20200224,25,LB51,9,,Julian Lenz,R,188,GER,27.017,249,190,I330,,,Shintaro Imai,R,178,JPN,26.464,305,132,6-3 3-6 7-6(3),3,R32,115,12,4,99,58,48,23,15,3,4,16,3,97,53,39,26,15,2,3,TennisMyLife,2020_challenger.csv,2020,2026-08-23T06:37:21.010456+00:00,918,4328c7e3c972feaf083874b34bbb13ee,NEW_MATCH,0,,julian lenz,shintaro imai,calgary,r32,hard
2020-9128,Calgary,Hard,48,C,,20200224,26,C0BC,10,,Maxime Cressy,R,201,USA,22.798,191,265,N754,,,Patrik Niklas-Salminen,L,188,FIN,22.973,430,77,6-3 6-2,3,R32,64,13,10,57,28,25,16,9,4,4,6,4,45,31,19,6,8,4,7,TennisMyLife,2020_challenger.csv,2020,2026-08-23T06:37:21.010456+00:00,919,2eb6ede3e1a3de6b7eff664568811588,NEW_MATCH,0,,maxime cressy,patrik niklas salminen,calgary,r32,hard
2020-9128,Calgary,Hard,48,C,,20200224,27,K839,11,,Tobias Kamke,R,178,GER,33.763,242,198,PF65,,,Filip Peliwo,R,180,POL,26.067,328,118,6-4 6-0,3,R32,55,2,1,47,25,20,13,8,3,4,2,5,41,22,14,4,8,1,6,TennisMyLife,2020_challenger.csv,2020,2026-08-23T06:37:21.010456+00:00,920,e85ec02e663261288cade47726a50e54,NEW_MATCH,0,,tobias kamke,filip peliwo,calgary,r32,hard
2020-9128,Calgary,Hard,48,C,,20200224,28,CF10,,,Nick Chappell,L,178,USA,27.431,462,67,SQ80,12,,Akira Santillan,R,180,AUS,22.76,259,182,6-4 6-7(5) 6-1,3,R32,125,3,3,96,52,36,21,15,1,5,4,6,111,63,42,15,14,9,16,TennisMyLife,2020_challenger.csv,2020,2026-08-23T06:37:21.010456+00:00,921,24ad973b173b0c9aa430eaa0f87323ca,NEW_MATCH,0,,nick chappell,akira santillan,calgary,r32,hard
2020-9128,Calgary,Hard,48,C,,20200224,29,AB71,13,,JC Aragone,R,178,USA,24.66,274,161,CN15,,,Felix Corwin,R,188,USA,23.748,580,41,6-2 6-1,3,R32,55,6,0,47,33,26,9,8,3,3,2,5,45,21,14,7,7,1,5,TennisMyLife,2020_challenger.csv,2020,2026-08-23T06:37:21.010456+00:00,922,cfccabc250cf468cdb745d1ef33e74b8,NEW_MATCH,0,,jc aragone,felix corwin,calgary,r32,hard
2020-9128,Calgary,Hard,48,C,,20200224,30,BU54,14,,Geoffrey Blancaneaux,R,180,FRA,21.547,271,163,LC54,,,Benjamin Lock,R,198,ZIM,26.976,436,75,6-2 6-0,3,R32,53,8,0,44,27,21,10,7,1,1,2,2,39,25,13,4,7,3,8,TennisMyLife,2020_challenger.csv,2020,2026-08-23T06:37:21.010456+00:00,923,c4afdff96a13da1b8cdd08a8028a9475,NEW_MATCH,0,,geoffrey blancaneaux,benjamin lock,calgary,r32,hard
2020-9128,Calgary,Hard,48,C,,20200224,31,O482,15,,Gonzalo Oliveira,L,185,VEN,25.018,287,144,DB93,,,Matias Franco Descotte,R,191,ARG,25.489,685,27,6-4 6-4,3,R32,77,5,5,49,30,26,12,10,0,1,4,3,63,36,25,13,10,6,9,TennisMyLife,2020_challenger.csv,2020,2026-08-23T06:37:21.010456+00:00,924,b1d3692e9405234851d00e584eb6cc3f,NEW_MATCH,0,,gonzalo oliveira,matias franco descotte,calgary,r32,hard
2020-9128,Calgary,Hard,48,C,,20200224,32,SK51,,,Tobias Simon,R,198,GER,28.772,441,73,GH33,16,,Manuel Guinard,R,198,FRA,24.277,299,137,6-7(3) 7-6(4) 7-6(4),3,R32,156,39,11,129,79,63,27,18,0,1,14,7,131,69,58,32,18,7,8,TennisMyLife,2020_challenger.csv,2020,2026-08-23T06:37:21.010456+00:00,925,a7f501fface9581c1bce38bae834c87d,NEW_MATCH,0,,tobias simon,manuel guinard,calgary,r32,hard
2020-9128,Calgary,Hard,48,C,,20200224,33,BU54,14,,Geoffrey Blancaneaux,R,180,FRA,21.547,271,163,K336,3,,Ivo Karlovic,R,211,CRO,40.988,124,436,7-6(7) 6-4,3,R16,89,2,2,71,54,41,11,11,0,0,19,4,71,44,35,14,11,1,2,TennisMyLife,2020_challenger.csv,2020,2026-08-23T06:37:21.010456+00:00,926,b4d95a10233f3847dbbe8806eafbb687,NEW_MATCH,0,,geoffrey blancaneaux,ivo karlovic,calgary,r16,hard
2020-9128,Calgary,Hard,48,C,,20200224,34,K839,11,,Tobias Kamke,R,178,GER,33.763,242,198,SP24,5,,Brayden Schnur,R,193,CAN,24.643,178,278,7-6(5) 6-3,3,R16,99,4,5,73,37,31,20,11,1,2,12,2,75,47,35,9,10,6,8,TennisMyLife,2020_challenger.csv,2020,2026-08-23T06:37:21.010456+00:00,927,816e05f7f5e7a96a7d4f093f8b566711,NEW_MATCH,0,,tobias kamke,brayden schnur,calgary,r16,hard
2020-9128,Calgary,Hard,48,C,,20200224,35,BI23,7,,Liam Broady,L,183,GBR,26.138,230,210,CF10,,,Nick Chappell,L,178,USA,27.431,462,67,4-6 6-4 6-2,3,R16,119,7,0,76,51,37,15,14,6,9,4,5,90,49,30,18,14,4,9,TennisMyLife,2020_challenger.csv,2020,2026-08-23T06:37:21.010456+00:00,928,19409b07e12b615d0697d1f900e861fd,NEW_MATCH,0,,liam broady,nick chappell,calgary,r16,hard
2020-9128,Calgary,Hard,48,C,,20200224,36,RC91,8,,Arthur Rinderknech,R,196,FRA,24.591,206,243,LB51,9,,Julian Lenz,R,188,GER,27.017,249,190,6-7(7) 6-3 7-6(3),3,R16,132,15,1,96,60,53,22,17,0,1,10,6,119,75,55,22,16,9,11,TennisMyLife,2020_challenger.csv,2020,2026-08-23T06:37:21.010456+00:00,929,005d0c5c885754b3c655b3b705b902ab,NEW_MATCH,0,,arthur rinderknech,julian lenz,calgary,r16,hard
2020-9128,Calgary,Hard,48,C,,20200224,37,C0BC,10,,Maxime Cressy,R,201,USA,22.798,191,265,DF88,,,Aziz Dougaz,L,188,TUN,22.916,369,100,6-0 4-1 RET,3,R16,45,6,3,31,17,14,9,5,3,3,1,5,46,26,15,3,6,9,14,TennisMyLife,2020_challenger.csv,2020,2026-08-23T06:37:21.010456+00:00,930,8df8cf126dbfb99efcce0e94fa57260d,NEW_MATCH,0,,maxime cressy,aziz dougaz,calgary,r16,hard
2020-9128,Calgary,Hard,48,C,,20200224,38,Z09D,,,Kacper Zuk,R,183,POL,21.092,361,103,AB71,13,,JC Aragone,R,178,USA,24.66,274,161,7-6(6) 6-4,3,R16,92,4,5,71,36,28,21,11,2,4,12,3,82,48,34,15,11,5,8,TennisMyLife,2020_challenger.csv,2020,2026-08-23T06:37:21.010456+00:00,931,7f04a4139bb3dbb7862c073d3fa72503,NEW_MATCH,0,,kacper zuk,jc aragone,calgary,r16,hard
2020-9128,Calgary,Hard,48,C,,20200224,39,O482,15,,Gonzalo Oliveira,L,185,VEN,25.018,287,144,RG42,,,Alex Rybakov,L,185,USA,23.075,521,53,6-7(6) 6-3 6-4,3,R16,133,11,9,103,56,43,29,16,1,1,17,2,91,63,46,18,15,1,3,TennisMyLife,2020_challenger.csv,2020,2026-08-23T06:37:21.010456+00:00,932,beb8d028e5b5c818e7bf35d9a3cba622,NEW_MATCH,0,,gonzalo oliveira,alex rybakov,calgary,r16,hard
2020-9128,Calgary,Hard,48,C,,20200224,40,TF58,,,Yusuke Takahashi,R,170,JPN,22.355,457,68,SK51,,,Tobias Simon,R,198,GER,28.772,441,73,6-4 7-6(4),3,R16,73,2,0,62,39,34,16,11,1,1,21,3,63,45,36,10,11,1,2,TennisMyLife,2020_challenger.csv,2020,2026-08-23T06:37:21.010456+00:00,933,89e497fac93785b434feb155300b839c,NEW_MATCH,0,,yusuke takahashi,tobias simon,calgary,r16,hard
2020-9128,Calgary,Hard,48,C,,20200224,41,BI23,7,,Liam Broady,L,183,GBR,26.138,230,210,O482,15,,Gonzalo Oliveira,L,185,VEN,25.018,287,144,7-6(4) 2-6 6-4,3,QF,154,9,1,94,55,33,23,15,8,13,4,14,121,67,42,27,15,11,15,TennisMyLife,2020_challenger.csv,2020,2026-08-23T06:37:21.010456+00:00,934,a2ae871294abd914e6692b7ffcf67f0f,NEW_MATCH,0,,liam broady,gonzalo oliveira,calgary,qf,hard
2020-9128,Calgary,Hard,48,C,,20200224,42,RC91,8,,Arthur Rinderknech,R,196,FRA,24.591,206,243,BU54,14,,Geoffrey Blancaneaux,R,180,FRA,21.547,271,163,6-4 6-2,3,QF,81,3,1,51,31,26,13,9,2,2,5,8,60,30,18,15,9,2,5,TennisMyLife,2020_challenger.csv,2020,2026-08-23T06:37:21.010456+00:00,935,725661b59284ef324f5f87874b2e3864,NEW_MATCH,0,,arthur rinderknech,geoffrey blancaneaux,calgary,qf,hard
2020-9128,Calgary,Hard,48,C,,20200224,43,C0BC,10,,Maxime Cressy,R,201,USA,22.798,191,265,TF58,,,Yusuke Takahashi,R,170,JPN,22.355,457,68,4-6 7-6(11) 6-4,3,QF,142,18,20,106,55,50,22,16,4,6,4,7,109,71,48,23,16,7,9,TennisMyLife,2020_challenger.csv,2020,2026-08-23T06:37:21.010456+00:00,936,5e858468e860003cc90fea5ad7141161,NEW_MATCH,0,,maxime cressy,yusuke takahashi,calgary,qf,hard
2020-9128,Calgary,Hard,48,C,,20200224,44,Z09D,,,Kacper Zuk,R,183,POL,21.092,361,103,K839,11,,Tobias Kamke,R,178,GER,33.763,242,198,6-4 6-4,3,QF,83,4,1,52,33,30,11,10,1,1,13,5,84,47,34,15,10,6,8,TennisMyLife,2020_challenger.csv,2020,2026-08-23T06:37:21.010456+00:00,937,14fceabe08e3c1959dec6e6a833e04ac,NEW_MATCH,0,,kacper zuk,tobias kamke,calgary,qf,hard
2020-9128,Calgary,Hard,48,C,,20200224,45,C0BC,10,,Maxime Cressy,R,201,USA,22.798,191,265,BI23,7,,Liam Broady,L,183,GBR,26.138,230,210,6-3 4-6 7-6(5),3,SF,129,31,11,90,53,47,20,15,2,3,6,4,115,73,52,22,16,3,5,TennisMyLife,2020_challenger.csv,2020,2026-08-23T06:37:21.010456+00:00,938,353835abdf0a4f00e51aefff90bc2abc,NEW_MATCH,0,,maxime cressy,liam broady,calgary,sf,hard
2020-9128,Calgary,Hard,48,C,,20200224,46,RC91,8,,Arthur Rinderknech,R,196,FRA,24.591,206,243,Z09D,,,Kacper Zuk,R,183,POL,21.092,361,103,6-3 7-6(3),3,SF,71,10,4,64,44,38,12,11,1,1,4,2,63,40,29,12,10,1,2,TennisMyLife,2020_challenger.csv,2020,2026-08-23T06:37:21.010456+00:00,939,44e9728b683a70eafd8714e00e957c9d,NEW_MATCH,0,,arthur rinderknech,kacper zuk,calgary,sf,hard
2020-9128,Calgary,Hard,48,C,,20200224,47,RC91,8,,Arthur Rinderknech,R,196,FRA,24.591,206,243,C0BC,10,,Maxime Cressy,R,201,USA,22.798,191,265,3-6 7-6(5) 6-4,3,F,126,12,2,85,54,46,18,15,0,1,24,16,105,58,47,26,16,10,11,TennisMyLife,2020_challenger.csv,2020,2026-08-23T06:37:21.010456+00:00,940,bba3bd85827bf7845d8211d780dfc156,NEW_MATCH,0,,arthur rinderknech,maxime cressy,calgary,f,hard
2020-9162,Pau,Hard,48,C,,20200224,1,BM95,,,Benjamin Bonzi,R,183,FRA,23.71,252,186,T0AP,,,Chun-Hsin Tseng,R,175,TPE,18.546,272,161,6-3 6-2,3,R64,60,12,1,52,32,29,10,9,3,3,3,1,48,23,15,12,8,3,6,TennisMyLife,2020_challenger.csv,2020,2026-08-23T06:37:21.010456+00:00,941,a33f57f30a88fbcb90f0eeae3d2c739c,NEW_MATCH,0,,benjamin bonzi,chun hsin tseng,pau,r64,hard
2020-9162,Pau,Hard,48,C,,20200224,2,BK19,,,Mathias Bourgue,R,188,FRA,26.1,248,194,VA08,,,Andrea Vavassori,R,193,ITA,24.808,293,141,7-6(5) 6-3,3,R64,82,10,1,61,43,33,13,10,1,2,6,5,72,48,37,10,11,5,8,TennisMyLife,2020_challenger.csv,2020,2026-08-23T06:37:21.010456+00:00,942,a691043e7d2d751e647d356be0e3514c,NEW_MATCH,0,,mathias bourgue,andrea vavassori,pau,r64,hard
2020-9162,Pau,Hard,48,C,,20200224,3,G681,,,Teymuraz Gabashvili,R,185,GEO,34.757,277,156,MO55,,,Lucas Miedler,R,183,AUT,23.677,283,146,6-4 7-6(3),3,R64,86,9,5,65,33,29,21,11,0,0,6,2,76,47,35,15,11,4,5,TennisMyLife,2020_challenger.csv,2020,2026-08-23T06:37:21.010456+00:00,943,8f96570a78658775da252c2b0ae7581c,NEW_MATCH,0,,teymuraz gabashvili,lucas miedler,pau,r64,hard
2020-9162,Pau,Hard,48,C,,20200224,4,G09O,,,Hugo Gaston,L,173,FRA,19.411,228,212,KC56,,,Aslan Karatsev,R,185,RUS,26.472,262,179,6-3 1-6 6-1,3,R64,87,3,2,63,43,32,11,12,1,3,7,7,90,54,38,12,11,7,10,TennisMyLife,2020_challenger.csv,2020,2026-08-23T06:37:21.010456+00:00,944,6af78ecc54ea9b321d300e4c6bfb0ed7,NEW_MATCH,0,,hugo gaston,aslan karatsev,pau,r64,hard
2020-9162,Pau,Hard,48,C,,20200224,5,GH92,,,Borna Gojo,R,196,CRO,21.99,276,157,K834,,,Blaz Kavcic,R,188,SLO,32.975,282,148,6-3 4-6 7-6(4),3,R64,138,17,6,110,68,52,20,16,7,9,6,2,90,62,48,14,15,2,4,TennisMyLife,2020_challenger.csv,2020,2026-08-23T06:37:21.010456+00:00,945,f5e69b6d61964e14beb1d6cd2413580c,NEW_MATCH,0,,borna gojo,blaz kavcic,pau,r64,hard
2020-9162,Pau,Hard,48,C,,20200224,6,GF95,,,Hugo Grenier,R,196,FRA,23.923,250,190,KD87,,,Evgeny Karlovskiy,R,191,RUS,25.55,244,198,6-3 7-6(4),3,R64,95,6,2,68,46,34,10,11,1,4,1,3,69,43,26,10,10,2,6,TennisMyLife,2020_challenger.csv,2020,2026-08-23T06:37:21.010456+00:00,946,6bc38c0a07dd6088cc7c4c303b637a8d,NEW_MATCH,0,,hugo grenier,evgeny karlovskiy,pau,r64,hard
2020-9162,Pau,Hard,48,C,,20200224,7,G858,,,Ernests Gulbis,R,191,LAT,31.485,220,221,B0JG,,,Leo Borg,R,183,SWE,16.78,,,6-2 6-3,3,R64,62,9,0,40,29,26,10,9,0,0,1,5,59,31,21,12,8,5,8,TennisMyLife,2020_challenger.csv,2020,2026-08-23T06:37:21.010456+00:00,947,54c1fc8b098b218934d4ef811ff64cd1,NEW_MATCH,0,,ernests gulbis,leo borg,pau,r64,hard
2020-9162,Pau,Hard,48,C,,20200224,8,J397,,,Jerzy Janowicz,R,203,POL,29.281,1039,8,KH56,,,Zdenek Kolar,R,183,CZE,23.376,222,219,6-4 7-5,3,R64,75,23,2,64,48,39,8,11,1,1,1,1,59,36,24,15,11,2,4,TennisMyLife,2020_challenger.csv,2020,2026-08-23T06:37:21.010456+00:00,948,c16e8d8937b4b9063f3c3bd6d4453aaa,NEW_MATCH,0,,jerzy janowicz,zdenek kolar,pau,r64,hard
2020-9162,Pau,Hard,48,C,,20200224,9,K09F,,,Pavel Kotov,R,191,RUS,21.268,288,143,LC11,,,Tristan Lamasine,R,183,FRA,26.973,253,186,2-6 7-6(7) 6-4,3,R64,128,5,1,101,73,52,13,15,3,6,4,3,100,57,42,27,15,7,9,TennisMyLife,2020_challenger.csv,2020,2026-08-23T06:37:21.010456+00:00,949,0465b21853e27a47986599109fe2ca5e,NEW_MATCH,0,,pavel kotov,tristan lamasine,pau,r64,hard
2020-9162,Pau,Hard,48,C,,20200224,10,ME89,,,Illya Marchenko,R,185,UKR,32.463,211,232,BC65,,,Matthias Bachinger,R,188,GER,32.898,266,175,3-6 7-6(10) 6-4,3,R64,138,6,1,96,58,45,20,15,0,2,9,4,110,70,53,19,16,9,11,TennisMyLife,2020_challenger.csv,2020,2026-08-23T06:37:21.010456+00:00,950,cf0a6b421edb95a9b9e323c7db33b3f4,NEW_MATCH,0,,illya marchenko,matthias bachinger,pau,r64,hard
2020-9162,Pau,Hard,48,C,,20200224,11,M0G4,,,Harold Mayot,R,180,FRA,18.053,514,55,RH54,,,Rayane Roumane,R,193,ALG,19.452,363,102,6-1 6-1,3,R64,53,1,4,40,22,18,11,7,0,0,1,4,47,23,10,10,7,1,6,TennisMyLife,2020_challenger.csv,2020,2026-08-23T06:37:21.010456+00:00,951,47cacaf4f5ba72cd0e994e1920a97aa3,NEW_MATCH,0,,harold mayot,rayane roumane,pau,r64,hard
2020-9162,Pau,Hard,48,C,,20200224,12,MV14,,,Alex Molcan,L,178,SVK,22.231,301,134,MI01,,,Hiroki Moriya,R,168,JPN,29.358,229,210,6-2 6-7(3) 6-4,3,R64,123,14,6,100,60,45,23,15,7,8,7,4,95,53,41,17,15,3,7,TennisMyLife,2020_challenger.csv,2020,2026-08-23T06:37:21.010456+00:00,952,6660706847049b6b6351436d82f8c4fa,NEW_MATCH,0,,alex molcan,hiroki moriya,pau,r64,hard
2020-9162,Pau,Hard,48,C,,20200224,13,MJ71,,,Mats Moraing,L,198,GER,27.68,263,177,W857,,,Tung-Lin Wu,R,188,TPE,21.788,233,209,6-0 6-0,3,R64,38,2,2,29,17,16,8,6,0,0,3,2,40,26,9,2,6,2,8,TennisMyLife,2020_challenger.csv,2020,2026-08-23T06:37:21.010456+00:00,953,7adc3ce5b3ee49ac827d2de21c29bbb5,NEW_MATCH,0,,mats moraing,tung lin wu,pau,r64,hard
2020-9162,Pau,Hard,48,C,,20200224,14,RE45,,,Fabien Reboul,R,185,FRA,24.46,794,19,BM03,,,Filippo Baldi,R,180,ITA,24.123,241,199,6-4 7-5,3,R64,84,5,1,77,42,33,18,11,5,5,0,4,66,48,37,6,11,4,6,TennisMyLife,2020_challenger.csv,2020,2026-08-23T06:37:21.010456+00:00,954,c29976c8cf9da209d48a9282b5b0d40f,NEW_MATCH,0,,fabien reboul,filippo baldi,pau,r64,hard
2020-9162,Pau,Hard,48,C,,20200224,15,MP13,,,Mukund Sasikumar,R,185,IND,23.11,279,152,D981,,,Arthur De Greef,R,183,BEL,27.912,331,116,6-7(5) 7-6(3) 7-6(2),3,R64,168,16,3,129,72,58,34,18,2,3,16,4,118,72,60,23,18,2,3,TennisMyLife,2020_challenger.csv,2020,2026-08-23T06:37:21.010456+00:00,955,2b2370a3ad9cd241a6f7da11bac86666,NEW_MATCH,0,,mukund sasikumar,arthur de greef,pau,r64,hard
2020-9162,Pau,Hard,48,C,,20200224,16,V490,,,Matteo Viola,R,185,ITA,32.635,224,218,Z419,,,Bernabe Zapata Miralles,R,183,ESP,23.116,213,230,6-3 6-4,3,R64,66,2,2,67,43,31,16,10,2,2,4,2,51,28,21,15,9,4,6,TennisMyLife,2020_challenger.csv,2020,2026-08-23T06:37:21.010456+00:00,956,43e901fdbbe917eeb6ade1e2d75e85e7,NEW_MATCH,0,,matteo viola,bernabe zapata miralles,pau,r64,hard
2020-9162,Pau,Hard,48,C,,20200224,17,V708,1,,Jiri Vesely,L,198,CZE,26.626,71,760,BK19,,,Mathias Bourgue,R,188,FRA,26.1,248,194,6-4 6-7(9) 6-3,3,R32,147,22,4,97,64,52,20,16,4,5,8,2,95,51,36,25,15,1,4,TennisMyLife,2020_challenger.csv,2020,2026-08-23T06:37:21.010456+00:00,957,51dd3aaed78cc93c4618134f17feea13,NEW_MATCH,0,,jiri vesely,mathias bourgue,pau,r32,hard
2020-9162,Pau,Hard,48,C,,20200224,18,G858,,,Ernests Gulbis,R,191,LAT,31.485,220,221,GB93,2,,Norbert Gombos,R,193,SVK,29.533,103,570,7-6(7) 7-6(1),3,R32,102,14,2,79,46,40,20,12,2,2,11,0,65,46,41,12,12,0,0,TennisMyLife,2020_challenger.csv,2020,2026-08-23T06:37:21.010456+00:00,958,c3bc5bfbcf1af2cf2dbffedc526ff5c4,NEW_MATCH,0,,ernests gulbis,norbert gombos,pau,r32,hard
2020-9162,Pau,Hard,48,C,,20200224,19,GF95,,,Hugo Grenier,R,196,FRA,23.923,250,190,N897,3,,Sumit Nagal,R,178,IND,22.524,127,423,6-1 2-6 6-3,3,R32,111,17,4,68,48,38,4,12,3,6,0,2,92,56,27,21,12,13,18,TennisMyLife,2020_challenger.csv,2020,2026-08-23T06:37:21.010456+00:00,959,7471903bb7b4d8e2183649657a9fee79,NEW_MATCH,0,,hugo grenier,sumit nagal,pau,r32,hard
2020-9162,Pau,Hard,48,C,,20200224,20,K09F,,,Pavel Kotov,R,191,RUS,21.268,288,143,HA71,4,,Antoine Hoang,R,183,FRA,24.307,129,412,6-4 5-7 6-2,3,R32,132,4,0,103,72,48,21,15,6,7,2,7,105,78,54,9,15,6,9,TennisMyLife,2020_challenger.csv,2020,2026-08-23T06:37:21.010456+00:00,960,750ce2deb056780cb3ad10f168d1ae85,NEW_MATCH,0,,pavel kotov,antoine hoang,pau,r32,hard
2020-9162,Pau,Hard,48,C,,20200224,21,G09O,,,Hugo Gaston,L,173,FRA,19.411,228,212,MH16,5,,Yannick Maden,R,185,GER,30.324,139,390,1-6 6-4 6-4,3,R32,115,6,4,109,70,46,18,14,10,13,4,1,78,54,37,15,13,6,8,TennisMyLife,2020_challenger.csv,2020,2026-08-23T06:37:21.010456+00:00,961,e4c24141176499b1823ae87e08d3cdd2,NEW_MATCH,0,,hugo gaston,yannick maden,pau,r32,hard
2020-9162,Pau,Hard,48,C,,20200224,22,G681,,,Teymuraz Gabashvili,R,185,GEO,34.757,277,156,SC77,6,,Sergiy Stakhovsky,R,193,UKR,34.133,161,307,7-6(1) 6-2,3,R32,87,6,2,52,31,27,17,10,0,0,11,5,66,34,26,13,10,3,5,TennisMyLife,2020_challenger.csv,2020,2026-08-23T06:37:21.010456+00:00,962,e0dccdbd145409dd7c3fcd5511751e6e,NEW_MATCH,0,,teymuraz gabashvili,sergiy stakhovsky,pau,r32,hard
2020-9162,Pau,Hard,48,C,,20200224,23,GA79,7,,Lorenzo Giustino,R,180,ITA,28.457,153,340,GH92,,,Borna Gojo,R,196,CRO,21.99,276,157,7-6(6) 7-6(4),3,R32,105,13,0,78,45,35,20,12,0,2,11,1,81,46,34,18,12,2,4,TennisMyLife,2020_challenger.csv,2020,2026-08-23T06:37:21.010456+00:00,963,b79633d7135fabf4f210c3c1e977cbc8,NEW_MATCH,0,,lorenzo giustino,borna gojo,pau,r32,hard
2020-9162,Pau,Hard,48,C,,20200224,24,L797,8,,Lukas Lacko,R,188,SVK,32.309,168,289,MP13,,,Mukund Sasikumar,R,185,IND,23.11,279,152,6-4 7-6(3),3,R32,77,12,0,61,42,37,12,11,0,0,11,2,69,39,31,18,11,3,4,TennisMyLife,2020_challenger.csv,2020,2026-08-23T06:37:21.010456+00:00,964,4ca3ef37e4b1de646e22dad8f03afea7,NEW_MATCH,0,,lukas lacko,mukund sasikumar,pau,r32,hard
2020-9162,Pau,Hard,48,C,,20200224,25,M0G4,,,Harold Mayot,R,180,FRA,18.053,514,55,H756,9,,Robin Haase,R,191,NED,32.887,162,305,7-6(5) 7-6(3),3,R32,108,7,5,96,62,46,18,12,5,6,11,1,76,52,41,13,12,2,3,TennisMyLife,2020_challenger.csv,2020,2026-08-23T06:37:21.010456+00:00,965,e6e8a62e7b0fb78dcf9efd02b90a1502,NEW_MATCH,0,,harold mayot,robin haase,pau,r32,hard
2020-9162,Pau,Hard,48,C,,20200224,26,J397,,,Jerzy Janowicz,R,203,POL,29.281,1039,8,J620,10,,Maxime Janvier,R,196,FRA,23.351,173,282,6-4 6-4,3,R32,74,8,3,59,41,33,9,10,3,3,7,3,58,35,26,10,10,2,4,TennisMyLife,2020_challenger.csv,2020,2026-08-23T06:37:21.010456+00:00,966,2a8630398709f62d488a6fea68b000e2,NEW_MATCH,0,,jerzy janowicz,maxime janvier,pau,r32,hard
2020-9162,Pau,Hard,48,C,,20200224,27,ME89,,,Illya Marchenko,R,185,UKR,32.463,211,232,TA29,11,,Marco Trungelliti,R,178,ARG,30.064,197,257,2-6 7-5 6-1,3,R32,104,5,5,77,44,36,15,14,0,3,2,4,74,42,31,14,13,5,9,TennisMyLife,2020_challenger.csv,2020,2026-08-23T06:37:21.010456+00:00,967,a0d843e16ef4089474c6831e57395408,NEW_MATCH,0,,illya marchenko,marco trungelliti,pau,r32,hard
2020-9162,Pau,Hard,48,C,,20200224,28,HB64,12,,Quentin Halys,R,191,FRA,23.329,193,263,V490,,,Matteo Viola,R,185,ITA,32.635,224,218,6-1 6-2,3,R32,47,7,4,44,30,25,6,8,1,2,0,4,38,25,11,4,7,1,6,TennisMyLife,2020_challenger.csv,2020,2026-08-23T06:37:21.010456+00:00,968,0331e16631a062cfaa283466359b0a3a,NEW_MATCH,0,,quentin halys,matteo viola,pau,r32,hard
2020-9162,Pau,Hard,48,C,,20200224,29,LB66,13,,Constant Lestienne,R,180,FRA,27.756,212,232,RE45,,,Fabien Reboul,R,185,FRA,24.46,794,19,7-5 6-3,3,R32,76,8,1,73,44,34,12,11,4,6,8,1,55,31,21,8,10,2,6,TennisMyLife,2020_challenger.csv,2020,2026-08-23T06:37:21.010456+00:00,969,849c0113ef720be05f5098ee516b88c1,NEW_MATCH,0,,constant lestienne,fabien reboul,pau,r32,hard
2020-9162,Pau,Hard,48,C,,20200224,30,BM95,,,Benjamin Bonzi,R,183,FRA,23.71,252,186,BT68,14,,Elliot Benchetrit,R,193,MAR,21.396,207,242,7-5 6-3,3,R32,73,16,2,57,38,35,12,11,0,0,10,1,68,44,32,12,10,8,10,TennisMyLife,2020_challenger.csv,2020,2026-08-23T06:37:21.010456+00:00,970,03bbdfc79d9645615981d6b165afe68f,NEW_MATCH,0,,benjamin bonzi,elliot benchetrit,pau,r32,hard
2020-9162,Pau,Hard,48,C,,20200224,31,MV14,,,Alex Molcan,L,178,SVK,22.231,301,134,V812,15,,Botic van de Zandschulp,R,191,NED,24.392,171,286,7-6(5) 4-6 7-5,3,R32,131,4,5,106,72,58,13,17,5,9,10,2,109,66,51,19,17,7,11,TennisMyLife,2020_challenger.csv,2020,2026-08-23T06:37:21.010456+00:00,971,4271a8208796de2727fe505dd542a70d,NEW_MATCH,0,,alex molcan,botic van de zandschulp,pau,r32,hard
2020-9162,Pau,Hard,48,C,,20200224,32,CG94,16,,Enzo Couacaud,R,183,FRA,24.986,179,278,MJ71,,,Mats Moraing,L,198,GER,27.68,263,177,6-3 6-4,3,R32,51,11,1,54,37,32,10,10,2,2,9,3,50,33,23,9,9,1,3,TennisMyLife,2020_challenger.csv,2020,2026-08-23T06:37:21.010456+00:00,972,9a9d435ff5c4139b68e28cbdbae51e2d,NEW_MATCH,0,,enzo couacaud,mats moraing,pau,r32,hard
2020-9162,Pau,Hard,48,C,,20200224,33,V708,1,,Jiri Vesely,L,198,CZE,26.626,71,760,LB66,13,,Constant Lestienne,R,180,FRA,27.756,212,232,6-4 7-6(1),3,R16,93,23,4,72,46,41,10,11,2,3,10,2,64,41,28,14,11,0,2,TennisMyLife,2020_challenger.csv,2020,2026-08-23T06:37:21.010456+00:00,973,d995a595280f71abc33043a20492b8d8,NEW_MATCH,0,,jiri vesely,constant lestienne,pau,r16,hard
2020-9162,Pau,Hard,48,C,,20200224,34,J397,,,Jerzy Janowicz,R,203,POL,29.281,1039,8,GA79,7,,Lorenzo Giustino,R,180,ITA,28.457,153,340,6-4 6-7(5) 6-3,3,R16,103,24,1,83,64,57,12,16,0,0,17,1,88,59,44,19,15,0,2,TennisMyLife,2020_challenger.csv,2020,2026-08-23T06:37:21.010456+00:00,974,8ddb5ea386796991d6e97193e905cea3,NEW_MATCH,0,,jerzy janowicz,lorenzo giustino,pau,r16,hard
2020-9162,Pau,Hard,48,C,,20200224,35,HB64,12,,Quentin Halys,R,191,FRA,23.329,193,263,L797,8,,Lukas Lacko,R,188,SVK,32.309,168,289,7-6(2) 6-2,3,R16,75,18,6,61,43,38,8,10,1,2,0,5,76,45,33,11,10,3,6,TennisMyLife,2020_challenger.csv,2020,2026-08-23T06:37:21.010456+00:00,975,e0e1afd87949d577884bbc975fc76648,NEW_MATCH,0,,quentin halys,lukas lacko,pau,r16,hard
2020-9162,Pau,Hard,48,C,,20200224,36,GF95,,,Hugo Grenier,R,196,FRA,23.923,250,190,CG94,16,,Enzo Couacaud,R,183,FRA,24.986,179,278,7-6(4) 7-6(4),3,R16,95,13,3,88,56,45,19,12,3,3,10,3,71,43,36,21,12,1,1,TennisMyLife,2020_challenger.csv,2020,2026-08-23T06:37:21.010456+00:00,976,d225919c4e5b95a007be408d454658cf,NEW_MATCH,0,,hugo grenier,enzo couacaud,pau,r16,hard
2020-9162,Pau,Hard,48,C,,20200224,37,BM95,,,Benjamin Bonzi,R,183,FRA,23.71,252,186,K09F,,,Pavel Kotov,R,191,RUS,21.268,288,143,6-4 6-0,3,R16,61,4,0,53,36,23,12,8,6,7,1,3,52,33,19,6,8,2,7,TennisMyLife,2020_challenger.csv,2020,2026-08-23T06:37:21.010456+00:00,977,1f68b887e4d6ad13811e0c6e31c3ab34,NEW_MATCH,0,,benjamin bonzi,pavel kotov,pau,r16,hard
2020-9162,Pau,Hard,48,C,,20200224,38,G681,,,Teymuraz Gabashvili,R,185,GEO,34.757,277,156,ME89,,,Illya Marchenko,R,185,UKR,32.463,211,232,6-4 5-7 7-5,3,R16,142,10,6,101,52,45,20,17,4,8,11,5,106,60,46,20,17,9,14,TennisMyLife,2020_challenger.csv,2020,2026-08-23T06:37:21.010456+00:00,978,d01ad642418cbfd337007d6db9f5a454,NEW_MATCH,0,,teymuraz gabashvili,illya marchenko,pau,r16,hard
2020-9162,Pau,Hard,48,C,,20200224,39,G858,,,Ernests Gulbis,R,191,LAT,31.485,220,221,MV14,,,Alex Molcan,L,178,SVK,22.231,301,134,6-1 6-7(3) 6-4,3,R16,140,12,7,103,60,45,24,15,3,4,2,3,90,54,38,18,14,9,13,TennisMyLife,2020_challenger.csv,2020,2026-08-23T06:37:21.010456+00:00,979,0745d7da15b315e359b41b5607df9c47,NEW_MATCH,0,,ernests gulbis,alex molcan,pau,r16,hard
2020-9162,Pau,Hard,48,C,,20200224,40,M0G4,,,Harold Mayot,R,180,FRA,18.053,514,55,G09O,,,Hugo Gaston,L,173,FRA,19.411,228,212,6-1 RET,3,R16,24,1,0,19,14,11,2,3,0,0,0,1,22,10,5,3,4,1,4,TennisMyLife,2020_challenger.csv,2020,2026-08-23T06:37:21.010456+00:00,980,6d69bd8b9360e810c1ec5baff121edcb,NEW_MATCH,0,,harold mayot,hugo gaston,pau,r16,hard
2020-9162,Pau,Hard,48,C,,20200224,41,V708,1,,Jiri Vesely,L,198,CZE,26.626,71,760,M0G4,,,Harold Mayot,R,180,FRA,18.053,514,55,7-6(3) 7-6(5),3,QF,111,22,6,75,51,44,10,12,1,2,5,6,96,61,45,16,12,8,9,TennisMyLife,2020_challenger.csv,2020,2026-08-23T06:37:21.010456+00:00,981,79100bae59c097e553d2f7169351aeae,NEW_MATCH,0,,jiri vesely,harold mayot,pau,qf,hard
2020-9162,Pau,Hard,48,C,,20200224,42,G858,,,Ernests Gulbis,R,191,LAT,31.485,220,221,HB64,12,,Quentin Halys,R,191,FRA,23.329,193,263,6-7(2) 6-4 6-2,3,QF,142,11,9,101,62,48,19,15,6,6,16,6,116,67,54,20,15,10,13,TennisMyLife,2020_challenger.csv,2020,2026-08-23T06:37:21.010456+00:00,982,8f27ef5fbac79f54f0920ee0bc627b12,NEW_MATCH,0,,ernests gulbis,quentin halys,pau,qf,hard
2020-9162,Pau,Hard,48,C,,20200224,43,G681,,,Teymuraz Gabashvili,R,185,GEO,34.757,277,156,BM95,,,Benjamin Bonzi,R,183,FRA,23.71,252,186,6-4 2-6 7-6(4),3,QF,118,12,5,97,58,46,20,15,3,5,12,2,94,62,50,15,15,4,5,TennisMyLife,2020_challenger.csv,2020,2026-08-23T06:37:21.010456+00:00,983,2eb2cd349c87565dd7fb4e03e4904a21,NEW_MATCH,0,,teymuraz gabashvili,benjamin bonzi,pau,qf,hard
2020-9162,Pau,Hard,48,C,,20200224,44,J397,,,Jerzy Janowicz,R,203,POL,29.281,1039,8,GF95,,,Hugo Grenier,R,196,FRA,23.923,250,190,6-3 6-3,3,QF,60,8,1,46,35,30,6,9,0,0,5,0,54,36,23,7,9,5,8,TennisMyLife,2020_challenger.csv,2020,2026-08-23T06:37:21.010456+00:00,984,a84057797467cd156ad2f10f732e01b6,NEW_MATCH,0,,jerzy janowicz,hugo grenier,pau,qf,hard
2020-9162,Pau,Hard,48,C,,20200224,45,J397,,,Jerzy Janowicz,R,203,POL,29.281,1039,8,V708,1,,Jiri Vesely,L,198,CZE,26.626,71,760,6-4 6-7(6) 7-6(7),3,SF,150,21,3,105,71,58,22,17,3,3,28,5,103,69,61,17,17,3,4,TennisMyLife,2020_challenger.csv,2020,2026-08-23T06:37:21.010456+00:00,985,b5ce59c68e06a804a6ef094f8aabe52d,NEW_MATCH,0,,jerzy janowicz,jiri vesely,pau,sf,hard
2020-9162,Pau,Hard,48,C,,20200224,46,G858,,,Ernests Gulbis,R,191,LAT,31.485,220,221,G681,,,Teymuraz Gabashvili,R,185,GEO,34.757,277,156,6-3 6-7(4) 6-1,3,SF,127,16,2,88,55,46,19,15,4,4,5,7,84,43,36,15,13,4,7,TennisMyLife,2020_challenger.csv,2020,2026-08-23T06:37:21.010456+00:00,986,27bdfb336db832c19b902406ed90340e,NEW_MATCH,0,,ernests gulbis,teymuraz gabashvili,pau,sf,hard
2020-9162,Pau,Hard,48,C,,20200224,47,G858,,,Ernests Gulbis,R,191,LAT,31.485,220,221,J397,,,Jerzy Janowicz,R,203,POL,29.281,1039,8,6-3 6-4,3,F,69,11,4,52,30,27,14,10,1,1,10,0,53,38,25,10,9,3,5,TennisMyLife,2020_challenger.csv,2020,2026-08-23T06:37:21.010456+00:00,987,0ddf6e703916d97250355d8a9cb72539,NEW_MATCH,0,,ernests gulbis,jerzy janowicz,pau,f,hard
2020-9194,Columbus,Hard,48,C,,20200224,1,BH02,,,Sekou Bangoura,R,183,USA,28.268,325,120,R0BI,,,Austin Rapp,R,196,USA,23.513,689,27,6-3 6-3,3,R64,54,2,0,43,31,27,9,9,0,0,2,3,55,38,25,7,9,2,5,TennisMyLife,2020_challenger.csv,2020,2026-08-23T06:37:21.010456+00:00,988,961235c8a5426cb009e60f54929d7719,NEW_MATCH,0,,sekou bangoura,austin rapp,columbus,r64,hard
2020-9194,Columbus,Hard,48,C,,20200224,2,CC32,,,Guilherme Clezar,R,180,BRA,27.149,270,164,B0F8,,,Justin Boulais,L,183,CAN,18.346,946,11,6-4 6-2,3,R64,62,1,0,43,30,25,11,9,0,0,5,3,61,29,19,17,9,5,8,TennisMyLife,2020_challenger.csv,2020,2026-08-23T06:37:21.010456+00:00,989,aa8a65fe07baae749488c349faa20719,NEW_MATCH,0,,guilherme clezar,justin boulais,columbus,r64,hard
2020-9194,Columbus,Hard,48,C,,20200224,3,CJ60,,,Alexandr Cozbinov,R,188,MDA,24.827,811,18,CH80,,,Luca Castelnuovo,L,188,SUI,23.069,677,28,6-3 6-2,3,R64,57,2,4,50,27,23,13,9,0,0,4,2,46,30,20,8,8,3,6,TennisMyLife,2020_challenger.csv,2020,2026-08-23T06:37:21.010456+00:00,990,9f86c951a50e1ea7fc9eeea4d64d0265,NEW_MATCH,0,,alexandr cozbinov,luca castelnuovo,columbus,r64,hard
2020-9194,Columbus,Hard,48,C,,20200224,4,E768,,,Antoine Escoffier,R,185,FRA,27.986,335,115,RC93,,,Martin Redlicki,L,196,USA,24.504,458,68,7-6(4) 6-3,3,R64,80,11,3,62,41,36,14,11,1,1,12,2,81,48,36,13,10,9,10,TennisMyLife,2020_challenger.csv,2020,2026-08-23T06:37:21.010456+00:00,991,0e45d62629dc8410e2c61f54fa37c612,NEW_MATCH,0,,antoine escoffier,martin redlicki,columbus,r64,hard
2020-9194,Columbus,Hard,48,C,,20200224,5,GD08,,,Lloyd Glasspool,R,191,GBR,26.264,447,70,K0DB,,,Cannon Kingsley,R,191,USA,18.804,871,14,7-6(3) 6-3,3,R64,69,14,2,57,38,34,12,10,1,1,12,0,81,49,36,16,11,5,7,TennisMyLife,2020_challenger.csv,2020,2026-08-23T06:37:21.010456+00:00,992,417836c3e5c8b8adea767dd7de7d2c25,NEW_MATCH,0,,lloyd glasspool,cannon kingsley,columbus,r64,hard
2020-9194,Columbus,Hard,48,C,,20200224,6,HB31,,,Johannes Haerteis,L,196,GER,24.005,360,103,BV13,,,Alexander Brown,L,198,USA,20.816,643,31,6-3 7-6(5),3,R64,63,6,1,57,43,36,9,10,0,1,8,4,62,36,30,13,11,1,4,TennisMyLife,2020_challenger.csv,2020,2026-08-23T06:37:21.010456+00:00,993,5b0a3384541c84e27644d7c6f98b6f61,NEW_MATCH,0,,johannes haerteis,alexander brown,columbus,r64,hard
2020-9194,Columbus,Hard,48,C,,20200224,7,H928,,,Diego Hidalgo,L,180,ECU,26.853,368,100,O340,,,Roberto Ortega-Olmedo,R,168,ESP,28.821,269,166,7-6(5) 6-2,3,R64,92,8,2,66,45,37,9,10,2,3,2,1,69,46,29,11,10,1,4,TennisMyLife,2020_challenger.csv,2020,2026-08-23T06:37:21.010456+00:00,994,2c082485ae23e677ae2695ccb57c5adf,NEW_MATCH,0,,diego hidalgo,roberto ortega olmedo,columbus,r64,hard
2020-9194,Columbus,Hard,48,C,,20200224,8,KB14,,,Kevin King,L,191,USA,28.988,313,128,G985,,,Carlos Gomez-Herrera,R,191,ESP,29.821,420,80,6-3 6-3,3,R64,80,3,0,55,40,30,10,9,3,3,3,2,59,38,24,11,9,4,7,TennisMyLife,2020_challenger.csv,2020,2026-08-23T06:37:21.010456+00:00,995,7f3e50b85ab1507547e9fa7619d2795e,NEW_MATCH,0,,kevin king,carlos gomez herrera,columbus,r64,hard
2020-9194,Columbus,Hard,48,C,,20200224,9,KG27,,,Strong Kirchheimer,R,185,USA,24.832,490,61,H896,,,Jose Hernandez-Fernandez,R,183,DOM,29.952,289,142,4-6 6-2 6-3,3,R64,108,7,0,76,42,32,20,13,2,3,4,5,85,49,34,16,14,3,7,TennisMyLife,2020_challenger.csv,2020,2026-08-23T06:37:21.010456+00:00,996,735cc3409c68b198403180f42543d61b,NEW_MATCH,0,,strong kirchheimer,jose hernandez fernandez,columbus,r64,hard
2020-9194,Columbus,Hard,48,C,,20200224,10,K0AZ,,,Aleksandar Kovacevic,R,183,USA,21.489,509,56,RA24,,,Ruan Roelofse,R,188,RSA,30.267,611,36,6-1 6-7(7) 7-6(6),3,R64,114,16,6,107,62,50,30,16,1,1,19,6,93,57,46,20,15,0,2,TennisMyLife,2020_challenger.csv,2020,2026-08-23T06:37:21.010456+00:00,997,50123e7e117adaf3db1d2dd56c49c58b,NEW_MATCH,0,,aleksandar kovacevic,ruan roelofse,columbus,r64,hard
2020-9194,Columbus,Hard,48,C,,20200224,11,L733,,,Zhe Li,R,183,CHN,33.429,208,240,Y124,,,Donald Young,L,183,USA,30.59,294,140,7-5 7-6(6),3,R64,105,9,1,82,51,42,16,12,5,5,15,6,85,47,39,17,12,4,5,TennisMyLife,2020_challenger.csv,2020,2026-08-23T06:37:21.010456+00:00,998,22e3a450cf8b2cfee16774830e82e354,NEW_MATCH,0,,zhe li,donald young,columbus,r64,hard
2020-9194,Columbus,Hard,48,C,,20200224,12,PH42,,,Matija Pecotic,L,185,CRO,30.645,333,115,BV27,,,Ulises Blanch,R,188,USA,21.919,264,177,7-6(4) 6-3,3,R64,71,4,2,59,41,33,11,10,1,1,10,2,69,40,28,14,11,4,6,TennisMyLife,2020_challenger.csv,2020,2026-08-23T06:37:21.010456+00:00,999,e1f0b61fa82594d70014416a266ef299,NEW_MATCH,0,,matija pecotic,ulises blanch,columbus,r64,hard
2020-9194,Columbus,Hard,48,C,,20200224,13,Q941,,,Roberto Quiroz,L,193,ECU,28.003,275,161,MW84,,,John McNally,R,183,USA,21.352,588,39,7-6(3) 7-6(5),3,R64,97,12,3,77,47,41,19,12,0,0,9,1,80,58,44,14,12,4,4,TennisMyLife,2020_challenger.csv,2020,2026-08-23T06:37:21.010456+00:00,1000,9f773ee7164c70b3ccf4ec09b38ab1fa,NEW_MATCH,0,,roberto quiroz,john mcnally,columbus,r64,hard
2020-9194,Columbus,Hard,48,C,,20200224,14,RB00,,,Ricardo Rodriguez - Pace,,,VEN,26.825,513,56,H0A4,,,Nick Hardt,R,185,DOM,19.428,527,53,2-6 6-3 6-0,3,R64,118,6,1,69,46,33,10,12,2,5,7,2,91,58,36,12,11,8,13,TennisMyLife,2020_challenger.csv,2020,2026-08-23T06:37:21.010456+00:00,1001,4ab5f102ba9c98bc8c07d8331529cfe9,NEW_MATCH,0,,ricardo rodriguez pace,nick hardt,columbus,r64,hard
2020-9194,Columbus,Hard,48,C,,20200224,15,U120,,,Kaichi Uchida,R,180,JPN,25.506,326,120,SP05,,,Evan Song,L,178,USA,27.715,484,62,6-3 3-6 7-6(2),3,R64,123,10,1,95,70,46,14,15,3,8,7,0,106,72,41,21,15,6,11,TennisMyLife,2020_challenger.csv,2020,2026-08-23T06:37:21.010456+00:00,1002,e34af272f1dde3f5a52b7ccfb4e8a445,NEW_MATCH,0,,kaichi uchida,evan song,columbus,r64,hard
2020-9194,Columbus,Hard,48,C,,20200224,16,W503,,,James Ward,R,188,GBR,33.04,273,161,AD49,,,Jordi Arconada,R,180,USA,23.466,485,62,6-3 7-6(6),3,R64,86,14,2,70,42,34,19,11,2,2,6,1,65,42,32,14,10,0,1,TennisMyLife,2020_challenger.csv,2020,2026-08-23T06:37:21.010456+00:00,1003,86735b7052fca051a7cb4996d8583db0,NEW_MATCH,0,,james ward,jordi arconada,columbus,r64,hard
2020-9194,Columbus,Hard,48,C,,20200224,17,O483,1,,Christopher O'Connell,R,183,AUS,25.728,116,498,BH02,,,Sekou Bangoura,R,183,USA,28.268,325,120,6-4 6-2,3,R32,53,5,1,50,36,28,10,9,1,1,3,0,41,27,19,6,9,0,3,TennisMyLife,2020_challenger.csv,2020,2026-08-23T06:37:21.010456+00:00,1004,a5c959e09c6c8df7dea00fcb922d2e6f,NEW_MATCH,0,,christopher o connell,sekou bangoura,columbus,r32,hard
2020-9194,Columbus,Hard,48,C,,20200224,18,PG94,2,,Marc Polmans,R,188,AUS,22.815,123,442,K0AZ,,,Aleksandar Kovacevic,R,183,USA,21.489,509,56,7-6(6) 6-4,3,R32,91,8,2,72,47,40,14,11,2,2,11,3,74,42,31,18,11,3,4,TennisMyLife,2020_challenger.csv,2020,2026-08-23T06:37:21.010456+00:00,1005,aaa4aea4f3d3c1fed9f4bb31d60416da,NEW_MATCH,0,,marc polmans,aleksandar kovacevic,columbus,r32,hard
2020-9194,Columbus,Hard,48,C,,20200224,19,SK94,3,,Cedrik-Marcel Stebe,L,180,GER,29.377,138,390,PH42,,,Matija Pecotic,L,185,CRO,30.645,333,115,6-4 7-6(7),3,R32,103,2,4,88,48,27,24,11,8,12,2,0,77,53,34,8,11,5,10,TennisMyLife,2020_challenger.csv,2020,2026-08-23T06:37:21.010456+00:00,1006,61e0b5219a69beca1e385859376e3909,NEW_MATCH,0,,cedrik marcel stebe,matija pecotic,columbus,r32,hard
2020-9194,Columbus,Hard,48,C,,20200224,20,GA36,4,,Emilio Gomez,R,185,ECU,28.241,149,368,RB00,,,Ricardo Rodriguez - Pace,,,VEN,26.825,513,56,6-4 6-0,3,R32,74,2,3,58,32,29,9,8,3,3,3,1,51,36,18,7,8,4,8,TennisMyLife,2020_challenger.csv,2020,2026-08-23T06:37:21.010456+00:00,1007,18b098bea0dc11e7dff91a2e66579fc3,NEW_MATCH,0,,emilio gomez,ricardo rodriguez pace,columbus,r32,hard
2020-9194,Columbus,Hard,48,C,,20200224,21,I165,5,,Denis Istomin,R,185,UZB,33.465,165,291,CJ60,,,Alexandr Cozbinov,R,188,MDA,24.827,811,18,6-2 6-2,3,R32,57,3,1,39,23,20,13,8,0,0,3,0,60,41,23,8,8,5,9,TennisMyLife,2020_challenger.csv,2020,2026-08-23T06:37:21.010456+00:00,1008,b5df7508ca5482517730cfe334438d35,NEW_MATCH,0,,denis istomin,alexandr cozbinov,columbus,r32,hard
2020-9194,Columbus,Hard,48,C,,20200224,22,W09G,6,,J.J. Wolf,R,183,USA,21.177,163,303,W503,,,James Ward,R,188,GBR,33.04,273,161,6-7(5) 6-3 6-4,3,R32,113,26,5,88,46,42,25,16,3,4,12,3,96,52,37,24,15,2,5,TennisMyLife,2020_challenger.csv,2020,2026-08-23T06:37:21.010456+00:00,1009,6ac4dc4d784f75d560b7eeebcbb26e73,NEW_MATCH,0,,j j wolf,james ward,columbus,r32,hard
2020-9194,Columbus,Hard,48,C,,20200224,23,U120,,,Kaichi Uchida,R,180,JPN,25.506,326,120,SC56,7,,Dudi Sela,R,175,ISR,34.891,192,264,7-5 1-0 RET,3,R32,47,4,1,39,27,21,6,6,5,6,4,2,43,27,15,7,7,1,4,TennisMyLife,2020_challenger.csv,2020,2026-08-23T06:37:21.010456+00:00,1010,a0403ef62cfe2bfd09589f2b3c6082bb,NEW_MATCH,0,,kaichi uchida,dudi sela,columbus,r32,hard
2020-9194,Columbus,Hard,48,C,,20200224,24,TC12,8,,Mikael Torpegaard,R,193,DEN,25.799,176,280,KB14,,,Kevin King,L,191,USA,28.988,313,128,6-7(5) 6-4 6-4,3,R32,150,3,5,111,63,43,33,16,7,7,3,1,114,79,58,16,16,4,6,TennisMyLife,2020_challenger.csv,2020,2026-08-23T06:37:21.010456+00:00,1011,5bdfbeb91f37c26fc4f3a35dcee095c7,NEW_MATCH,0,,mikael torpegaard,kevin king,columbus,r32,hard
2020-9194,Columbus,Hard,48,C,,20200224,25,L733,,,Zhe Li,R,183,CHN,33.429,208,240,RB56,9,,Ramkumar Ramanathan,R,188,IND,25.295,180,278,7-6(7) 7-6(3),3,R32,107,7,4,85,50,45,18,12,2,2,25,4,88,60,46,15,12,3,3,TennisMyLife,2020_challenger.csv,2020,2026-08-23T06:37:21.010456+00:00,1012,0fbca82ad123f9b0243c9a2232ec8e6f,NEW_MATCH,0,,zhe li,ramkumar ramanathan,columbus,r32,hard
2020-9194,Columbus,Hard,48,C,,20200224,26,KG27,,,Strong Kirchheimer,R,185,USA,24.832,490,61,PB22,10,,Peter Polansky,R,183,CAN,31.693,189,272,4-6 6-1 7-6(5),3,R32,134,16,5,114,77,55,19,15,5,6,14,6,93,50,39,20,14,4,6,TennisMyLife,2020_challenger.csv,2020,2026-08-23T06:37:21.010456+00:00,1013,981d47280b4576e1eed610003765181d,NEW_MATCH,0,,strong kirchheimer,peter polansky,columbus,r32,hard
2020-9194,Columbus,Hard,48,C,,20200224,27,Q941,,,Roberto Quiroz,L,193,ECU,28.003,275,161,HB29,11,,Andrew Harris,R,183,AUS,25.969,188,272,7-6(5) 4-6 6-1,3,R32,119,11,0,94,64,53,12,15,1,2,4,1,96,64,45,19,14,7,9,TennisMyLife,2020_challenger.csv,2020,2026-08-23T06:37:21.010456+00:00,1014,80d4ed28c65806d435f9f8611a1fdf65,NEW_MATCH,0,,roberto quiroz,andrew harris,columbus,r32,hard
2020-9194,Columbus,Hard,48,C,,20200224,28,CC32,,,Guilherme Clezar,R,180,BRA,27.149,270,164,KB95,12,,Jason Kubler,R,178,AUS,26.768,236,205,2-6 7-6(1) 6-4,3,R32,138,7,3,94,59,42,16,15,6,10,8,4,101,75,54,9,15,7,10,TennisMyLife,2020_challenger.csv,2020,2026-08-23T06:37:21.010456+00:00,1015,f921f67f347bcf64973d6a3ce5419319,NEW_MATCH,0,,guilherme clezar,jason kubler,columbus,r32,hard
2020-9194,Columbus,Hard,48,C,,20200224,29,R09X,13,,Jurij Rodionov,L,191,AUT,20.778,172,285,H928,,,Diego Hidalgo,L,180,ECU,26.853,368,100,4-6 6-4 6-4,3,R32,118,13,2,96,77,59,4,15,8,10,10,2,93,60,44,16,15,7,10,TennisMyLife,2020_challenger.csv,2020,2026-08-23T06:37:21.010456+00:00,1016,46d9f220a01ee28d3f2282014134447b,NEW_MATCH,0,,jurij rodionov,diego hidalgo,columbus,r32,hard
2020-9194,Columbus,Hard,48,C,,20200224,30,HB31,,,Johannes Haerteis,L,196,GER,24.005,360,103,FA43,14,,Juan Pablo Ficovich,R,188,ARG,23.083,203,250,6-2 7-6(5),3,R32,82,5,2,62,39,33,11,10,4,6,8,4,77,47,28,14,10,6,10,TennisMyLife,2020_challenger.csv,2020,2026-08-23T06:37:21.010456+00:00,1017,e018846bee328c250774205c4df6537c,NEW_MATCH,0,,johannes haerteis,juan pablo ficovich,columbus,r32,hard
2020-9194,Columbus,Hard,48,C,,20200224,31,N652,15,,JiSung Nam,R,183,KOR,26.527,243,198,GD08,,,Lloyd Glasspool,R,191,GBR,26.264,447,70,6-3 6-2,3,R32,51,6,2,44,23,21,11,8,0,1,0,0,53,38,16,8,9,4,9,TennisMyLife,2020_challenger.csv,2020,2026-08-23T06:37:21.010456+00:00,1018,b8c64b3f1d13f1483f17dda42b377cea,NEW_MATCH,0,,jisung nam,lloyd glasspool,columbus,r32,hard
2020-9194,Columbus,Hard,48,C,,20200224,32,V832,16,,Aleksandar Vukic,R,188,AUS,23.885,254,186,E768,,,Antoine Escoffier,R,185,FRA,27.986,335,115,6-3 7-6(6),3,R32,77,11,4,63,36,30,16,10,0,1,10,3,68,47,33,10,11,4,7,TennisMyLife,2020_challenger.csv,2020,2026-08-23T06:37:21.010456+00:00,1019,2fea400997276813ad0b8685b01c3c22,NEW_MATCH,0,,aleksandar vukic,antoine escoffier,columbus,r32,hard
2020-9194,Columbus,Hard,48,C,,20200224,33,R09X,13,,Jurij Rodionov,L,191,AUT,20.778,172,285,O483,1,,Christopher O'Connell,R,183,AUS,25.728,116,498,6-7(4) 7-6(5) 6-2,3,R16,127,8,4,108,72,54,19,16,3,4,15,0,105,75,55,16,16,5,8,TennisMyLife,2020_challenger.csv,2020,2026-08-23T06:37:21.010456+00:00,1020,49aa8556d66354e8fef98aa3c88ef667,NEW_MATCH,0,,jurij rodionov,christopher o connell,columbus,r16,hard
2020-9194,Columbus,Hard,48,C,,20200224,34,PG94,2,,Marc Polmans,R,188,AUS,22.815,123,442,N652,15,,JiSung Nam,R,183,KOR,26.527,243,198,6-3 7-5,3,R16,82,3,1,60,37,27,18,11,2,3,5,1,64,42,30,8,10,4,7,TennisMyLife,2020_challenger.csv,2020,2026-08-23T06:37:21.010456+00:00,1021,05049e331685d0fb366eab03fed64994,NEW_MATCH,0,,marc polmans,jisung nam,columbus,r16,hard
2020-9194,Columbus,Hard,48,C,,20200224,35,SK94,3,,Cedrik-Marcel Stebe,L,180,GER,29.377,138,390,HB31,,,Johannes Haerteis,L,196,GER,24.005,360,103,6-4 6-1,3,R16,63,4,2,53,35,28,10,9,4,5,5,2,50,35,20,5,8,0,4,TennisMyLife,2020_challenger.csv,2020,2026-08-23T06:37:21.010456+00:00,1022,49f2db10af4d93d44dfce2e7b08262dc,NEW_MATCH,0,,cedrik marcel stebe,johannes haerteis,columbus,r16,hard
2020-9194,Columbus,Hard,48,C,,20200224,36,V832,16,,Aleksandar Vukic,R,188,AUS,23.885,254,186,GA36,4,,Emilio Gomez,R,185,ECU,28.241,149,368,7-6(4) 3-6 7-6(6),3,R16,135,18,3,112,65,48,28,17,2,5,7,3,110,55,40,32,16,3,4,TennisMyLife,2020_challenger.csv,2020,2026-08-23T06:37:21.010456+00:00,1023,c4e58daeb51b1eba0c11f92fa779b740,NEW_MATCH,0,,aleksandar vukic,emilio gomez,columbus,r16,hard
2020-9194,Columbus,Hard,48,C,,20200224,37,I165,5,,Denis Istomin,R,185,UZB,33.465,165,291,CC32,,,Guilherme Clezar,R,180,BRA,27.149,270,164,6-3 6-1,3,R16,55,6,0,48,33,28,7,8,0,0,2,1,45,29,17,6,8,0,4,TennisMyLife,2020_challenger.csv,2020,2026-08-23T06:37:21.010456+00:00,1024,5822e2114e2567fafa8e7f82d22cb319,NEW_MATCH,0,,denis istomin,guilherme clezar,columbus,r16,hard
2020-9194,Columbus,Hard,48,C,,20200224,38,W09G,6,,J.J. Wolf,R,183,USA,21.177,163,303,Q941,,,Roberto Quiroz,L,193,ECU,28.003,275,161,6-2 4-6 6-2,3,R16,96,7,3,65,35,30,20,13,1,2,9,3,102,75,47,11,13,12,16,TennisMyLife,2020_challenger.csv,2020,2026-08-23T06:37:21.010456+00:00,1025,ebcbb50029ab87c9b432d0fc93212e43,NEW_MATCH,0,,j j wolf,roberto quiroz,columbus,r16,hard
2020-9194,Columbus,Hard,48,C,,20200224,39,TC12,8,,Mikael Torpegaard,R,193,DEN,25.799,176,280,L733,,,Zhe Li,R,183,CHN,33.429,208,240,7-6(2) 4-6 6-4,3,R16,133,12,5,111,69,52,17,16,5,9,6,1,95,65,43,16,16,4,8,TennisMyLife,2020_challenger.csv,2020,2026-08-23T06:37:21.010456+00:00,1026,ce10df0cc02dc9825bd9cb5de029d37d,NEW_MATCH,0,,mikael torpegaard,zhe li,columbus,r16,hard
2020-9194,Columbus,Hard,48,C,,20200224,40,U120,,,Kaichi Uchida,R,180,JPN,25.506,326,120,KG27,,,Strong Kirchheimer,R,185,USA,24.832,490,61,6-4 1-6 7-6(4),3,R16,110,8,0,84,48,35,21,14,1,4,15,2,95,63,45,16,15,3,5,TennisMyLife,2020_challenger.csv,2020,2026-08-23T06:37:21.010456+00:00,1027,f056cd16e0c105e291dd4f8133e1c0b1,NEW_MATCH,0,,kaichi uchida,strong kirchheimer,columbus,r16,hard
2020-9194,Columbus,Hard,48,C,,20200224,41,TC12,8,,Mikael Torpegaard,R,193,DEN,25.799,176,280,PG94,2,,Marc Polmans,R,188,AUS,22.815,123,442,7-5 7-6(2),3,QF,104,7,4,64,42,36,10,12,0,2,3,3,84,52,34,14,12,6,9,TennisMyLife,2020_challenger.csv,2020,2026-08-23T06:37:21.010456+00:00,1028,8ff6d8d4e5cb5ebf6ed721c56ddaa2b5,NEW_MATCH,0,,mikael torpegaard,marc polmans,columbus,qf,hard
2020-9194,Columbus,Hard,48,C,,20200224,42,W09G,6,,J.J. Wolf,R,183,USA,21.177,163,303,SK94,3,,Cedrik-Marcel Stebe,L,180,GER,29.377,138,390,5-7 7-6(4) 6-3,3,QF,127,9,5,111,68,52,18,16,5,7,9,5,97,62,49,15,17,0,3,TennisMyLife,2020_challenger.csv,2020,2026-08-23T06:37:21.010456+00:00,1029,d39bac3a23f8b764d1d08280ae88dd38,NEW_MATCH,0,,j j wolf,cedrik marcel stebe,columbus,qf,hard
2020-9194,Columbus,Hard,48,C,,20200224,43,I165,5,,Denis Istomin,R,185,UZB,33.465,165,291,V832,16,,Aleksandar Vukic,R,188,AUS,23.885,254,186,6-3 6-2,3,QF,56,6,3,49,37,32,6,9,1,1,7,1,59,36,25,8,8,4,7,TennisMyLife,2020_challenger.csv,2020,2026-08-23T06:37:21.010456+00:00,1030,b6361b806d8521b9d079ab695b263a63,NEW_MATCH,0,,denis istomin,aleksandar vukic,columbus,qf,hard
2020-9194,Columbus,Hard,48,C,,20200224,44,R09X,13,,Jurij Rodionov,L,191,AUT,20.778,172,285,U120,,,Kaichi Uchida,R,180,JPN,25.506,326,120,7-6(5) 7-6(3),3,QF,79,18,4,80,56,50,10,12,2,3,6,3,77,41,33,22,12,2,3,TennisMyLife,2020_challenger.csv,2020,2026-08-23T06:37:21.010456+00:00,1031,2bc12d055691b63d23e58f1b24a8fc5b,NEW_MATCH,0,,jurij rodionov,kaichi uchida,columbus,qf,hard
2020-9194,Columbus,Hard,48,C,,20200224,45,I165,5,,Denis Istomin,R,185,UZB,33.465,165,291,R09X,13,,Jurij Rodionov,L,191,AUT,20.778,172,285,6-3 7-6(1),3,SF,78,6,2,76,60,45,11,11,1,1,2,2,69,44,34,9,10,7,8,TennisMyLife,2020_challenger.csv,2020,2026-08-23T06:37:21.010456+00:00,1032,08cd876a949ebb64e69907aae8b36c51,NEW_MATCH,0,,denis istomin,jurij rodionov,columbus,sf,hard
2020-9194,Columbus,Hard,48,C,,20200224,46,W09G,6,,J.J. Wolf,R,183,USA,21.177,163,303,TC12,8,,Mikael Torpegaard,R,193,DEN,25.799,176,280,7-6(2) 7-6(5),3,SF,94,11,2,78,49,41,18,12,3,3,11,3,76,55,43,11,12,2,2,TennisMyLife,2020_challenger.csv,2020,2026-08-23T06:37:21.010456+00:00,1033,11921363113e738dbeabf1c37d983354,NEW_MATCH,0,,j j wolf,mikael torpegaard,columbus,sf,hard
2020-9194,Columbus,Hard,48,C,,20200224,47,W09G,6,,J.J. Wolf,R,183,USA,21.177,163,303,I165,5,,Denis Istomin,R,185,UZB,33.465,165,291,6-4 6-2,3,F,69,7,2,57,36,30,11,9,1,1,9,1,74,58,35,7,9,9,12,TennisMyLife,2020_challenger.csv,2020,2026-08-23T06:37:21.010456+00:00,1034,2ebc52a6a05575c53cdfaf5df7ac3557,NEW_MATCH,0,,j j wolf,denis istomin,columbus,f,hard
2020-7351,Monterrey,Hard,48,C,,20200308,1,AC84,,,Collin Altamirano,R,188,USA,24.252,377,96,GC17,,,Oscar Jose Gutierrez,R,170,ESP,26.869,374,97,6-3 6-4,3,R64,69,7,3,47,27,25,10,9,3,4,1,3,66,36,17,17,10,2,6,TennisMyLife,2020_challenger.csv,2020,2026-08-23T06:37:21.010456+00:00,1035,0543408e4645f7a2a8b6fe045dcb4d58,NEW_MATCH,0,,collin altamirano,oscar jose gutierrez,monterrey,r64,hard
2020-7351,Monterrey,Hard,48,C,,20200308,2,BV27,,,Ulises Blanch,R,188,USA,21.955,269,172,G985,,,Carlos Gomez-Herrera,R,191,ESP,29.856,422,80,6-3 6-1,3,R64,49,10,2,41,27,23,10,8,0,0,1,4,45,30,20,3,8,2,6,TennisMyLife,2020_challenger.csv,2020,2026-08-23T06:37:21.010456+00:00,1036,172e4c6ee94ab0fed11665af4be1d78a,NEW_MATCH,0,,ulises blanch,carlos gomez herrera,monterrey,r64,hard
2020-7351,Monterrey,Hard,48,C,,20200308,3,BJ05,,,Harry Bourchier,R,185,AUS,24.12,304,133,AE14,,,Daniel Altmaier,R,188,GER,21.487,214,230,2-6 6-4 6-2,3,R64,91,9,2,84,55,39,16,13,5,7,3,4,70,45,33,14,13,2,5,TennisMyLife,2020_challenger.csv,2020,2026-08-23T06:37:21.010456+00:00,1037,1a54371788970a0dd7a5a2e2c91d2607,NEW_MATCH,0,,harry bourchier,daniel altmaier,monterrey,r64,hard
2020-7351,Monterrey,Hard,48,C,,20200308,4,CO06,,,Liam Caruana,R,178,ITA,22.125,428,79,V620,,,Agustin Velotti,R,,ARG,27.789,416,81,1-6 6-4 6-3,3,R64,108,5,5,90,47,30,22,13,5,8,7,5,84,40,26,24,13,7,10,TennisMyLife,2020_challenger.csv,2020,2026-08-23T06:37:21.010456+00:00,1038,e12d091a8ffb91a13e100b715f351549,NEW_MATCH,0,,liam caruana,agustin velotti,monterrey,r64,hard
2020-7351,Monterrey,Hard,48,C,,20200308,5,CC32,,,Guilherme Clezar,R,180,BRA,27.184,271,168,M0AW,,,Nicolas Mejia,R,183,COL,20.071,426,80,6-1 6-4,3,R64,63,6,1,37,29,26,6,8,0,0,5,7,70,48,30,6,9,8,12,TennisMyLife,2020_challenger.csv,2020,2026-08-23T06:37:21.010456+00:00,1039,d1ed2e5171310134ebc6a94b7c3337ca,NEW_MATCH,0,,guilherme clezar,nicolas mejia,monterrey,r64,hard
2020-7351,Monterrey,Hard,48,C,,20200308,6,E865,,,Christopher Eubanks,R,201,USA,23.841,231,209,LF26,,,Orlando Luz,R,180,BRA,22.078,298,137,7-6(2) 3-6 7-5,3,R64,137,18,7,100,67,48,15,16,3,7,6,5,122,76,53,18,17,8,12,TennisMyLife,2020_challenger.csv,2020,2026-08-23T06:37:21.010456+00:00,1040,85611a6547349a5c3963505033e38479,NEW_MATCH,0,,christopher eubanks,orlando luz,monterrey,r64,hard
2020-7351,Monterrey,Hard,48,C,,20200308,7,KB14,,,Kevin King,L,191,USA,29.024,306,132,O482,,,Gonzalo Oliveira,L,185,VEN,25.054,278,161,6-1 6-2,3,R64,53,8,1,46,27,22,11,8,1,1,0,2,41,23,13,7,7,3,7,TennisMyLife,2020_challenger.csv,2020,2026-08-23T06:37:21.010456+00:00,1041,d855089464f9641fb709621f8e63fcfd,NEW_MATCH,0,,kevin king,gonzalo oliveira,monterrey,r64,hard
2020-7351,Monterrey,Hard,48,C,,20200308,8,KB37,,,Evan King,L,185,USA,27.953,406,84,EA24,,,Tomas Martin Etcheverry,R,196,ARG,20.641,331,117,6-4 6-4,3,R64,68,5,2,58,43,31,9,10,2,3,3,4,56,31,19,15,10,2,5,TennisMyLife,2020_challenger.csv,2020,2026-08-23T06:37:21.010456+00:00,1042,1fecbd3588f95cc9b7a8b3ad624c8c63,NEW_MATCH,0,,evan king,tomas martin etcheverry,monterrey,r64,hard
2020-7351,Monterrey,Hard,48,C,,20200308,9,KB95,,,Jason Kubler,R,178,AUS,26.804,235,205,FA43,,,Juan Pablo Ficovich,R,188,ARG,23.118,198,250,7-6(5) 6-3,3,R64,100,9,8,82,41,27,21,11,7,9,6,3,67,38,28,11,10,2,5,TennisMyLife,2020_challenger.csv,2020,2026-08-23T06:37:21.010456+00:00,1043,6eeaa44ea7e00571966bac706776fd1e,NEW_MATCH,0,,jason kubler,juan pablo ficovich,monterrey,r64,hard
2020-7351,Monterrey,Hard,48,C,,20200308,10,MB53,,,Adrian Menendez-Maceiras,R,183,ESP,34.36,268,174,PE42,,,Luis Patino,R,183,MEX,26.42,1038,9,6-0 6-4,3,R64,66,0,3,43,23,17,13,8,1,2,3,4,52,33,16,9,8,4,9,TennisMyLife,2020_challenger.csv,2020,2026-08-23T06:37:21.010456+00:00,1044,4fd775e3e77c3d2b2b728ad8acb984f2,NEW_MATCH,0,,adrian menendez maceiras,luis patino,monterrey,r64,hard
2020-7351,Monterrey,Hard,48,C,,20200308,11,M0HU,,,Shintaro Mochizuki,R,175,JPN,16.767,808,18,H0CD,,,Alex Hernandez,R,175,MEX,20.709,830,17,6-3 4-6 6-2,3,R64,128,4,6,89,54,37,16,13,9,12,0,5,106,80,44,11,14,13,19,TennisMyLife,2020_challenger.csv,2020,2026-08-23T06:37:21.010456+00:00,1045,f25fbdedda8becf12a58b5ae9479ccb6,NEW_MATCH,0,,shintaro mochizuki,alex hernandez,monterrey,r64,hard
2020-7351,Monterrey,Hard,48,C,,20200308,12,MP83,,,Gian Marco Moroni,R,185,ITA,22.064,242,202,PH71,,,Max Purcell,R,185,AUS,21.93,212,233,6-3 3-0 RET,3,R64,51,3,3,42,19,16,10,6,1,2,1,1,33,18,9,6,6,1,5,TennisMyLife,2020_challenger.csv,2020,2026-08-23T06:37:21.010456+00:00,1046,0ae35326dd3863e94cbd969a42a1b979,NEW_MATCH,0,,gian marco moroni,max purcell,monterrey,r64,hard
2020-7351,Monterrey,Hard,48,C,,20200308,13,SJ55,,,John-Patrick Smith,L,188,AUS,31.118,319,125,C0GN,,,Milledge Cossu,R,178,USA,18.281,,,6-1 6-0,3,R64,47,7,0,31,22,18,7,6,2,2,1,7,54,26,12,9,7,3,9,TennisMyLife,2020_challenger.csv,2020,2026-08-23T06:37:21.010456+00:00,1047,ac215ac693d1adbfeec2968f7d9b9031,NEW_MATCH,0,,john patrick smith,milledge cossu,monterrey,r64,hard
2020-7351,Monterrey,Hard,48,C,,20200308,14,V832,,,Aleksandar Vukic,R,188,AUS,23.921,244,201,LB51,,,Julian Lenz,R,188,GER,27.053,247,198,6-3 6-3,3,R64,62,10,2,48,24,19,16,9,0,1,6,3,56,23,18,10,9,7,11,TennisMyLife,2020_challenger.csv,2020,2026-08-23T06:37:21.010456+00:00,1048,86dd2e01122d0edd932620963fd4e12e,NEW_MATCH,0,,aleksandar vukic,julian lenz,monterrey,r64,hard
2020-7351,Monterrey,Hard,48,C,,20200308,15,W503,,,James Ward,R,188,GBR,33.076,274,165,BU54,,,Geoffrey Blancaneaux,R,180,FRA,21.582,264,176,6-4 6-2,3,R64,64,3,4,49,24,17,17,9,1,2,2,3,53,35,19,10,9,4,8,TennisMyLife,2020_challenger.csv,2020,2026-08-23T06:37:21.010456+00:00,1049,f9ae6db1ba161e03c2ec311cf59ed291,NEW_MATCH,0,,james ward,geoffrey blancaneaux,monterrey,r64,hard
2020-7351,Monterrey,Hard,48,C,,20200308,16,Y124,,,Donald Young,L,183,USA,30.626,309,130,DB93,,,Matias Franco Descotte,R,191,ARG,25.525,644,32,7-5 6-3,3,R64,87,7,6,64,33,25,17,11,1,3,4,1,70,30,22,17,10,3,7,TennisMyLife,2020_challenger.csv,2020,2026-08-23T06:37:21.010456+00:00,1050,7d56073d294b5b999433226ed8a14b7d,NEW_MATCH,0,,donald young,matias franco descotte,monterrey,r64,hard
2020-7351,Monterrey,Hard,48,C,,20200308,17,ME82,,,Adrian Mannarino,L,180,FRA,31.691,41,1111,BJ05,,,Harry Bourchier,R,185,AUS,24.12,304,133,6-2 6-4,3,R32,84,3,2,61,34,25,18,9,3,3,4,5,72,33,20,19,9,6,9,TennisMyLife,2020_challenger.csv,2020,2026-08-23T06:37:21.010456+00:00,1051,dbc05794c469a10df73b8687752ae1a0,NEW_MATCH,0,,adrian mannarino,harry bourchier,monterrey,r32,hard
2020-7351,Monterrey,Hard,48,C,,20200308,18,V832,,,Aleksandar Vukic,R,188,AUS,23.921,244,201,L397,2,,Feliciano Lopez,L,188,ESP,38.464,56,908,6-3 3-6 6-3,3,R32,92,15,3,76,44,35,22,14,1,2,15,5,85,51,40,14,13,7,9,TennisMyLife,2020_challenger.csv,2020,2026-08-23T06:37:21.010456+00:00,1052,3506e536b36c53d71b2c3943cd890935,NEW_MATCH,0,,aleksandar vukic,feliciano lopez,monterrey,r32,hard
2020-7351,Monterrey,Hard,48,C,,20200308,19,A596,3,,Pablo Andujar,R,180,ESP,34.122,54,932,Y124,,,Donald Young,L,183,USA,30.626,309,130,6-3 6-1,3,R32,68,3,2,43,24,21,12,8,1,1,1,6,70,43,28,7,8,11,15,TennisMyLife,2020_challenger.csv,2020,2026-08-23T06:37:21.010456+00:00,1053,d28d3b5b25b487c49f9010ad8750d365,NEW_MATCH,0,,pablo andujar,donald young,monterrey,r32,hard
2020-7351,Monterrey,Hard,48,C,,20200308,20,BE90,4,,Ricardas Berankis,R,175,LTU,29.714,72,731,M0HU,,,Shintaro Mochizuki,R,175,JPN,16.767,808,18,7-5 6-4,3,R32,88,5,0,63,45,34,9,11,4,6,2,7,68,37,25,13,11,0,4,TennisMyLife,2020_challenger.csv,2020,2026-08-23T06:37:21.010456+00:00,1054,261ffabb0a808a48574cfe3d72604c03,NEW_MATCH,0,,ricardas berankis,shintaro mochizuki,monterrey,r32,hard
2020-7351,Monterrey,Hard,48,C,,20200308,21,CC32,,,Guilherme Clezar,R,180,BRA,27.184,271,168,CE77,5,,Federico Coria,R,180,ARG,27.997,103,569,6-1 6-7(5) 7-6(5),3,R32,135,4,3,106,67,50,24,16,1,3,5,1,105,83,57,10,15,5,9,TennisMyLife,2020_challenger.csv,2020,2026-08-23T06:37:21.010456+00:00,1055,d2703478d33cc97283f0bbfb64255f8b,NEW_MATCH,0,,guilherme clezar,federico coria,monterrey,r32,hard
2020-7351,Monterrey,Hard,48,C,,20200308,22,J380,6,,Jason Jung,R,180,TPE,30.73,120,452,AC84,,,Collin Altamirano,R,188,USA,24.252,377,96,7-6(2) 6-7(6) 7-6(6),3,R32,178,4,7,132,74,56,28,18,6,9,7,5,134,86,56,23,18,3,6,TennisMyLife,2020_challenger.csv,2020,2026-08-23T06:37:21.010456+00:00,1056,e521dcb7ce4c0f4346fa086dfbe52ee0,NEW_MATCH,0,,jason jung,collin altamirano,monterrey,r32,hard
2020-7351,Monterrey,Hard,48,C,,20200308,23,L503,7,,Paolo Lorenzi,R,183,ITA,38.229,122,446,W503,,,James Ward,R,188,GBR,33.076,274,165,6-3 6-7(2) 6-3,3,R32,142,12,6,92,44,38,29,16,4,4,7,6,96,50,37,25,14,4,6,TennisMyLife,2020_challenger.csv,2020,2026-08-23T06:37:21.010456+00:00,1057,9218e7fed7ce97cadbdc4ab59b327a7c,NEW_MATCH,0,,paolo lorenzi,james ward,monterrey,r32,hard
2020-7351,Monterrey,Hard,48,C,,20200308,24,MP83,,,Gian Marco Moroni,R,185,ITA,22.064,242,202,GB53,8,,Federico Gaio,R,178,ITA,28.008,130,412,6-4 6-7(4) 6-2,3,R32,128,10,3,83,49,40,22,15,0,2,2,4,102,48,32,27,15,11,16,TennisMyLife,2020_challenger.csv,2020,2026-08-23T06:37:21.010456+00:00,1058,904b6496a9f7986f74bc2a5fd25c6af5,NEW_MATCH,0,,gian marco moroni,federico gaio,monterrey,r32,hard
2020-7351,Monterrey,Hard,48,C,,20200308,25,GA79,9,,Lorenzo Giustino,R,180,ITA,28.493,153,348,E865,,,Christopher Eubanks,R,201,USA,23.841,231,209,3-6 6-4 6-4,3,R32,111,9,3,99,63,45,16,15,7,10,12,4,105,75,55,10,14,8,11,TennisMyLife,2020_challenger.csv,2020,2026-08-23T06:37:21.010456+00:00,1059,09663567a5a0a71e002ce762309f67fa,NEW_MATCH,0,,lorenzo giustino,christopher eubanks,monterrey,r32,hard
2020-7351,Monterrey,Hard,48,C,,20200308,26,SJ55,,,John-Patrick Smith,L,188,AUS,31.118,319,125,D916,10,,Steven Diez,R,175,CAN,28.977,165,315,6-1 6-0,3,R32,55,7,1,46,37,28,5,7,4,4,0,6,43,27,11,6,6,3,8,TennisMyLife,2020_challenger.csv,2020,2026-08-23T06:37:21.010456+00:00,1060,fe354fab560e06462c39519d2c82a904,NEW_MATCH,0,,john patrick smith,steven diez,monterrey,r32,hard
2020-7351,Monterrey,Hard,48,C,,20200308,27,BV27,,,Ulises Blanch,R,188,USA,21.955,269,172,T840,11,,Viktor Troicki,R,193,SRB,34.073,180,281,7-6(3) 4-6 6-3,3,R32,106,11,5,95,53,39,28,16,4,6,8,4,91,59,43,16,15,3,5,TennisMyLife,2020_challenger.csv,2020,2026-08-23T06:37:21.010456+00:00,1061,ef04bac2eaf0502fad97a392914928e2,NEW_MATCH,0,,ulises blanch,viktor troicki,monterrey,r32,hard
2020-7351,Monterrey,Hard,48,C,,20200308,28,KB14,,,Kevin King,L,191,USA,29.024,306,132,SP24,12,,Brayden Schnur,R,193,CAN,24.679,176,286,6-4 6-7(4) 7-5,3,R32,133,8,0,95,58,51,21,17,1,2,7,7,110,67,49,22,17,4,7,TennisMyLife,2020_challenger.csv,2020,2026-08-23T06:37:21.010456+00:00,1062,dc68eae2111c2ae238a8db7863fc8437,NEW_MATCH,0,,kevin king,brayden schnur,monterrey,r32,hard
2020-7351,Monterrey,Hard,48,C,,20200308,29,HB29,13,,Andrew Harris,R,183,AUS,26.004,204,243,CO06,,,Liam Caruana,R,178,ITA,22.125,428,79,6-3 6-1,3,R32,58,2,2,39,23,21,11,8,0,0,4,4,60,29,18,12,8,4,8,TennisMyLife,2020_challenger.csv,2020,2026-08-23T06:37:21.010456+00:00,1063,b2f56430024ef99ee2c8b9480864e9a5,NEW_MATCH,0,,andrew harris,liam caruana,monterrey,r32,hard
2020-7351,Monterrey,Hard,48,C,,20200308,30,PB22,14,,Peter Polansky,R,183,CAN,31.729,191,267,KB37,,,Evan King,L,185,USA,27.953,406,84,6-2 6-3,3,R32,68,9,2,60,36,27,15,9,3,3,5,1,48,24,17,9,8,2,5,TennisMyLife,2020_challenger.csv,2020,2026-08-23T06:37:21.010456+00:00,1064,7174f3dd43c381ecd40ab6e824957273,NEW_MATCH,0,,peter polansky,evan king,monterrey,r32,hard
2020-7351,Monterrey,Hard,48,C,,20200308,31,TA46,15,,Bernard Tomic,R,196,AUS,27.379,203,245,MB53,,,Adrian Menendez-Maceiras,R,183,ESP,34.36,268,174,6-3 6-7(2) 6-3,3,R32,118,10,3,101,58,45,27,16,2,2,10,4,94,57,44,17,14,4,6,TennisMyLife,2020_challenger.csv,2020,2026-08-23T06:37:21.010456+00:00,1065,2bcbc37276f97633ec3d836d93d7afe1,NEW_MATCH,0,,bernard tomic,adrian menendez maceiras,monterrey,r32,hard
2020-7351,Monterrey,Hard,48,C,,20200308,32,E873,16,,Ernesto Escobedo,R,185,MEX,23.677,200,249,KB95,,,Jason Kubler,R,178,AUS,26.804,235,205,6-1 6-2,3,R32,49,11,0,36,25,24,8,8,0,0,2,5,36,16,10,7,7,1,5,TennisMyLife,2020_challenger.csv,2020,2026-08-23T06:37:21.010456+00:00,1066,08fa4f68b1a7e3b1963b8d723a81ba69,NEW_MATCH,0,,ernesto escobedo,jason kubler,monterrey,r32,hard
2020-7351,Monterrey,Hard,48,C,,20200308,33,ME82,,,Adrian Mannarino,L,180,FRA,31.691,41,1111,PB22,14,,Peter Polansky,R,183,CAN,31.729,191,267,6-1 6-2,3,R16,61,4,5,45,20,18,13,8,2,3,2,4,50,21,10,13,7,2,7,TennisMyLife,2020_challenger.csv,2020,2026-08-23T06:37:21.010456+00:00,1067,42ab9b874d545671b759ba6692b8d947,NEW_MATCH,0,,adrian mannarino,peter polansky,monterrey,r16,hard
2020-7351,Monterrey,Hard,48,C,,20200308,34,A596,3,,Pablo Andujar,R,180,ESP,34.122,54,932,HB29,13,,Andrew Harris,R,183,AUS,26.004,204,243,6-2 6-2,3,R16,73,1,4,50,28,20,9,8,3,5,2,4,52,31,15,7,8,6,12,TennisMyLife,2020_challenger.csv,2020,2026-08-23T06:37:21.010456+00:00,1068,c89b76832890e8c5ae0500cfd1f6b504,NEW_MATCH,0,,pablo andujar,andrew harris,monterrey,r16,hard
2020-7351,Monterrey,Hard,48,C,,20200308,35,E873,16,,Ernesto Escobedo,R,185,MEX,23.677,200,249,BE90,4,,Ricardas Berankis,R,175,LTU,29.714,72,731,7-6(5) 7-6(5),3,R16,103,14,3,81,53,41,12,12,8,11,5,3,79,43,30,18,12,2,5,TennisMyLife,2020_challenger.csv,2020,2026-08-23T06:37:21.010456+00:00,1069,0de693f0812b933551cd8ded3024d50d,NEW_MATCH,0,,ernesto escobedo,ricardas berankis,monterrey,r16,hard
2020-7351,Monterrey,Hard,48,C,,20200308,36,J380,6,,Jason Jung,R,180,TPE,30.73,120,452,GA79,9,,Lorenzo Giustino,R,180,ITA,28.493,153,348,6-1 6-2,3,R16,60,0,0,39,25,19,8,7,2,3,1,2,52,26,13,8,8,2,8,TennisMyLife,2020_challenger.csv,2020,2026-08-23T06:37:21.010456+00:00,1070,1f4e16f5b448fcb775ae55c587717630,NEW_MATCH,0,,jason jung,lorenzo giustino,monterrey,r16,hard
2020-7351,Monterrey,Hard,48,C,,20200308,37,BV27,,,Ulises Blanch,R,188,USA,21.955,269,172,L503,7,,Paolo Lorenzi,R,183,ITA,38.229,122,446,6-4 5-7 6-4,3,R16,137,6,2,101,47,35,30,16,3,6,5,8,84,50,36,18,16,3,7,TennisMyLife,2020_challenger.csv,2020,2026-08-23T06:37:21.010456+00:00,1071,9e257ad80630d616ae03478a5a37c30d,NEW_MATCH,0,,ulises blanch,paolo lorenzi,monterrey,r16,hard
2020-7351,Monterrey,Hard,48,C,,20200308,38,V832,,,Aleksandar Vukic,R,188,AUS,23.921,244,201,TA46,15,,Bernard Tomic,R,196,AUS,27.379,203,245,6-4 6-4,3,R16,59,15,0,48,36,32,9,10,0,0,7,2,71,34,25,18,10,3,5,TennisMyLife,2020_challenger.csv,2020,2026-08-23T06:37:21.010456+00:00,1072,17570b7af71a8d3b6ef66e0376bd25a1,NEW_MATCH,0,,aleksandar vukic,bernard tomic,monterrey,r16,hard
2020-7351,Monterrey,Hard,48,C,,20200308,39,KB14,,,Kevin King,L,191,USA,29.024,306,132,CC32,,,Guilherme Clezar,R,180,BRA,27.184,271,168,7-6(4) 4-6 6-4,3,R16,159,10,2,98,64,46,17,16,7,10,4,6,128,88,58,21,16,13,16,TennisMyLife,2020_challenger.csv,2020,2026-08-23T06:37:21.010456+00:00,1073,9ba737e80842bfcc159a0898019e0958,NEW_MATCH,0,,kevin king,guilherme clezar,monterrey,r16,hard
2020-7351,Monterrey,Hard,48,C,,20200308,40,SJ55,,,John-Patrick Smith,L,188,AUS,31.118,319,125,MP83,,,Gian Marco Moroni,R,185,ITA,22.064,242,202,7-6(7) 6-1,3,R16,76,3,1,63,45,32,13,10,4,5,3,3,55,31,24,10,9,1,4,TennisMyLife,2020_challenger.csv,2020,2026-08-23T06:37:21.010456+00:00,1074,3d0ea20a25aba68d1a596bc203eebfbe,NEW_MATCH,0,,john patrick smith,gian marco moroni,monterrey,r16,hard
2020-7351,Monterrey,Hard,48,C,,20200308,41,ME82,,,Adrian Mannarino,L,180,FRA,31.691,41,1111,SJ55,,,John-Patrick Smith,L,188,AUS,31.118,319,125,6-4 6-1,3,QF,69,3,2,40,19,14,14,8,1,3,1,3,59,41,20,5,9,4,10,TennisMyLife,2020_challenger.csv,2020,2026-08-23T06:37:21.010456+00:00,1075,d6d9d2ce1b2991bb7f4fcf64c859138b,NEW_MATCH,0,,adrian mannarino,john patrick smith,monterrey,qf,hard
2020-7351,Monterrey,Hard,48,C,,20200308,42,BV27,,,Ulises Blanch,R,188,USA,21.955,269,172,A596,3,,Pablo Andujar,R,180,ESP,34.122,54,932,3-6 7-6(4) 7-5,3,QF,142,12,6,101,53,39,22,16,5,9,1,7,105,65,47,20,17,3,7,TennisMyLife,2020_challenger.csv,2020,2026-08-23T06:37:21.010456+00:00,1076,627aabd9dad9ca86933818764c91b2fa,NEW_MATCH,0,,ulises blanch,pablo andujar,monterrey,qf,hard
2020-7351,Monterrey,Hard,48,C,,20200308,43,E873,16,,Ernesto Escobedo,R,185,MEX,23.677,200,249,J380,6,,Jason Jung,R,180,TPE,30.73,120,452,6-2 6-2,3,QF,59,3,0,38,22,19,10,8,0,1,1,2,49,33,17,6,8,1,6,TennisMyLife,2020_challenger.csv,2020,2026-08-23T06:37:21.010456+00:00,1077,4ddb1495d44cde12c675b54134f2e34e,NEW_MATCH,0,,ernesto escobedo,jason jung,monterrey,qf,hard
2020-7351,Monterrey,Hard,48,C,,20200308,44,V832,,,Aleksandar Vukic,R,188,AUS,23.921,244,201,KB14,,,Kevin King,L,191,USA,29.024,306,132,6-0 6-3,3,QF,61,4,1,45,28,23,9,7,2,2,0,1,60,37,19,9,8,4,9,TennisMyLife,2020_challenger.csv,2020,2026-08-23T06:37:21.010456+00:00,1078,a6235e77ac79508dbd51b87db62b9ab3,NEW_MATCH,0,,aleksandar vukic,kevin king,monterrey,qf,hard
2020-7351,Monterrey,Hard,48,C,,20200308,45,ME82,,,Adrian Mannarino,L,180,FRA,31.691,41,1111,BV27,,,Ulises Blanch,R,188,USA,21.955,269,172,6-2 6-4,3,SF,69,7,2,50,30,25,14,9,1,1,7,4,58,35,25,7,9,2,5,TennisMyLife,2020_challenger.csv,2020,2026-08-23T06:37:21.010456+00:00,1079,b6a0e9c7f5e47d18f58c5205b4295952,NEW_MATCH,0,,adrian mannarino,ulises blanch,monterrey,sf,hard
2020-7351,Monterrey,Hard,48,C,,20200308,46,V832,,,Aleksandar Vukic,R,188,AUS,23.921,244,201,E873,16,,Ernesto Escobedo,R,185,MEX,23.677,200,249,6-7(3) 7-6(5) 7-6(4),3,SF,142,31,5,117,77,65,24,18,2,2,14,4,129,69,51,39,18,3,3,TennisMyLife,2020_challenger.csv,2020,2026-08-23T06:37:21.010456+00:00,1080,ef2edf54a387fc7a980ad80728fcd5a5,NEW_MATCH,0,,aleksandar vukic,ernesto escobedo,monterrey,sf,hard
2020-7351,Monterrey,Hard,48,C,,20200308,47,ME82,,,Adrian Mannarino,L,180,FRA,31.691,41,1111,V832,,,Aleksandar Vukic,R,188,AUS,23.921,244,201,6-1 6-3,3,F,59,8,3,49,28,25,10,8,2,2,4,2,50,31,20,4,8,3,7,TennisMyLife,2020_challenger.csv,2020,2026-08-23T06:37:21.010456+00:00,1081,1600cba00d87abf9430f5f269f79f518,NEW_MATCH,0,,adrian mannarino,aleksandar vukic,monterrey,f,hard
2020-7851,Indian Wells,Hard,48,C,,20200308,1,J620,,,Maxime Janvier,R,196,FRA,23.387,189,270,KA98,,,Bradley Klahn,L,183,USA,29.55,126,436,6-4 6-4,3,R64,77,1,2,53,43,37,4,10,1,1,3,4,80,50,32,15,10,5,7,TennisMyLife,2020_challenger.csv,2020,2026-08-23T06:37:21.010456+00:00,1082,587522641c0209c41efd0609ce705be1,NEW_MATCH,0,,maxime janvier,bradley klahn,indian wells,r64,hard
2020-7851,Indian Wells,Hard,48,C,,20200308,2,K0AH,,,Sebastian Korda,R,196,USA,19.674,225,213,H09P,,,Brandon Holt,R,185,USA,21.922,561,45,6-3 6-1,3,R64,57,4,0,45,25,19,14,8,3,4,1,3,44,28,15,4,8,1,6,TennisMyLife,2020_challenger.csv,2020,2026-08-23T06:37:21.010456+00:00,1083,27f1de38ecf449948c8cfac4dc684511,NEW_MATCH,0,,sebastian korda,brandon holt,indian wells,r64,hard
2020-7851,Indian Wells,Hard,48,C,,20200308,3,KC12,,,Mitchell Krueger,R,188,USA,26.152,220,219,SC56,,,Dudi Sela,R,175,ISR,34.927,199,249,0-6 7-6(4) 7-5,3,R64,136,3,5,106,62,40,23,15,6,11,1,2,89,65,40,17,15,3,6,TennisMyLife,2020_challenger.csv,2020,2026-08-23T06:37:21.010456+00:00,1084,214ab9be3ccb21dbe864fac7c1c72c77,NEW_MATCH,0,,mitchell krueger,dudi sela,indian wells,r64,hard
2020-7851,Indian Wells,Hard,48,C,,20200308,4,KD35,,,Thai-Son Kwiatkowski,R,188,USA,25.065,185,276,CH27,,,Hyeon Chung,R,188,KOR,23.803,142,383,7-6(2) 6-2,3,R64,81,7,1,60,34,32,16,10,2,2,2,4,60,30,22,16,10,0,2,TennisMyLife,2020_challenger.csv,2020,2026-08-23T06:37:21.010456+00:00,1085,6c175faca457ee2374f203277907b6b2,NEW_MATCH,0,,thai son kwiatkowski,hyeon chung,indian wells,r64,hard
2020-7851,Indian Wells,Hard,48,C,,20200308,5,MJ01,,,Roberto Marcora,R,193,ITA,30.522,163,321,BP44,,,Gage Brymer,R,185,USA,25.081,444,74,6-4 6-3,3,R64,77,6,1,59,35,27,13,10,2,3,0,2,55,44,25,5,9,3,6,TennisMyLife,2020_challenger.csv,2020,2026-08-23T06:37:21.010456+00:00,1086,193218798a4dcdae41f3eeee98188fad,NEW_MATCH,0,,roberto marcora,gage brymer,indian wells,r64,hard
2020-7851,Indian Wells,Hard,48,C,,20200308,6,MK66,,,Mackenzie McDonald,R,178,USA,24.895,272,167,MM79,,,Blake Mott,R,180,AUS,23.88,440,74,6-0 6-4,3,R64,59,5,1,42,32,25,7,8,0,0,2,3,49,31,16,7,8,5,9,TennisMyLife,2020_challenger.csv,2020,2026-08-23T06:37:21.010456+00:00,1087,c97df80bd97345770c4293d31cba9d03,NEW_MATCH,0,,mackenzie mcdonald,blake mott,indian wells,r64,hard
2020-7851,Indian Wells,Hard,48,C,,20200308,7,MP01,,,Michael Mmoh,R,188,USA,22.157,184,276,SQ80,,,Akira Santillan,R,180,AUS,22.795,258,182,6-0 6-3,3,R64,54,0,1,48,33,28,7,8,2,2,1,4,43,23,12,9,7,3,7,TennisMyLife,2020_challenger.csv,2020,2026-08-23T06:37:21.010456+00:00,1088,ab4cf69f4083312f2198675cab52450f,NEW_MATCH,0,,michael mmoh,akira santillan,indian wells,r64,hard
2020-7851,Indian Wells,Hard,48,C,,20200308,8,N0AE,,,Brandon Nakashima,R,188,USA,18.595,255,184,BI23,,,Liam Broady,L,183,GBR,26.174,209,240,6-2 6-3,3,R64,73,3,2,46,26,21,11,8,1,2,1,2,65,40,24,7,9,5,10,TennisMyLife,2020_challenger.csv,2020,2026-08-23T06:37:21.010456+00:00,1089,7bb44ad6a3140539d5e4b9cb54e3887b,NEW_MATCH,0,,brandon nakashima,liam broady,indian wells,r64,hard
2020-7851,Indian Wells,Hard,48,C,,20200308,9,PH78,,,Ryan Peniston,L,180,GBR,24.326,393,88,S0DQ,,,Keegan Smith,R,201,USA,21.708,754,21,7-6(5) 6-4,3,R64,100,0,3,82,57,41,12,11,10,11,5,0,67,44,29,15,11,5,7,TennisMyLife,2020_challenger.csv,2020,2026-08-23T06:37:21.010456+00:00,1090,4a89854d51c7024b685843761ca992cc,NEW_MATCH,0,,ryan peniston,keegan smith,indian wells,r64,hard
2020-7851,Indian Wells,Hard,48,C,,20200308,10,PG94,,,Marc Polmans,R,188,AUS,22.85,119,457,N0AL,,,Govind Nanda,R,178,USA,19.053,689,27,6-2 6-3,3,R64,69,1,2,56,32,26,14,9,4,4,1,1,45,28,19,7,8,1,4,TennisMyLife,2020_challenger.csv,2020,2026-08-23T06:37:21.010456+00:00,1091,94fcc2de225716c17d3abe87caa3e6b4,NEW_MATCH,0,,marc polmans,govind nanda,indian wells,r64,hard
2020-7851,Indian Wells,Hard,48,C,,20200308,11,RC62,,,Michael Redlicki,L,203,USA,26.308,353,108,L733,,,Zhe Li,R,183,CHN,33.465,201,248,6-2 6-2,3,R64,80,2,3,58,42,30,8,8,4,4,1,3,58,36,22,6,8,3,7,TennisMyLife,2020_challenger.csv,2020,2026-08-23T06:37:21.010456+00:00,1092,c0054fc5f10282d8b6c0389baedfdd31,NEW_MATCH,0,,michael redlicki,zhe li,indian wells,r64,hard
2020-7851,Indian Wells,Hard,48,C,,20200308,12,RC96,,,Noah Rubin,R,175,USA,24.044,250,194,PE02,,,Danilo Petrovic,R,203,SRB,28.12,157,337,3-6 7-6(4) 6-1,3,R64,95,3,3,88,59,40,18,15,2,5,5,4,78,47,34,14,13,3,6,TennisMyLife,2020_challenger.csv,2020,2026-08-23T06:37:21.010456+00:00,1093,97d8b71e2cb8773c0030941318608a23,NEW_MATCH,0,,noah rubin,danilo petrovic,indian wells,r64,hard
2020-7851,Indian Wells,Hard,48,C,,20200308,13,SL09,,,Raymond Sarmiento,R,178,USA,27.622,392,88,CA99,,,Marius Copil,R,191,ROU,29.391,183,277,6-3 6-3,3,R64,61,2,1,48,31,28,9,9,1,1,3,0,53,34,20,11,9,0,3,TennisMyLife,2020_challenger.csv,2020,2026-08-23T06:37:21.010456+00:00,1094,ff46769cef3b7dfe09a7f2a0ea140258,NEW_MATCH,0,,raymond sarmiento,marius copil,indian wells,r64,hard
2020-7851,Indian Wells,Hard,48,C,,20200308,14,SM25,,,Jack Sock,R,191,USA,27.452,768,20,U120,,,Kaichi Uchida,R,180,JPN,25.541,308,132,6-1 5-7 6-2,3,R64,102,6,1,80,47,38,15,14,4,6,4,4,78,49,33,12,13,2,7,TennisMyLife,2020_challenger.csv,2020,2026-08-23T06:37:21.010456+00:00,1095,7f99596ab849bd744ef94ddba8e634aa,NEW_MATCH,0,,jack sock,kaichi uchida,indian wells,r64,hard
2020-7851,Indian Wells,Hard,48,C,,20200308,15,V09L,,,Sem Verbeek,L,193,NED,25.906,978,10,C0BC,,,Maxime Cressy,R,201,USA,22.834,164,320,7-6(4) 6-3,3,R64,103,3,4,74,41,27,18,11,2,5,8,13,73,45,32,8,10,6,10,TennisMyLife,2020_challenger.csv,2020,2026-08-23T06:37:21.010456+00:00,1096,2bc90a844533e309799523ca786ac8e3,NEW_MATCH,0,,sem verbeek,maxime cressy,indian wells,r64,hard
2020-7851,Indian Wells,Hard,48,C,,20200308,16,Z168,,,Mischa Zverev,L,191,GER,32.545,256,182,AB71,,,JC Aragone,R,178,USA,24.695,275,164,5-7 6-0 7-6(6),3,R64,165,6,4,127,85,53,20,15,18,22,1,6,115,78,48,15,15,8,14,TennisMyLife,2020_challenger.csv,2020,2026-08-23T06:37:21.010456+00:00,1097,ee08731e64cf54da209628dd8a9a91de,NEW_MATCH,0,,mischa zverev,jc aragone,indian wells,r64,hard
2020-7851,Indian Wells,Hard,48,C,,20200308,17,SM25,,,Jack Sock,R,191,USA,27.452,768,20,HH26,,,Ugo Humbert,L,188,FRA,21.7,42,1111,7-6(5) 6-4,3,R32,107,7,6,70,39,31,16,11,1,3,6,3,79,51,32,11,11,8,11,TennisMyLife,2020_challenger.csv,2020,2026-08-23T06:37:21.010456+00:00,1098,1dbd30c36650e1a3f7229ffb1a4c0ebc,NEW_MATCH,0,,jack sock,ugo humbert,indian wells,r32,hard
2020-7851,Indian Wells,Hard,48,C,,20200308,18,RC96,,,Noah Rubin,R,175,USA,24.044,250,194,PF39,2,,Lucas Pouille,R,185,FRA,26.037,58,880,6-4 7-6(5),3,R32,92,4,3,73,51,37,11,11,7,9,1,7,74,35,24,18,11,4,7,TennisMyLife,2020_challenger.csv,2020,2026-08-23T06:37:21.010456+00:00,1099,cd923dea598bbc71ee63f42820041fe7,NEW_MATCH,0,,noah rubin,lucas pouille,indian wells,r32,hard
2020-7851,Indian Wells,Hard,48,C,,20200308,19,KC12,,,Mitchell Krueger,R,188,USA,26.152,220,219,A829,,,Radu Albot,R,175,MDA,30.322,66,772,0-6 6-4 6-4,3,R32,133,1,5,74,40,29,17,13,6,10,7,4,98,57,40,17,13,11,14,TennisMyLife,2020_challenger.csv,2020,2026-08-23T06:37:21.010456+00:00,1100,897533c47de4af4ef6f8f455fe006aa9,NEW_MATCH,0,,mitchell krueger,radu albot,indian wells,r32,hard
2020-7851,Indian Wells,Hard,48,C,,20200308,20,J386,5,,Steve Johnson,R,188,USA,30.204,75,720,PG94,,,Marc Polmans,R,188,AUS,22.85,119,457,6-1 3-6 6-2,3,R32,112,6,5,81,37,27,25,12,6,8,5,2,68,47,30,9,12,4,9,TennisMyLife,2020_challenger.csv,2020,2026-08-23T06:37:21.010456+00:00,1101,693d097a3ca357edc9db1aea8cf10eeb,NEW_MATCH,0,,steve johnson,marc polmans,indian wells,r32,hard
2020-7851,Indian Wells,Hard,48,C,,20200308,21,S0AG,6,,Jannik Sinner,R,191,ITA,18.56,71,733,V09L,,,Sem Verbeek,L,193,NED,25.906,978,10,6-0 6-1,3,R32,45,2,0,34,20,18,10,7,0,0,1,3,37,20,9,4,6,4,9,TennisMyLife,2020_challenger.csv,2020,2026-08-23T06:37:21.010456+00:00,1102,7ad965a8bc8b21d15dc3176262213482,NEW_MATCH,0,,jannik sinner,sem verbeek,indian wells,r32,hard
2020-7851,Indian Wells,Hard,48,C,,20200308,22,N0AE,,,Brandon Nakashima,R,188,USA,18.595,255,184,SE73,7,,Yuichi Sugita,R,175,JPN,31.469,87,682,6-3 6-2,3,R32,80,6,1,53,33,26,12,9,0,0,3,3,70,42,26,11,8,5,8,TennisMyLife,2020_challenger.csv,2020,2026-08-23T06:37:21.010456+00:00,1103,d360e8234997f88049ec537093d309c8,NEW_MATCH,0,,brandon nakashima,yuichi sugita,indian wells,r32,hard
2020-7851,Indian Wells,Hard,48,C,,20200308,23,TD51,8,,Frances Tiafoe,R,188,USA,22.13,81,700,MP01,,,Michael Mmoh,R,188,USA,22.157,184,276,6-4 6-3,3,R32,92,3,1,67,43,29,15,10,2,3,2,0,70,47,31,9,9,4,7,TennisMyLife,2020_challenger.csv,2020,2026-08-23T06:37:21.010456+00:00,1104,6e4e6ab413e9cb213a881c100412a232,NEW_MATCH,0,,frances tiafoe,michael mmoh,indian wells,r32,hard
2020-7851,Indian Wells,Hard,48,C,,20200308,24,BK24,9,,Gregoire Barrere,R,183,FRA,26.056,97,618,Z168,,,Mischa Zverev,L,191,GER,32.545,256,182,6-3 3-6 7-5,3,R32,104,5,3,78,45,33,22,15,2,5,4,1,90,54,35,23,15,4,8,TennisMyLife,2020_challenger.csv,2020,2026-08-23T06:37:21.010456+00:00,1105,7873e664f09eee61f61a9a31dd76d7e7,NEW_MATCH,0,,gregoire barrere,mischa zverev,indian wells,r32,hard
2020-7851,Indian Wells,Hard,48,C,,20200308,25,CE25,10,,Salvatore Caruso,R,185,ITA,27.228,100,595,KD35,,,Thai-Son Kwiatkowski,R,188,USA,25.065,185,276,6-4 6-2,3,R32,101,5,3,71,29,22,25,9,8,8,8,2,53,31,25,6,9,0,3,TennisMyLife,2020_challenger.csv,2020,2026-08-23T06:37:21.010456+00:00,1106,0a7c7455ca1e2a5a15c0b9cd33a0dfc2,NEW_MATCH,0,,salvatore caruso,thai son kwiatkowski,indian wells,r32,hard
2020-7851,Indian Wells,Hard,48,C,,20200308,26,KB09,11,,Denis Kudla,R,180,USA,27.556,114,503,J620,,,Maxime Janvier,R,196,FRA,23.387,189,270,6-2 6-1,3,R32,62,1,2,50,26,18,17,8,0,0,6,4,58,34,21,7,7,5,9,TennisMyLife,2020_challenger.csv,2020,2026-08-23T06:37:21.010456+00:00,1107,d1d2308c7466877e3117adaa9c5f25fd,NEW_MATCH,0,,denis kudla,maxime janvier,indian wells,r32,hard
2020-7851,Indian Wells,Hard,48,C,,20200308,27,DA81,12,,Taro Daniel,R,191,JPN,27.11,111,511,MK66,,,Mackenzie McDonald,R,178,USA,24.895,272,167,7-5 7-6(6),3,R32,123,2,3,73,40,28,21,12,1,3,9,5,102,60,39,20,12,9,12,TennisMyLife,2020_challenger.csv,2020,2026-08-23T06:37:21.010456+00:00,1108,3157bd1f97dc9a4610285f5636cdf6b7,NEW_MATCH,0,,taro daniel,mackenzie mcdonald,indian wells,r32,hard
2020-7851,Indian Wells,Hard,48,C,,20200308,28,D864,13,,Evgeny Donskoy,R,185,RUS,29.832,115,503,RC62,,,Michael Redlicki,L,203,USA,26.308,353,108,7-6(4) 6-0,3,R32,79,5,3,50,28,24,15,9,1,2,2,0,69,43,24,12,9,7,11,TennisMyLife,2020_challenger.csv,2020,2026-08-23T06:37:21.010456+00:00,1109,99104d587cbc796c8e19928801016a78,NEW_MATCH,0,,evgeny donskoy,michael redlicki,indian wells,r32,hard
2020-7851,Indian Wells,Hard,48,C,,20200308,29,GC88,14,,Marcos Giron,R,180,USA,26.623,104,558,PH78,,,Ryan Peniston,L,180,GBR,24.326,393,88,6-2 7-6(4),3,R32,87,4,2,74,47,31,15,10,5,7,0,1,59,40,23,8,10,1,5,TennisMyLife,2020_challenger.csv,2020,2026-08-23T06:37:21.010456+00:00,1110,486f4ad49aafcfc797cf72ee5b8540f6,NEW_MATCH,0,,marcos giron,ryan peniston,indian wells,r32,hard
2020-7851,Indian Wells,Hard,48,C,,20200308,30,K0AH,,,Sebastian Korda,R,196,USA,19.674,225,213,O483,15,,Christopher O'Connell,R,183,AUS,25.763,116,498,6-1 6-1,3,R32,44,5,0,37,30,24,4,7,0,0,1,2,42,21,13,6,7,2,7,TennisMyLife,2020_challenger.csv,2020,2026-08-23T06:37:21.010456+00:00,1111,32acdb8d256ff73080ab97c5af727edc,NEW_MATCH,0,,sebastian korda,christopher o connell,indian wells,r32,hard
2020-7851,Indian Wells,Hard,48,C,,20200308,31,SL09,,,Raymond Sarmiento,R,178,USA,27.622,392,88,G967,16,,Peter Gojowczyk,R,188,GER,30.648,125,444,4-6 6-3 6-2,3,R32,94,4,3,77,52,39,12,14,1,4,7,3,78,35,23,21,13,4,9,TennisMyLife,2020_challenger.csv,2020,2026-08-23T06:37:21.010456+00:00,1112,b88606d64d7d6326dd8a2b44ee179b5f,NEW_MATCH,0,,raymond sarmiento,peter gojowczyk,indian wells,r32,hard
2020-7851,Indian Wells,Hard,48,C,,20200308,32,MJ01,,,Roberto Marcora,R,193,ITA,30.522,163,321,AA81,,,Romain Arneodo,R,175,MON,27.592,1365,3,4-6 6-1 7-6(8),3,R32,133,10,1,94,62,46,20,15,5,7,3,2,98,65,43,16,14,2,5,TennisMyLife,2020_challenger.csv,2020,2026-08-23T06:37:21.010456+00:00,1113,4204011354babc6511f1dcaa5f5c85fd,NEW_MATCH,0,,roberto marcora,romain arneodo,indian wells,r32,hard
2020-7851,Indian Wells,Hard,48,C,,20200308,33,J386,5,,Steve Johnson,R,188,USA,30.204,75,720,DA81,12,,Taro Daniel,R,191,JPN,27.11,111,511,7-6(3) 6-2,3,R16,98,5,1,64,33,27,19,10,1,1,2,1,64,39,23,15,10,3,5,TennisMyLife,2020_challenger.csv,2020,2026-08-23T06:37:21.010456+00:00,1114,8763efafdd2c505d92c84c915a2a6ebf,NEW_MATCH,0,,steve johnson,taro daniel,indian wells,r16,hard
2020-7851,Indian Wells,Hard,48,C,,20200308,34,KB09,11,,Denis Kudla,R,180,USA,27.556,114,503,S0AG,6,,Jannik Sinner,R,191,ITA,18.56,71,733,6-3 6-7(4) 6-2,3,R16,138,7,2,114,63,47,24,14,11,12,4,1,88,49,35,21,15,2,7,TennisMyLife,2020_challenger.csv,2020,2026-08-23T06:37:21.010456+00:00,1115,846898847b453385411161080a6339c8,NEW_MATCH,0,,denis kudla,jannik sinner,indian wells,r16,hard
2020-7851,Indian Wells,Hard,48,C,,20200308,35,BK24,9,,Gregoire Barrere,R,183,FRA,26.056,97,618,TD51,8,,Frances Tiafoe,R,188,USA,22.13,81,700,4-6 6-2 7-6(4),3,R16,134,9,1,102,64,43,20,15,4,8,5,3,103,67,39,17,15,5,10,TennisMyLife,2020_challenger.csv,2020,2026-08-23T06:37:21.010456+00:00,1116,2351c9636dd156d271163a60f1076316,NEW_MATCH,0,,gregoire barrere,frances tiafoe,indian wells,r16,hard
2020-7851,Indian Wells,Hard,48,C,,20200308,36,N0AE,,,Brandon Nakashima,R,188,USA,18.595,255,184,CE25,10,,Salvatore Caruso,R,185,ITA,27.228,100,595,6-4 6-3,3,R16,78,3,3,58,36,27,11,10,2,3,6,2,53,30,21,9,9,1,4,TennisMyLife,2020_challenger.csv,2020,2026-08-23T06:37:21.010456+00:00,1117,9de8450d4fe1c407ccb7fbb81f6663fe,NEW_MATCH,0,,brandon nakashima,salvatore caruso,indian wells,r16,hard
2020-7851,Indian Wells,Hard,48,C,,20200308,37,SM25,,,Jack Sock,R,191,USA,27.452,768,20,D864,13,,Evgeny Donskoy,R,185,RUS,29.832,115,503,6-4 4-6 7-6(3),3,R16,142,9,3,103,57,42,24,16,3,6,8,5,102,57,46,20,16,5,8,TennisMyLife,2020_challenger.csv,2020,2026-08-23T06:37:21.010456+00:00,1118,8351468d6394571b41ca31560daadcff,NEW_MATCH,0,,jack sock,evgeny donskoy,indian wells,r16,hard
2020-7851,Indian Wells,Hard,48,C,,20200308,38,GC88,14,,Marcos Giron,R,180,USA,26.623,104,558,MJ01,,,Roberto Marcora,R,193,ITA,30.522,163,321,7-6(4) 6-1,3,R16,80,7,0,56,30,23,18,10,2,3,4,5,67,41,21,14,9,6,9,TennisMyLife,2020_challenger.csv,2020,2026-08-23T06:37:21.010456+00:00,1119,380dc54355fcccd2b32cb430b429f32b,NEW_MATCH,0,,marcos giron,roberto marcora,indian wells,r16,hard
2020-7851,Indian Wells,Hard,48,C,,20200308,39,KC12,,,Mitchell Krueger,R,188,USA,26.152,220,219,K0AH,,,Sebastian Korda,R,196,USA,19.674,225,213,6-2 6-1,3,R16,58,1,1,46,34,26,5,7,2,2,2,4,47,29,17,4,8,5,10,TennisMyLife,2020_challenger.csv,2020,2026-08-23T06:37:21.010456+00:00,1120,d336e70b1a6a1c2a15ee8b490a76809c,NEW_MATCH,0,,mitchell krueger,sebastian korda,indian wells,r16,hard
2020-7851,Indian Wells,Hard,48,C,,20200308,40,RC96,,,Noah Rubin,R,175,USA,24.044,250,194,SL09,,,Raymond Sarmiento,R,178,USA,27.622,392,88,6-3 6-1,3,R16,55,5,1,49,34,26,9,8,2,2,1,2,40,24,13,7,8,1,5,TennisMyLife,2020_challenger.csv,2020,2026-08-23T06:37:21.010456+00:00,1121,9fd7c429c3e281ead2cd2c9c8e3438a8,NEW_MATCH,0,,noah rubin,raymond sarmiento,indian wells,r16,hard
2020-7851,Indian Wells,Hard,48,C,,20200308,41,J386,5,,Steve Johnson,R,188,USA,30.204,75,720,RC96,,,Noah Rubin,R,175,USA,24.044,250,194,6-3 6-3,3,QF,79,8,1,43,22,19,14,9,0,1,1,3,73,50,26,12,9,11,15,TennisMyLife,2020_challenger.csv,2020,2026-08-23T06:37:21.010456+00:00,1122,d5c938ba0c5610a91a9992872a49c02e,NEW_MATCH,0,,steve johnson,noah rubin,indian wells,qf,hard
2020-7851,Indian Wells,Hard,48,C,,20200308,42,KC12,,,Mitchell Krueger,R,188,USA,26.152,220,219,BK24,9,,Gregoire Barrere,R,183,FRA,26.056,97,618,6-4 7-6(5),3,QF,96,5,4,74,40,34,15,11,5,7,7,5,75,48,35,9,11,4,7,TennisMyLife,2020_challenger.csv,2020,2026-08-23T06:37:21.010456+00:00,1123,319b4d9b99be54cbd7f86e27333248a8,NEW_MATCH,0,,mitchell krueger,gregoire barrere,indian wells,qf,hard
2020-7851,Indian Wells,Hard,48,C,,20200308,43,SM25,,,Jack Sock,R,191,USA,27.452,768,20,KB09,11,,Denis Kudla,R,180,USA,27.556,114,503,7-6(5) 5-7 6-4,3,QF,144,11,4,115,68,51,24,17,10,13,16,2,103,67,45,23,17,7,10,TennisMyLife,2020_challenger.csv,2020,2026-08-23T06:37:21.010456+00:00,1124,6b950fc3fd60e593b36d2a521eb79b15,NEW_MATCH,0,,jack sock,denis kudla,indian wells,qf,hard
2020-7851,Indian Wells,Hard,48,C,,20200308,44,N0AE,,,Brandon Nakashima,R,188,USA,18.595,255,184,GC88,14,,Marcos Giron,R,180,USA,26.623,104,558,7-6(2) 3-6 6-2,3,QF,140,4,4,103,54,44,23,14,9,11,7,4,115,72,50,18,15,15,18,TennisMyLife,2020_challenger.csv,2020,2026-08-23T06:37:21.010456+00:00,1125,a01e4f7069206ade8a8b903768d0f78f,NEW_MATCH,0,,brandon nakashima,marcos giron,indian wells,qf,hard
2020-7851,Indian Wells,Hard,48,C,,20200308,45,J386,5,,Steve Johnson,R,188,USA,30.204,75,720,KC12,,,Mitchell Krueger,R,188,USA,26.152,220,219,6-4 6-4,3,SF,82,4,2,54,25,18,22,10,0,0,6,1,56,29,23,14,10,0,2,TennisMyLife,2020_challenger.csv,2020,2026-08-23T06:37:21.010456+00:00,1126,23bda3dca68ab5aac1c24de9a3c9e731,NEW_MATCH,0,,steve johnson,mitchell krueger,indian wells,sf,hard
2020-7851,Indian Wells,Hard,48,C,,20200308,46,SM25,,,Jack Sock,R,191,USA,27.452,768,20,N0AE,,,Brandon Nakashima,R,188,USA,18.595,255,184,6-7(5) 6-3 6-4,3,SF,132,12,9,110,65,51,21,16,4,5,5,3,81,47,34,23,15,1,4,TennisMyLife,2020_challenger.csv,2020,2026-08-23T06:37:21.010456+00:00,1127,ce9917308642fe16dc49809ba93b5f9c,NEW_MATCH,0,,jack sock,brandon nakashima,indian wells,sf,hard
2020-7851,Indian Wells,Hard,48,C,,20200308,47,J386,5,,Steve Johnson,R,188,USA,30.204,75,720,SM25,,,Jack Sock,R,191,USA,27.452,768,20,6-4 6-4,3,F,89,4,4,75,40,30,19,10,7,7,0,4,55,34,23,13,10,1,3,TennisMyLife,2020_challenger.csv,2020,2026-08-23T06:37:21.010456+00:00,1128,a054f5cb35ad3dc59572530f3e41c9b6,NEW_MATCH,0,,steve johnson,jack sock,indian wells,f,hard
2020-3618,Nur-Sultan,Hard,41,C,,20200315,1,D981,,,Arthur De Greef,R,183,BEL,27.967,333,116,MV14,,,Alex Molcan,L,178,SVK,22.286,291,142,6-2 2-6 6-2,3,R64,98,6,2,79,39,25,20,12,3,7,5,5,86,49,28,15,12,5,11,TennisMyLife,2020_challenger.csv,2020,2026-08-23T06:37:21.010456+00:00,1129,f752e99b6136e0d4854f721d2d0a66ee,NEW_MATCH,0,,arthur de greef,alex molcan,nur sultan,r64,hard
2020-3618,Nur-Sultan,Hard,41,C,,20200315,2,D0C1,,,Jesper de Jong,R,180,NED,19.789,400,88,PG99,,,Anatoliy Petrenko,R,180,UKR,24.279,1413,3,6-0 6-2,3,R64,47,6,1,37,24,20,9,7,0,0,2,6,52,22,13,8,7,4,9,TennisMyLife,2020_challenger.csv,2020,2026-08-23T06:37:21.010456+00:00,1130,a69ad7f11abd2819a84c3a4bf98794dc,NEW_MATCH,0,,jesper de jong,anatoliy petrenko,nur sultan,r64,hard
2020-3618,Nur-Sultan,Hard,41,C,,20200315,3,DC76,,,Viktor Durasovic,R,185,NOR,22.99,337,115,G806,,,Andrey Golubev,R,180,KAZ,32.649,743,23,7-6(3) 6-4,3,R64,86,2,0,65,42,29,17,11,1,2,4,3,68,48,31,12,11,3,5,TennisMyLife,2020_challenger.csv,2020,2026-08-23T06:37:21.010456+00:00,1131,5f078fde99cd87a9336c16a644fb405a,NEW_MATCH,0,,viktor durasovic,andrey golubev,nur sultan,r64,hard
2020-3618,Nur-Sultan,Hard,41,C,,20200315,4,F786,,,Sanjar Fayziev,R,188,UZB,25.629,506,59,Z072,,,Nenad Zimonjic,R,191,SRB,43.778,1373,3,6-1 7-6(6),3,R64,75,13,4,56,31,28,15,9,1,1,10,3,74,43,31,12,10,2,5,TennisMyLife,2020_challenger.csv,2020,2026-08-23T06:37:21.010456+00:00,1132,f2d80a5e70650205f1caa6de48767b6c,NEW_MATCH,0,,sanjar fayziev,nenad zimonjic,nur sultan,r64,hard
2020-3618,Nur-Sultan,Hard,41,C,,20200315,5,FA69,,,Simon Freund,R,178,SWE,23.461,718,25,KD32,,,Timur Khabibulin,R,185,KAZ,24.619,1065,8,3-6 7-6(3) 6-3,3,R64,102,2,7,86,55,37,16,14,6,10,9,8,101,60,41,17,16,7,12,TennisMyLife,2020_challenger.csv,2020,2026-08-23T06:37:21.010456+00:00,1133,403511d80dff36d7a928500477b233aa,NEW_MATCH,0,,simon freund,timur khabibulin,nur sultan,r64,hard
2020-3618,Nur-Sultan,Hard,41,C,,20200315,6,K839,,,Tobias Kamke,R,178,GER,33.818,239,207,U09O,,,Bekzat Usipbekov,,,KAZ,18.678,,,6-1 6-0,3,R64,34,1,1,30,21,18,6,6,0,0,0,4,39,25,11,1,7,1,7,TennisMyLife,2020_challenger.csv,2020,2026-08-23T06:37:21.010456+00:00,1134,bd0b428ff4caa220e98cca279358658d,NEW_MATCH,0,,tobias kamke,bekzat usipbekov,nur sultan,r64,hard
2020-3618,Nur-Sultan,Hard,41,C,,20200315,7,KC56,,,Aslan Karatsev,R,185,RUS,26.527,263,179,M0FH,,,Tomas Machac,R,183,CZE,19.42,255,189,6-7(2) 6-4 6-3,3,R64,147,7,1,111,68,50,22,16,5,6,3,1,97,66,43,19,15,6,9,TennisMyLife,2020_challenger.csv,2020,2026-08-23T06:37:21.010456+00:00,1135,90eb367920e21e6abf3386aa15800343,NEW_MATCH,0,,aslan karatsev,tomas machac,nur sultan,r64,hard
2020-3618,Nur-Sultan,Hard,41,C,,20200315,8,KI63,,,Lukas Klein,R,193,SVK,21.982,309,133,G0EV,,,Rostislav Galfinger,,,KAZ,17.339,,,6-0 6-1,3,R64,39,1,0,34,20,19,9,7,0,0,1,4,32,14,5,5,6,0,5,TennisMyLife,2020_challenger.csv,2020,2026-08-23T06:37:21.010456+00:00,1136,e2430c730f25c6651a846415994b7374,NEW_MATCH,0,,lukas klein,rostislav galfinger,nur sultan,r64,hard
2020-3618,Nur-Sultan,Hard,41,C,,20200315,9,K09F,,,Pavel Kotov,R,191,RUS,21.322,283,151,T09L,,,Dostanbek Tashbulatov,R,175,KAZ,19.715,916,13,6-4 6-2,3,R64,76,1,2,59,37,29,10,9,2,3,1,2,58,35,18,12,9,2,6,TennisMyLife,2020_challenger.csv,2020,2026-08-23T06:37:21.010456+00:00,1137,8bb8ca530e514cc786fb8d6dda193790,NEW_MATCH,0,,pavel kotov,dostanbek tashbulatov,nur sultan,r64,hard
2020-3618,Nur-Sultan,Hard,41,C,,20200315,10,LG37,,,Grigoriy Lomakin,R,198,KAZ,21.993,879,15,AB19,,,Sagadat Ayap,R,193,KAZ,24.808,1041,9,5-7 6-1 6-2,3,R64,117,10,1,86,56,43,15,14,7,9,1,3,80,51,35,12,13,4,9,TennisMyLife,2020_challenger.csv,2020,2026-08-23T06:37:21.010456+00:00,1138,944a507840b9e94f3e0d6b23ed37efdf,NEW_MATCH,0,,grigoriy lomakin,sagadat ayap,nur sultan,r64,hard
2020-3618,Nur-Sultan,Hard,41,C,,20200315,11,MJ71,,,Mats Moraing,L,198,GER,27.734,268,175,V0B2,,,Michael Vrbensky,R,,CZE,20.219,402,87,6-3 6-3,3,R64,61,7,6,56,28,22,11,9,1,4,1,3,48,27,12,9,9,3,9,TennisMyLife,2020_challenger.csv,2020,2026-08-23T06:37:21.010456+00:00,1139,bb8effd12adcb4c05dc6fe2f50549abc,NEW_MATCH,0,,mats moraing,michael vrbensky,nur sultan,r64,hard
2020-3618,Nur-Sultan,Hard,41,C,,20200315,12,N503,,,Aleksandr Nedovyesov,R,188,KAZ,33.079,323,123,M0D8,,,Timur Maulenov,,,KAZ,19.792,1205,5,6-2 6-2,3,R64,63,5,0,56,44,34,6,8,2,2,7,3,51,24,14,11,8,2,6,TennisMyLife,2020_challenger.csv,2020,2026-08-23T06:37:21.010456+00:00,1140,078db069f744594bfae7eadd7e3fac54,NEW_MATCH,0,,aleksandr nedovyesov,timur maulenov,nur sultan,r64,hard
2020-3618,Nur-Sultan,Hard,41,C,,20200315,13,SP80,,,Nino Serdarusic,R,191,CRO,23.253,300,138,BH21,,,Aliaksandr Bulitski,R,173,BLR,26.919,1270,4,6-2 6-2,3,R64,47,7,0,39,28,23,9,8,0,0,0,1,44,23,17,6,8,1,5,TennisMyLife,2020_challenger.csv,2020,2026-08-23T06:37:21.010456+00:00,1141,a11e4939f13cfb97856bb781c9226577,NEW_MATCH,0,,nino serdarusic,aliaksandr bulitski,nur sultan,r64,hard
2020-3618,Nur-Sultan,Hard,41,C,,20200315,14,W845,,,Szymon Walkow,R,178,POL,24.479,1440,2,E180,,,Mikhail Elgin,R,183,RUS,38.418,1662,1,6-3 6-1,3,R64,58,1,0,45,28,20,13,8,0,0,1,1,47,25,17,6,8,3,7,TennisMyLife,2020_challenger.csv,2020,2026-08-23T06:37:21.010456+00:00,1142,97556062bdccfccaf4c58674613f379b,NEW_MATCH,0,,szymon walkow,mikhail elgin,nur sultan,r64,hard
2020-3618,Nur-Sultan,Hard,41,C,,20200315,15,Y171,,,Denis Yevseyev,R,188,KAZ,26.815,362,104,K776,,,Konstantin Kravchuk,R,191,RUS,35.055,329,120,6-4 6-4,3,R64,88,1,1,60,41,29,11,10,4,6,3,2,69,50,28,10,10,9,13,TennisMyLife,2020_challenger.csv,2020,2026-08-23T06:37:21.010456+00:00,1143,b462703febe83ace61a6c021fc67cf2e,NEW_MATCH,0,,denis yevseyev,konstantin kravchuk,nur sultan,r64,hard
2020-3618,Nur-Sultan,Hard,41,C,,20200315,16,Z0AB,,,Alexey Zakharov,R,188,RUS,19.899,403,86,O0BH,,,Danil Ozernoy,,,KAZ,17.262,,,6-2 6-2,3,R64,,,,,,,,,,,,,,,,,,,,TennisMyLife,2020_challenger.csv,2020,2026-08-23T06:37:21.010456+00:00,1144,a21826b64c504113226c68ec1d1c966e,NEW_MATCH,0,,alexey zakharov,danil ozernoy,nur sultan,r64,hard
2020-3618,Nur-Sultan,Hard,41,C,,20200315,17,SK47,1,,Mohamed Safwat,R,180,EGY,29.487,131,407,LG37,,,Grigoriy Lomakin,R,198,KAZ,21.993,879,15,6-2 6-4,3,R32,80,0,1,54,28,22,17,9,0,0,1,3,53,37,25,7,9,1,4,TennisMyLife,2020_challenger.csv,2020,2026-08-23T06:37:21.010456+00:00,1145,42c4ac77b223ddaf7ddb6697950612ae,NEW_MATCH,0,,mohamed safwat,grigoriy lomakin,nur sultan,r32,hard
2020-3618,Nur-Sultan,Hard,41,C,,20200315,18,Z0AB,,,Alexey Zakharov,R,188,RUS,19.899,403,86,MH16,2,,Yannick Maden,R,185,GER,30.379,149,370,W/O,3,R32,,,,,,,,,,,,,,,,,,,,TennisMyLife,2020_challenger.csv,2020,2026-08-23T06:37:21.010456+00:00,1146,bafdde0238c4cacfa840e44288a6d052,NEW_MATCH,0,,alexey zakharov,yannick maden,nur sultan,r32,hard
2020-3618,Nur-Sultan,Hard,41,C,,20200315,19,CG33,3,,Kimmer Coppejans,R,178,BEL,26.1,154,343,KI63,,,Lukas Klein,R,193,SVK,21.982,309,133,3-6 6-4 6-1,3,R32,97,1,2,82,57,36,14,13,5,8,2,3,68,39,28,11,13,4,9,TennisMyLife,2020_challenger.csv,2020,2026-08-23T06:37:21.010456+00:00,1147,b5be5fd29b37b47c4c2660ce7b75c28a,NEW_MATCH,0,,kimmer coppejans,lukas klein,nur sultan,r32,hard
2020-3618,Nur-Sultan,Hard,41,C,,20200315,20,R09X,4,,Jurij Rodionov,L,191,AUT,20.832,168,307,K839,,,Tobias Kamke,R,178,GER,33.818,239,207,6-3 7-6(3),3,R32,91,11,3,75,47,36,10,11,2,5,0,6,66,34,23,16,10,3,7,TennisMyLife,2020_challenger.csv,2020,2026-08-23T06:37:21.010456+00:00,1148,67d1a66ce79e3d1a05f2fcde96505148,NEW_MATCH,0,,jurij rodionov,tobias kamke,nur sultan,r32,hard
2020-3618,Nur-Sultan,Hard,41,C,,20200315,21,KC56,,,Aslan Karatsev,R,185,RUS,26.527,263,179,H756,5,,Robin Haase,R,191,NED,32.942,169,305,7-6(5) 6-1,3,R32,85,9,2,66,40,32,14,10,2,2,6,1,63,38,28,11,9,1,3,TennisMyLife,2020_challenger.csv,2020,2026-08-23T06:37:21.010456+00:00,1149,fddaf5678bcfe719b183ff8c6909ba80,NEW_MATCH,0,,aslan karatsev,robin haase,nur sultan,r32,hard
2020-3618,Nur-Sultan,Hard,41,C,,20200315,22,TC12,6,,Mikael Torpegaard,R,193,DEN,25.854,170,304,Y171,,,Denis Yevseyev,R,188,KAZ,26.815,362,104,6-1 7-6(7),3,R32,87,3,4,57,41,31,8,10,1,4,0,1,72,55,31,5,9,8,13,TennisMyLife,2020_challenger.csv,2020,2026-08-23T06:37:21.010456+00:00,1150,54448febd78cf656aee89c6c71e44f3f,NEW_MATCH,0,,mikael torpegaard,denis yevseyev,nur sultan,r32,hard
2020-3618,Nur-Sultan,Hard,41,C,,20200315,23,K09F,,,Pavel Kotov,R,191,RUS,21.322,283,151,PG20,7,,Dmitry Popko,R,191,KAZ,23.389,175,290,6-3 7-6(4),3,R32,110,2,1,66,45,33,13,10,1,1,2,8,82,47,33,15,11,3,5,TennisMyLife,2020_challenger.csv,2020,2026-08-23T06:37:21.010456+00:00,1151,518a1408c5c47f8338b5c6948d16ba76,NEW_MATCH,0,,pavel kotov,dmitry popko,nur sultan,r32,hard
2020-3618,Nur-Sultan,Hard,41,C,,20200315,24,V812,8,,Botic van de Zandschulp,R,191,NED,24.446,177,286,FA69,,,Simon Freund,R,178,SWE,23.461,718,25,6-2 7-5,3,R32,79,2,7,58,29,24,9,10,3,7,0,2,54,26,14,7,10,2,9,TennisMyLife,2020_challenger.csv,2020,2026-08-23T06:37:21.010456+00:00,1152,bea5067ae3746b2637f9269a4900342c,NEW_MATCH,0,,botic van de zandschulp,simon freund,nur sultan,r32,hard
2020-3618,Nur-Sultan,Hard,41,C,,20200315,25,MJ71,,,Mats Moraing,L,198,GER,27.734,268,175,CG94,9,,Enzo Couacaud,R,183,FRA,25.04,178,286,W/O,3,R32,,,,,,,,,,,,,,,,,,,,TennisMyLife,2020_challenger.csv,2020,2026-08-23T06:37:21.010456+00:00,1153,a497af188e7bc8a2d4dabcc3c97f9c78,NEW_MATCH,0,,mats moraing,enzo couacaud,nur sultan,r32,hard
2020-3618,Nur-Sultan,Hard,41,C,,20200315,26,D0C1,,,Jesper de Jong,R,180,NED,19.789,400,88,RB56,10,,Ramkumar Ramanathan,R,188,IND,25.35,185,278,6-2 6-2,3,R32,48,2,1,40,24,20,12,8,0,0,5,5,43,25,14,8,8,4,8,TennisMyLife,2020_challenger.csv,2020,2026-08-23T06:37:21.010456+00:00,1154,aa4ba8f7c26dfbeb2e6e348539848a69,NEW_MATCH,0,,jesper de jong,ramkumar ramanathan,nur sultan,r32,hard
2020-3618,Nur-Sultan,Hard,41,C,,20200315,27,SX50,11,,Roman Safiullin,R,185,RUS,22.604,189,271,N503,,,Aleksandr Nedovyesov,R,188,KAZ,33.079,323,123,W/O,3,R32,,,,,,,,,,,,,,,,,,,,TennisMyLife,2020_challenger.csv,2020,2026-08-23T06:37:21.010456+00:00,1155,d1f943d440f2f1dfc92d37bb07c40533,NEW_MATCH,0,,roman safiullin,aleksandr nedovyesov,nur sultan,r32,hard
2020-3618,Nur-Sultan,Hard,41,C,,20200315,28,D981,,,Arthur De Greef,R,183,BEL,27.967,333,116,SN54,12,,Frederico Ferreira Silva,L,178,POR,24.994,192,268,4-0 RET,3,R32,15,0,0,10,4,4,4,2,0,0,0,1,11,6,1,2,2,1,3,TennisMyLife,2020_challenger.csv,2020,2026-08-23T06:37:21.010456+00:00,1156,b5b929ef806f925f24dd9fa43d4ac430,NEW_MATCH,0,,arthur de greef,frederico ferreira silva,nur sultan,r32,hard
2020-3618,Nur-Sultan,Hard,41,C,,20200315,29,GJ37,13,,Tallon Griekspoor,R,188,NED,23.702,199,256,SP80,,,Nino Serdarusic,R,191,CRO,23.253,300,138,6-3 7-6(5),3,R32,87,7,3,65,41,35,15,11,0,0,4,5,79,47,35,15,10,5,6,TennisMyLife,2020_challenger.csv,2020,2026-08-23T06:37:21.010456+00:00,1157,16ce8ee1eada59977e195a922c24b036,NEW_MATCH,0,,tallon griekspoor,nino serdarusic,nur sultan,r32,hard
2020-3618,Nur-Sultan,Hard,41,C,,20200315,30,Y218,14,,Elias Ymer,R,185,SWE,23.929,206,247,W845,,,Szymon Walkow,R,178,POL,24.479,1440,2,6-1 7-6(7),3,R32,92,6,0,80,47,34,18,10,5,6,0,0,54,37,25,8,9,2,5,TennisMyLife,2020_challenger.csv,2020,2026-08-23T06:37:21.010456+00:00,1158,8682a8050df5d76ab217e614034241bf,NEW_MATCH,0,,elias ymer,szymon walkow,nur sultan,r32,hard
2020-3618,Nur-Sultan,Hard,41,C,,20200315,31,ME89,15,,Illya Marchenko,R,185,UKR,32.517,209,240,F786,,,Sanjar Fayziev,R,188,UZB,25.629,506,59,6-1 6-4,3,R32,74,4,1,55,33,20,11,9,0,3,1,3,57,36,18,5,8,3,9,TennisMyLife,2020_challenger.csv,2020,2026-08-23T06:37:21.010456+00:00,1159,9c58a2d1f2424e4cb756ffb9a31f6298,NEW_MATCH,0,,illya marchenko,sanjar fayziev,nur sultan,r32,hard
2020-3618,Nur-Sultan,Hard,41,C,,20200315,32,Z419,16,,Bernabe Zapata Miralles,R,183,ESP,23.17,220,228,DC76,,,Viktor Durasovic,R,185,NOR,22.99,337,115,6-1 6-4,3,R32,79,4,5,68,42,29,13,9,8,9,2,1,53,27,18,9,8,3,7,TennisMyLife,2020_challenger.csv,2020,2026-08-23T06:37:21.010456+00:00,1160,9d64d68a2223120a9c914341040afac6,NEW_MATCH,0,,bernabe zapata miralles,viktor durasovic,nur sultan,r32,hard
2020-3618,Nur-Sultan,Hard,41,C,,20200315,33,GJ37,13,,Tallon Griekspoor,R,188,NED,23.702,199,256,SK47,1,,Mohamed Safwat,R,180,EGY,29.487,131,407,6-1 7-6(8),3,R16,91,5,4,73,49,40,13,10,5,5,0,3,64,37,27,14,9,5,7,TennisMyLife,2020_challenger.csv,2020,2026-08-23T06:37:21.010456+00:00,1161,bac68de0e76868774d0c760cfb2ccf51,NEW_MATCH,0,,tallon griekspoor,mohamed safwat,nur sultan,r16,hard
2020-3618,Nur-Sultan,Hard,41,C,,20200315,34,CG33,3,,Kimmer Coppejans,R,178,BEL,26.1,154,343,Y218,14,,Elias Ymer,R,185,SWE,23.929,206,247,7-6(4) 1-6 6-2,3,R16,128,2,3,86,45,28,20,13,5,10,6,0,84,49,32,17,14,4,9,TennisMyLife,2020_challenger.csv,2020,2026-08-23T06:37:21.010456+00:00,1162,b90018579bd8d79dc5a7627cf40635bc,NEW_MATCH,0,,kimmer coppejans,elias ymer,nur sultan,r16,hard
2020-3618,Nur-Sultan,Hard,41,C,,20200315,35,Z419,16,,Bernabe Zapata Miralles,R,183,ESP,23.17,220,228,R09X,4,,Jurij Rodionov,L,191,AUT,20.832,168,307,6-2 6-2,3,R16,66,2,1,57,33,24,12,8,2,3,2,2,43,29,16,3,8,0,5,TennisMyLife,2020_challenger.csv,2020,2026-08-23T06:37:21.010456+00:00,1163,0150a43b96ee6c83ef37154fcc752aee,NEW_MATCH,0,,bernabe zapata miralles,jurij rodionov,nur sultan,r16,hard
2020-3618,Nur-Sultan,Hard,41,C,,20200315,36,D0C1,,,Jesper de Jong,R,180,NED,19.789,400,88,TC12,6,,Mikael Torpegaard,R,193,DEN,25.854,170,304,W/O,3,R16,,,,,,,,,,,,,,,,,,,,TennisMyLife,2020_challenger.csv,2020,2026-08-23T06:37:21.010456+00:00,1164,ce70768baa742a2655ea2477e31a6d59,NEW_MATCH,0,,jesper de jong,mikael torpegaard,nur sultan,r16,hard
2020-3618,Nur-Sultan,Hard,41,C,,20200315,37,SX50,11,,Roman Safiullin,R,185,RUS,22.604,189,271,V812,8,,Botic van de Zandschulp,R,191,NED,24.446,177,286,6-3 4-6 6-0,3,R16,100,4,4,79,51,34,15,13,3,6,6,8,69,41,28,9,12,5,11,TennisMyLife,2020_challenger.csv,2020,2026-08-23T06:37:21.010456+00:00,1165,873d79f9e6b803a7849a69fcbd99b141,NEW_MATCH,0,,roman safiullin,botic van de zandschulp,nur sultan,r16,hard
2020-3618,Nur-Sultan,Hard,41,C,,20200315,38,ME89,15,,Illya Marchenko,R,185,UKR,32.517,209,240,Z0AB,,,Alexey Zakharov,R,188,RUS,19.899,403,86,7-5 7-6(2),3,R16,139,2,6,76,33,27,25,12,4,5,3,2,91,46,31,23,12,9,11,TennisMyLife,2020_challenger.csv,2020,2026-08-23T06:37:21.010456+00:00,1166,ac8052f2fde3aa2638ce06f7e132f283,NEW_MATCH,0,,illya marchenko,alexey zakharov,nur sultan,r16,hard
2020-3618,Nur-Sultan,Hard,41,C,,20200315,39,KC56,,,Aslan Karatsev,R,185,RUS,26.527,263,179,D981,,,Arthur De Greef,R,183,BEL,27.967,333,116,6-1 2-0 RET,3,R16,31,7,1,18,11,11,5,4,0,0,1,1,33,16,8,4,5,2,6,TennisMyLife,2020_challenger.csv,2020,2026-08-23T06:37:21.010456+00:00,1167,ad4e8058d449c5d65c50662cbef18c64,NEW_MATCH,0,,aslan karatsev,arthur de greef,nur sultan,r16,hard
2020-3618,Nur-Sultan,Hard,41,C,,20200315,40,K09F,,,Pavel Kotov,R,191,RUS,21.322,283,151,MJ71,,,Mats Moraing,L,198,GER,27.734,268,175,W/O,3,R16,,,,,,,,,,,,,,,,,,,,TennisMyLife,2020_challenger.csv,2020,2026-08-23T06:37:21.010456+00:00,1168,53f1e1dde0736e9ba24342913f5648c7,NEW_MATCH,0,,pavel kotov,mats moraing,nur sultan,r16,hard
2020-8371,Potchefstroom,Hard,24,C,,20200315,1,BM95,1,,Benjamin Bonzi,R,183,FRA,23.765,241,204,MW76,,,Matteo Martineau,R,183,FRA,21.161,440,76,7-5 6-2,3,R32,68,9,0,52,41,33,8,10,0,0,3,5,68,40,27,12,10,0,3,TennisMyLife,2020_challenger.csv,2020,2026-08-23T06:37:21.010456+00:00,1169,42574e5f3342b5573b4b7e5115662d23,NEW_MATCH,0,,benjamin bonzi,matteo martineau,potchefstroom,r32,hard
2020-8371,Potchefstroom,Hard,24,C,,20200315,2,GF95,2,,Hugo Grenier,R,196,FRA,23.978,242,204,VA27,,,Mick Veldheer,L,185,NED,23.943,517,58,2-6 6-4 6-2,3,R32,124,6,3,67,36,30,16,13,3,6,2,7,100,56,35,23,13,14,18,TennisMyLife,2020_challenger.csv,2020,2026-08-23T06:37:21.010456+00:00,1170,87ac6221d2bf4c737597b738fe1f6dee,NEW_MATCH,0,,hugo grenier,mick veldheer,potchefstroom,r32,hard
2020-8371,Potchefstroom,Hard,24,C,,20200315,3,SZ29,,,Mehluli Don Ayanda Sibanda,R,173,ZIM,20.356,816,18,KD70,3,,Pedja Krstin,R,183,SRB,25.53,244,203,6-1 4-2 RET,3,R32,60,4,3,52,30,21,14,7,4,4,2,5,37,19,10,8,6,2,5,TennisMyLife,2020_challenger.csv,2020,2026-08-23T06:37:21.010456+00:00,1171,b7fdb2a08f4ef3e8d4f089cc5775e4d7,NEW_MATCH,0,,mehluli don ayanda sibanda,pedja krstin,potchefstroom,r32,hard
2020-8371,Potchefstroom,Hard,24,C,,20200315,4,BA65,4,,Dustin Brown,R,196,JAM,35.266,246,202,DF92,,,Corentin Denolly,L,188,FRA,22.773,330,120,7-6(4) 7-5,3,R32,80,12,6,80,46,34,17,12,3,6,7,10,87,48,31,19,12,5,9,TennisMyLife,2020_challenger.csv,2020,2026-08-23T06:37:21.010456+00:00,1172,13d1bc504dcbdcad4c0b348b11612514,NEW_MATCH,0,,dustin brown,corentin denolly,potchefstroom,r32,hard
2020-8371,Potchefstroom,Hard,24,C,,20200315,5,KD87,5,,Evgeny Karlovskiy,R,191,RUS,25.604,249,198,M0FN,,,Khololwam Montsi,R,168,RSA,17.317,1597,1,6-2 5-7 6-2,3,R32,111,12,8,94,64,52,12,14,6,7,3,2,91,55,36,18,14,7,11,TennisMyLife,2020_challenger.csv,2020,2026-08-23T06:37:21.010456+00:00,1173,4f410273f6318fd73decbae3f1e860c5,NEW_MATCH,0,,evgeny karlovskiy,khololwam montsi,potchefstroom,r32,hard
2020-8371,Potchefstroom,Hard,24,C,,20200315,6,MN20,6,,Daniel Masur,R,183,GER,25.355,252,195,O674,,,Yshai Oliel,L,188,ISR,20.192,394,91,7-5 6-4,3,R32,99,7,4,71,41,32,18,11,2,2,6,2,74,45,31,16,11,8,10,TennisMyLife,2020_challenger.csv,2020,2026-08-23T06:37:21.010456+00:00,1174,71cc2c673b6cb491f8930f9888f259a6,NEW_MATCH,0,,daniel masur,yshai oliel,potchefstroom,r32,hard
2020-8371,Potchefstroom,Hard,24,C,,20200315,7,D0CO,,,Jack Draper,L,193,GBR,18.229,288,147,O340,7,,Roberto Ortega-Olmedo,R,168,ESP,28.876,274,166,7-5 6-3,3,R32,83,8,1,54,36,33,11,11,0,0,3,5,79,43,28,18,10,9,11,TennisMyLife,2020_challenger.csv,2020,2026-08-23T06:37:21.010456+00:00,1175,284130d96dfcc47ccd92499395dd3966,NEW_MATCH,0,,jack draper,roberto ortega olmedo,potchefstroom,r32,hard
2020-8371,Potchefstroom,Hard,24,C,,20200315,8,M0EJ,8,,Lorenzo Musetti,R,185,ITA,18.034,287,148,CO11,,,Simon Carr,R,183,IRL,20.353,531,54,6-2 7-5,3,R32,80,2,2,59,41,30,11,10,2,3,2,3,72,35,25,14,10,6,10,TennisMyLife,2020_challenger.csv,2020,2026-08-23T06:37:21.010456+00:00,1176,5836fe7a089a86f23408235fc1b58f54,NEW_MATCH,0,,lorenzo musetti,simon carr,potchefstroom,r32,hard
2020-8371,Potchefstroom,Hard,24,C,,20200315,9,D917,,,Sadio Doumbia,R,183,FRA,29.506,401,88,G09C,,,Marek Gengel,R,185,CZE,24.493,478,65,6-4 6-2,3,R32,74,4,2,57,34,24,13,9,2,3,2,4,62,39,24,10,9,7,11,TennisMyLife,2020_challenger.csv,2020,2026-08-23T06:37:21.010456+00:00,1177,760f5cbe5719192753516ab9a12a1580,NEW_MATCH,0,,sadio doumbia,marek gengel,potchefstroom,r32,hard
2020-8371,Potchefstroom,Hard,24,C,,20200315,10,LD26,,,Edan Leshem,R,183,ISR,22.99,356,107,O423,,,Fabrizio Ornago,R,191,ITA,27.89,406,86,6-1 3-6 6-2,3,R32,106,13,6,78,43,33,18,12,6,8,4,5,77,37,29,14,12,3,8,TennisMyLife,2020_challenger.csv,2020,2026-08-23T06:37:21.010456+00:00,1178,7bf976675e5cdfb58ade909e76956ee3,NEW_MATCH,0,,edan leshem,fabrizio ornago,potchefstroom,r32,hard
2020-8371,Potchefstroom,Hard,24,C,,20200315,11,LC54,,,Benjamin Lock,R,198,ZIM,27.031,433,79,PL38,,,Sebastian Prechtel,R,185,GER,23.836,785,20,7-6(4) 6-1,3,R32,86,4,0,66,45,30,16,10,6,7,5,3,68,39,25,13,9,5,8,TennisMyLife,2020_challenger.csv,2020,2026-08-23T06:37:21.010456+00:00,1179,aa3161b90dabc02862f095fb8019e3b2,NEW_MATCH,0,,benjamin lock,sebastian prechtel,potchefstroom,r32,hard
2020-8371,Potchefstroom,Hard,24,C,,20200315,12,MO55,,,Lucas Miedler,R,183,AUT,23.732,294,141,HB07,,,Vaughn Hunter,L,,RSA,25.484,1188,5,6-2 3-6 6-0,3,R32,76,7,2,61,40,31,11,11,4,5,3,5,62,34,23,10,12,0,5,TennisMyLife,2020_challenger.csv,2020,2026-08-23T06:37:21.010456+00:00,1180,ff0dd9887b3c986f828fbb863894ef59,NEW_MATCH,0,,lucas miedler,vaughn hunter,potchefstroom,r32,hard
2020-8371,Potchefstroom,Hard,24,C,,20200315,13,PI95,,,David Pichler,R,178,AUT,24.068,483,63,TG90,,,Jean Thirouin,R,188,FRA,22.489,626,35,6-2 6-3,3,R32,71,5,1,43,22,17,16,8,0,0,3,3,58,32,22,9,9,2,6,TennisMyLife,2020_challenger.csv,2020,2026-08-23T06:37:21.010456+00:00,1181,a7f9096f832bd402b7e0d92ddc700fb2,NEW_MATCH,0,,david pichler,jean thirouin,potchefstroom,r32,hard
2020-8371,Potchefstroom,Hard,24,C,,20200315,14,RB86,,,Sidharth Rawat,R,175,IND,26.899,445,74,KE05,,,Danylo Kalenichenko,R,188,UKR,26.114,463,69,5-7 6-3 6-2,3,R32,119,7,3,89,56,45,17,15,3,4,5,4,95,53,36,24,14,10,13,TennisMyLife,2020_challenger.csv,2020,2026-08-23T06:37:21.010456+00:00,1182,3c08dddbee2c3876e376920cf6a65714,NEW_MATCH,0,,sidharth rawat,danylo kalenichenko,potchefstroom,r32,hard
2020-8371,Potchefstroom,Hard,24,C,,20200315,15,RE45,,,Fabien Reboul,R,185,FRA,24.515,719,25,B0H3,,,Gerhardt Marius Becker,L,,RSA,19.595,,,6-3 6-3,3,R32,191,10,8,55,20,17,17,9,5,7,1,4,61,29,16,13,9,1,6,TennisMyLife,2020_challenger.csv,2020,2026-08-23T06:37:21.010456+00:00,1183,6dcb94ec833ec9fd1e86c83660120dfc,NEW_MATCH,0,,fabien reboul,gerhardt marius becker,potchefstroom,r32,hard
2020-8371,Potchefstroom,Hard,24,C,,20200315,16,SK51,,,Tobias Simon,R,198,GER,28.827,431,80,MP94,,,Adam Moundir,R,191,MAR,24.887,462,69,7-5 6-3,3,R32,55,22,6,59,36,31,13,11,0,0,4,1,47,26,19,13,10,0,2,TennisMyLife,2020_challenger.csv,2020,2026-08-23T06:37:21.010456+00:00,1184,f28914329e1416c76d890838aa2126bb,NEW_MATCH,0,,tobias simon,adam moundir,potchefstroom,r32,hard
2020-8371,Potchefstroom,Hard,24,C,,20200315,17,BM95,1,,Benjamin Bonzi,R,183,FRA,23.765,241,204,RB86,,,Sidharth Rawat,R,175,IND,26.899,445,74,6-3 7-5,3,R16,73,2,1,62,45,32,10,11,1,3,4,1,58,32,25,9,10,3,7,TennisMyLife,2020_challenger.csv,2020,2026-08-23T06:37:21.010456+00:00,1185,55c94a46217b12e2301170962e3f6375,NEW_MATCH,0,,benjamin bonzi,sidharth rawat,potchefstroom,r16,hard
2020-8371,Potchefstroom,Hard,24,C,,20200315,18,GF95,2,,Hugo Grenier,R,196,FRA,23.978,242,204,MO55,,,Lucas Miedler,R,183,AUT,23.732,294,141,7-6(7) 6-3,3,R16,102,21,4,75,50,44,8,11,3,4,6,0,66,46,33,11,10,1,3,TennisMyLife,2020_challenger.csv,2020,2026-08-23T06:37:21.010456+00:00,1186,c20c70deb6ca87471dfc8a43287904cd,NEW_MATCH,0,,hugo grenier,lucas miedler,potchefstroom,r16,hard
2020-8371,Potchefstroom,Hard,24,C,,20200315,19,BA65,4,,Dustin Brown,R,196,JAM,35.266,246,202,PI95,,,David Pichler,R,178,AUT,24.068,483,63,6-3 3-6 6-3,3,R16,86,15,9,95,55,43,20,14,4,5,5,4,67,40,31,17,13,1,3,TennisMyLife,2020_challenger.csv,2020,2026-08-23T06:37:21.010456+00:00,1187,875b7bf2076d07e30e0d4b620733a98a,NEW_MATCH,0,,dustin brown,david pichler,potchefstroom,r16,hard
2020-8371,Potchefstroom,Hard,24,C,,20200315,20,D917,,,Sadio Doumbia,R,183,FRA,29.506,401,88,KD87,5,,Evgeny Karlovskiy,R,191,RUS,25.604,249,198,6-4 2-6 7-6(1),3,R16,135,8,6,108,65,41,23,15,12,17,7,17,93,57,42,13,15,5,9,TennisMyLife,2020_challenger.csv,2020,2026-08-23T06:37:21.010456+00:00,1188,b06e896afc5fb38c151a8ee363ddc42a,NEW_MATCH,0,,sadio doumbia,evgeny karlovskiy,potchefstroom,r16,hard
2020-8371,Potchefstroom,Hard,24,C,,20200315,21,MN20,6,,Daniel Masur,R,183,GER,25.355,252,195,LD26,,,Edan Leshem,R,183,ISR,22.99,356,107,NA-6 1-1 RET,3,R16,57,3,1,40,27,17,7,5,4,5,4,2,32,15,13,11,6,0,0,TennisMyLife,2020_challenger.csv,2020,2026-08-23T06:37:21.010456+00:00,1189,d905a8e5ef0f10bcfa959615ed888414,NEW_MATCH,0,,daniel masur,edan leshem,potchefstroom,r16,hard
2020-8371,Potchefstroom,Hard,24,C,,20200315,22,LC54,,,Benjamin Lock,R,198,ZIM,27.031,433,79,M0EJ,8,,Lorenzo Musetti,R,185,ITA,18.034,287,148,7-5 7-5,3,R16,100,5,0,71,42,31,16,12,2,4,4,5,85,50,34,14,12,4,8,TennisMyLife,2020_challenger.csv,2020,2026-08-23T06:37:21.010456+00:00,1190,f817c9b0b063a618ed57815c2d9948cf,NEW_MATCH,0,,benjamin lock,lorenzo musetti,potchefstroom,r16,hard
2020-8371,Potchefstroom,Hard,24,C,,20200315,23,RE45,,,Fabien Reboul,R,185,FRA,24.515,719,25,SZ29,,,Mehluli Don Ayanda Sibanda,R,173,ZIM,20.356,816,18,6-4 6-2,3,R16,64,1,1,52,26,18,19,9,1,2,3,3,50,30,19,6,9,2,6,TennisMyLife,2020_challenger.csv,2020,2026-08-23T06:37:21.010456+00:00,1191,b940c9ea13379285258d2d8bfb352ba8,NEW_MATCH,0,,fabien reboul,mehluli don ayanda sibanda,potchefstroom,r16,hard
2020-600,Prague,Clay,48,C,,20200822,1,CI14,,,Jay Clarke,R,183,GBR,22.073,167,313,PG20,,,Dmitry Popko,R,191,KAZ,23.828,176,290,7-6(3) 3-6 6-3,3,R64,183,3,5,111,52,31,21,15,10,19,2,13,115,61,29,24,15,11,20,TennisMyLife,2020_challenger.csv,2020,2026-08-23T06:37:21.010456+00:00,1192,44bdea9098ef206f7a126d402b8222b3,NEW_MATCH,0,,jay clarke,dmitry popko,prague,r64,clay
2020-600,Prague,Clay,48,C,,20200822,2,D981,,,Arthur De Greef,R,183,BEL,28.405,323,123,CG94,,,Enzo Couacaud,R,183,FRA,25.478,179,286,6-2 6-0,3,R64,74,0,4,53,18,16,19,7,2,2,2,5,42,18,9,7,7,2,7,TennisMyLife,2020_challenger.csv,2020,2026-08-23T06:37:21.010456+00:00,1193,fef04a62b14ec73a1a44c5b1d1c3cdb3,NEW_MATCH,0,,arthur de greef,enzo couacaud,prague,r64,clay
2020-600,Prague,Clay,48,C,,20200822,3,F0BT,,,Jonas Forejtek,R,183,CZE,19.452,436,79,V812,,,Botic van de Zandschulp,R,191,NED,24.884,173,292,6-4 2-6 6-4,3,R64,122,3,3,105,65,38,20,14,6,10,7,7,102,56,39,18,14,8,12,TennisMyLife,2020_challenger.csv,2020,2026-08-23T06:37:21.010456+00:00,1194,f73594e9b78c42eed03186858d2aabb3,NEW_MATCH,0,,jonas forejtek,botic van de zandschulp,prague,r64,clay
2020-600,Prague,Clay,48,C,,20200822,4,GJ37,,,Tallon Griekspoor,R,188,NED,24.14,190,271,KB54,,,Andrey Kuznetsov,R,183,RUS,29.498,782,25,7-6(4) 7-6(5),3,R64,103,6,8,91,50,40,21,12,7,9,7,6,80,40,29,21,12,1,3,TennisMyLife,2020_challenger.csv,2020,2026-08-23T06:37:21.010456+00:00,1195,697cc9ae3841f9e6b2a9d9415418e05c,NEW_MATCH,0,,tallon griekspoor,andrey kuznetsov,prague,r64,clay
2020-600,Prague,Clay,48,C,,20200822,5,KC56,,,Aslan Karatsev,R,185,RUS,26.965,253,194,H756,,,Robin Haase,R,191,NED,33.38,170,305,6-4 6-2,3,R64,73,3,4,48,25,19,13,9,3,5,2,9,57,30,20,7,9,5,10,TennisMyLife,2020_challenger.csv,2020,2026-08-23T06:37:21.010456+00:00,1196,cb8e149458a36e6b6b95b95c28fde0ff,NEW_MATCH,0,,aslan karatsev,robin haase,prague,r64,clay
2020-600,Prague,Clay,48,C,,20200822,6,KH56,,,Zdenek Kolar,R,183,CZE,23.869,229,215,N974,,,Petr Nouza,R,193,CZE,21.952,609,38,6-2 6-1,3,R64,58,1,1,33,21,17,9,7,0,1,2,3,56,33,16,8,8,3,9,TennisMyLife,2020_challenger.csv,2020,2026-08-23T06:37:21.010456+00:00,1197,4ba47e49d8e517e8d2b307401bdd7a6c,NEW_MATCH,0,,zdenek kolar,petr nouza,prague,r64,clay
2020-600,Prague,Clay,48,C,,20200822,7,L0BV,,,Jiri Lehecka,R,185,CZE,18.787,617,36,KI74,,,Nicola Kuhn,R,185,GER,20.424,232,212,6-3 6-3,3,R64,80,4,3,59,35,22,13,9,4,6,3,6,55,24,15,10,9,3,8,TennisMyLife,2020_challenger.csv,2020,2026-08-23T06:37:21.010456+00:00,1198,6434904e9984b089da2392669f45667c,NEW_MATCH,0,,jiri lehecka,nicola kuhn,prague,r64,clay
2020-600,Prague,Clay,48,C,,20200822,8,M0FH,,,Tomas Machac,R,183,CZE,19.858,256,189,SC77,,,Sergiy Stakhovsky,R,193,UKR,34.626,169,307,7-5 6-2,3,R64,89,4,1,63,37,26,15,10,3,4,1,6,65,37,24,12,10,7,11,TennisMyLife,2020_challenger.csv,2020,2026-08-23T06:37:21.010456+00:00,1199,bf7e2cd001a648627697b2f845cdea30,NEW_MATCH,0,,tomas machac,sergiy stakhovsky,prague,r64,clay
2020-600,Prague,Clay,48,C,,20200822,9,MB53,,,Adrian Menendez-Maceiras,R,183,ESP,34.817,264,179,M0AC,,,Rudolf Molleker,R,188,GER,19.822,189,273,7-6(4) 6-3,3,R64,97,3,0,70,47,36,16,11,0,0,5,2,73,38,28,18,10,3,4,TennisMyLife,2020_challenger.csv,2020,2026-08-23T06:37:21.010456+00:00,1200,977fe05b9bef4c3248043f4a7bacb466,NEW_MATCH,0,,adrian menendez maceiras,rudolf molleker,prague,r64,clay
2020-600,Prague,Clay,48,C,,20200822,10,MJ71,,,Mats Moraing,L,198,GER,28.172,263,179,V717,,,Alexey Vatutin,R,178,RUS,27.819,227,218,5-7 6-3 6-2,3,R64,98,14,6,86,44,36,21,15,5,8,1,5,77,45,30,14,14,4,9,TennisMyLife,2020_challenger.csv,2020,2026-08-23T06:37:21.010456+00:00,1201,21e177e815b8d7a26dc1fe06e57c7dc6,NEW_MATCH,0,,mats moraing,alexey vatutin,prague,r64,clay
2020-600,Prague,Clay,48,C,,20200822,11,O449,,,Oscar Otte,R,193,GER,27.102,217,231,J267,,,Malek Jaziri,R,185,TUN,36.589,261,181,6-4 6-0,3,R64,68,6,4,42,20,16,13,8,0,1,2,5,64,29,15,14,8,6,11,TennisMyLife,2020_challenger.csv,2020,2026-08-23T06:37:21.010456+00:00,1202,6a5253a32188455e77324e6533cdeee9,NEW_MATCH,0,,oscar otte,malek jaziri,prague,r64,clay
2020-600,Prague,Clay,48,C,,20200822,12,P0EV,,,Andrew Paulson,R,191,CZE,18.765,822,18,HA28,,,Filip Horansky,R,191,SVK,27.622,171,303,6-3 2-6 6-3,3,R64,100,3,9,77,37,26,24,13,6,9,7,10,81,52,39,7,13,3,7,TennisMyLife,2020_challenger.csv,2020,2026-08-23T06:37:21.010456+00:00,1203,cb0c21ec57cb8c5f462d50f0e7f3e24c,NEW_MATCH,0,,andrew paulson,filip horansky,prague,r64,clay
2020-600,Prague,Clay,48,C,,20200822,13,SX50,,,Roman Safiullin,R,185,RUS,23.042,178,286,R685,,,Lukas Rosol,R,193,CZE,35.08,180,285,7-5 6-2,3,R64,85,1,5,69,42,28,20,10,5,5,4,4,68,37,25,15,10,3,6,TennisMyLife,2020_challenger.csv,2020,2026-08-23T06:37:21.010456+00:00,1204,09069226aed12aff2789fc0bd47cd78b,NEW_MATCH,0,,roman safiullin,lukas rosol,prague,r64,clay
2020-600,Prague,Clay,48,C,,20200822,14,SK67,,,Jan Satral,R,185,CZE,30.081,378,99,BE54,,,Ruben Bemelmans,L,183,BEL,32.605,215,235,7-5 7-5,3,R64,92,8,6,69,34,29,16,12,4,6,8,3,79,41,27,16,12,5,9,TennisMyLife,2020_challenger.csv,2020,2026-08-23T06:37:21.010456+00:00,1205,669906e7169bf3a4272a412971767f3e,NEW_MATCH,0,,jan satral,ruben bemelmans,prague,r64,clay
2020-600,Prague,Clay,48,C,,20200822,15,V0B2,,,Michael Vrbensky,R,,CZE,20.657,405,90,MN20,,,Daniel Masur,R,183,GER,25.793,250,199,7-5 7-5,3,R64,121,5,8,89,43,29,23,12,7,10,2,4,91,52,27,22,12,4,9,TennisMyLife,2020_challenger.csv,2020,2026-08-23T06:37:21.010456+00:00,1206,4db7caec707186e5a46680774765fc65,NEW_MATCH,0,,michael vrbensky,daniel masur,prague,r64,clay
2020-600,Prague,Clay,48,C,,20200822,16,Y218,,,Elias Ymer,R,185,SWE,24.367,201,254,KD87,,,Evgeny Karlovskiy,R,191,RUS,26.042,248,202,6-3 6-4,3,R64,94,3,4,79,41,28,17,10,3,6,0,16,57,25,17,9,9,8,13,TennisMyLife,2020_challenger.csv,2020,2026-08-23T06:37:21.010456+00:00,1207,796c8b79c071b957d6c721aa2c05f992,NEW_MATCH,0,,elias ymer,evgeny karlovskiy,prague,r64,clay
2020-600,Prague,Clay,48,C,,20200822,17,W367,,,Stan Wawrinka,R,183,SUI,35.403,17,2060,SX50,,,Roman Safiullin,R,185,RUS,23.042,178,286,6-1 4-6 6-1,3,R32,110,5,4,85,42,26,26,12,5,7,1,2,91,58,29,15,12,7,13,TennisMyLife,2020_challenger.csv,2020,2026-08-23T06:37:21.010456+00:00,1208,8b3660b70ef620c21517a42a8ec672a5,NEW_MATCH,0,,stan wawrinka,roman safiullin,prague,r32,clay
2020-600,Prague,Clay,48,C,,20200822,18,KC56,,,Aslan Karatsev,R,185,RUS,26.965,253,194,V708,2,,Jiri Vesely,L,198,CZE,27.118,65,785,6-3 6-4,3,R32,88,4,3,66,32,24,19,10,4,5,7,6,55,28,22,9,9,2,5,TennisMyLife,2020_challenger.csv,2020,2026-08-23T06:37:21.010456+00:00,1209,a4e2ef0d16ea36c707ad43a9683f7921,NEW_MATCH,0,,aslan karatsev,jiri vesely,prague,r32,clay
2020-600,Prague,Clay,48,C,,20200822,19,H996,3,,Pierre-Hugues Herbert,R,188,FRA,29.432,71,740,F0BT,,,Jonas Forejtek,R,183,CZE,19.452,436,79,2-6 6-4 6-3,3,R32,118,5,9,100,51,40,18,14,7,11,1,1,78,48,31,17,13,2,6,TennisMyLife,2020_challenger.csv,2020,2026-08-23T06:37:21.010456+00:00,1210,583e423ba192e4716507addb98028444,NEW_MATCH,0,,pierre hugues herbert,jonas forejtek,prague,r32,clay
2020-600,Prague,Clay,48,C,,20200822,20,K435,4,,Philipp Kohlschreiber,R,178,GER,36.851,74,729,MJ71,,,Mats Moraing,L,198,GER,28.172,263,179,6-1 7-6(3),3,R32,77,3,1,55,26,19,16,9,2,4,7,7,68,31,18,16,10,5,10,TennisMyLife,2020_challenger.csv,2020,2026-08-23T06:37:21.010456+00:00,1211,dae4ca4f10bf13c39b62163bb8c9d995,NEW_MATCH,0,,philipp kohlschreiber,mats moraing,prague,r32,clay
2020-600,Prague,Clay,48,C,,20200822,21,KC04,5,,Jozef Kovalik,R,183,SVK,27.797,122,447,MB53,,,Adrian Menendez-Maceiras,R,183,ESP,34.817,264,179,4-6 6-1 6-2,3,R32,125,6,3,72,33,25,22,13,2,5,2,7,85,41,27,16,12,7,13,TennisMyLife,2020_challenger.csv,2020,2026-08-23T06:37:21.010456+00:00,1212,91bc810fbc8ba4362c8dfb3aae178d2f,NEW_MATCH,0,,jozef kovalik,adrian menendez maceiras,prague,r32,clay
2020-600,Prague,Clay,48,C,,20200822,22,N897,6,,Sumit Nagal,R,178,IND,23.017,127,423,CI14,,,Jay Clarke,R,183,GBR,22.073,167,313,6-3 5-7 4-1 RET,3,R32,131,1,4,81,57,36,8,13,5,10,5,4,92,50,27,16,13,9,16,TennisMyLife,2020_challenger.csv,2020,2026-08-23T06:37:21.010456+00:00,1213,98476b4938202cacc072f9e531eb746e,NEW_MATCH,0,,sumit nagal,jay clarke,prague,r32,clay
2020-600,Prague,Clay,48,C,,20200822,23,L949,7,,Henri Laaksonen,R,185,SUI,28.394,137,400,SK67,,,Jan Satral,R,185,CZE,30.081,378,99,6-3 3-6 7-5,3,R32,128,6,4,86,36,27,33,15,2,4,10,9,116,45,31,37,15,9,12,TennisMyLife,2020_challenger.csv,2020,2026-08-23T06:37:21.010456+00:00,1214,58c21c2284199cb25539475972357fac,NEW_MATCH,0,,henri laaksonen,jan satral,prague,r32,clay
2020-600,Prague,Clay,48,C,,20200822,24,M0FH,,,Tomas Machac,R,183,CZE,19.858,256,189,I305,8,,Ilya Ivashka,R,193,BLR,26.491,138,396,6-0 7-5,3,R32,78,4,2,57,30,21,15,9,6,8,0,10,48,21,15,7,9,5,11,TennisMyLife,2020_challenger.csv,2020,2026-08-23T06:37:21.010456+00:00,1215,c2b9dd9203cb559cd216c892890b33c0,NEW_MATCH,0,,tomas machac,ilya ivashka,prague,r32,clay
2020-600,Prague,Clay,48,C,,20200822,25,L0BV,,,Jiri Lehecka,R,185,CZE,18.787,617,36,RA51,9,,Blaz Rola,L,193,SLO,29.881,141,387,6-4 7-6(4),3,R32,109,9,2,82,48,37,14,11,6,8,4,7,77,41,28,17,11,5,8,TennisMyLife,2020_challenger.csv,2020,2026-08-23T06:37:21.010456+00:00,1216,c1ec4f67c1e3120d3ea742bcc0754c52,NEW_MATCH,0,,jiri lehecka,blaz rola,prague,r32,clay
2020-600,Prague,Clay,48,C,,20200822,26,MH16,10,,Yannick Maden,R,185,GER,30.817,149,370,D981,,,Arthur De Greef,R,183,BEL,28.405,323,123,6-3 6-4,3,R32,105,2,3,60,32,20,17,9,3,5,3,2,83,38,24,19,10,9,14,TennisMyLife,2020_challenger.csv,2020,2026-08-23T06:37:21.010456+00:00,1217,bde1675de3e796b63c0526860b4c9633,NEW_MATCH,0,,yannick maden,arthur de greef,prague,r32,clay
2020-600,Prague,Clay,48,C,,20200822,27,GJ37,,,Tallon Griekspoor,R,188,NED,24.14,190,271,CG33,11,,Kimmer Coppejans,R,178,BEL,26.538,154,353,5-7 6-4 6-3,3,R32,129,8,6,92,51,34,26,15,7,10,5,2,100,60,38,20,16,3,8,TennisMyLife,2020_challenger.csv,2020,2026-08-23T06:37:21.010456+00:00,1218,fe41dd03aaf986760e24b0c7e4975aee,NEW_MATCH,0,,tallon griekspoor,kimmer coppejans,prague,r32,clay
2020-600,Prague,Clay,48,C,,20200822,28,Y218,,,Elias Ymer,R,185,SWE,24.367,201,254,K966,12,,Martin Klizan,L,191,SVK,31.116,159,327,6-2 2-6 6-2,3,R32,111,4,1,68,40,25,19,12,3,6,7,3,78,40,24,19,12,1,6,TennisMyLife,2020_challenger.csv,2020,2026-08-23T06:37:21.010456+00:00,1219,dc61249de422d833656b0e4b2a2ec959,NEW_MATCH,0,,elias ymer,martin klizan,prague,r32,clay
2020-600,Prague,Clay,48,C,,20200822,29,O449,,,Oscar Otte,R,193,GER,27.102,217,231,RC91,13,,Arthur Rinderknech,R,196,FRA,25.084,161,323,6-2 6-3,3,R32,67,5,2,44,22,21,15,9,0,0,6,3,54,32,23,8,8,4,7,TennisMyLife,2020_challenger.csv,2020,2026-08-23T06:37:21.010456+00:00,1220,c6247bd9e577a747dfb49bafa786f5c9,NEW_MATCH,0,,oscar otte,arthur rinderknech,prague,r32,clay
2020-600,Prague,Clay,48,C,,20200822,30,G858,14,,Ernests Gulbis,R,191,LAT,31.978,162,321,P0EV,,,Andrew Paulson,R,191,CZE,18.765,822,18,7-5 5-7 6-4,3,R32,161,7,8,104,45,36,33,17,10,12,10,3,96,46,34,32,17,5,8,TennisMyLife,2020_challenger.csv,2020,2026-08-23T06:37:21.010456+00:00,1221,720fade2db2464067f558987110da413,NEW_MATCH,0,,ernests gulbis,andrew paulson,prague,r32,clay
2020-600,Prague,Clay,48,C,,20200822,31,KH56,,,Zdenek Kolar,R,183,CZE,23.869,229,215,O513,15,,Sebastian Ofner,R,191,AUT,24.279,163,321,7-6(7) 7-5,3,R32,116,7,6,93,51,35,23,12,5,7,4,6,75,32,27,20,12,1,4,TennisMyLife,2020_challenger.csv,2020,2026-08-23T06:37:21.010456+00:00,1222,45f9ac1bc9ecd40d3e29a5a953e3362a,NEW_MATCH,0,,zdenek kolar,sebastian ofner,prague,r32,clay
2020-600,Prague,Clay,48,C,,20200822,32,V0B2,,,Michael Vrbensky,R,,CZE,20.657,405,90,D916,16,,Steven Diez,R,175,CAN,29.435,165,315,7-5 6-3,3,R32,97,4,2,56,26,17,20,10,2,4,1,2,68,31,18,18,11,6,11,TennisMyLife,2020_challenger.csv,2020,2026-08-23T06:37:21.010456+00:00,1223,a455fd20299aef8daff55e9f4cc6ed1e,NEW_MATCH,0,,michael vrbensky,steven diez,prague,r32,clay
2020-600,Prague,Clay,48,C,,20200822,33,W367,,,Stan Wawrinka,R,183,SUI,35.403,17,2060,O449,,,Oscar Otte,R,193,GER,27.102,217,231,3-6 7-5 6-1,3,R16,114,3,5,84,47,37,23,14,6,7,9,2,97,47,33,24,14,7,10,TennisMyLife,2020_challenger.csv,2020,2026-08-23T06:37:21.010456+00:00,1224,2fe76bf60862094c4861b73e066427a6,NEW_MATCH,0,,stan wawrinka,oscar otte,prague,r16,clay
2020-600,Prague,Clay,48,C,,20200822,34,H996,3,,Pierre-Hugues Herbert,R,188,FRA,29.432,71,740,KH56,,,Zdenek Kolar,R,183,CZE,23.869,229,215,7-6(3) 2-6 6-3,3,R16,139,4,6,98,48,30,26,14,6,10,2,4,101,69,41,16,15,5,9,TennisMyLife,2020_challenger.csv,2020,2026-08-23T06:37:21.010456+00:00,1225,9a1cfb55f2dea90279ecb6e957388d20,NEW_MATCH,0,,pierre hugues herbert,zdenek kolar,prague,r16,clay
2020-600,Prague,Clay,48,C,,20200822,35,V0B2,,,Michael Vrbensky,R,,CZE,20.657,405,90,K435,4,,Philipp Kohlschreiber,R,178,GER,36.851,74,729,W/O,3,R16,,,,,,,,,,,,,,,,,,,,TennisMyLife,2020_challenger.csv,2020,2026-08-23T06:37:21.010456+00:00,1226,bd8215931fa56f1ec58033a2956f58a4,NEW_MATCH,0,,michael vrbensky,philipp kohlschreiber,prague,r16,clay
2020-600,Prague,Clay,48,C,,20200822,36,GJ37,,,Tallon Griekspoor,R,188,NED,24.14,190,271,KC04,5,,Jozef Kovalik,R,183,SVK,27.797,122,447,6-1 1-6 6-1,3,R16,90,3,1,64,37,23,16,11,5,8,0,3,63,36,21,13,10,5,10,TennisMyLife,2020_challenger.csv,2020,2026-08-23T06:37:21.010456+00:00,1227,e368871f398fd007fc134ce90f96e3cd,NEW_MATCH,0,,tallon griekspoor,jozef kovalik,prague,r16,clay
2020-600,Prague,Clay,48,C,,20200822,37,N897,6,,Sumit Nagal,R,178,IND,23.017,127,423,L0BV,,,Jiri Lehecka,R,185,CZE,18.787,617,36,5-7 7-6(4) 6-3,3,R16,141,1,9,102,71,53,9,17,3,8,2,3,108,62,39,23,16,6,11,TennisMyLife,2020_challenger.csv,2020,2026-08-23T06:37:21.010456+00:00,1228,1745a19ca3eb2cb40ab1ee504cb5796f,NEW_MATCH,0,,sumit nagal,jiri lehecka,prague,r16,clay
2020-600,Prague,Clay,48,C,,20200822,38,L949,7,,Henri Laaksonen,R,185,SUI,28.394,137,400,MH16,10,,Yannick Maden,R,185,GER,30.817,149,370,3-6 6-4 6-3,3,R16,129,9,1,91,46,35,19,14,9,14,0,3,100,65,38,15,14,3,9,TennisMyLife,2020_challenger.csv,2020,2026-08-23T06:37:21.010456+00:00,1229,ea77debeb9890cf6313278bc92a0dd27,NEW_MATCH,0,,henri laaksonen,yannick maden,prague,r16,clay
2020-600,Prague,Clay,48,C,,20200822,39,KC56,,,Aslan Karatsev,R,185,RUS,26.965,253,194,G858,14,,Ernests Gulbis,R,191,LAT,31.978,162,321,6-3 6-3,3,R16,77,6,4,55,30,22,17,9,2,2,6,7,52,24,18,12,9,5,8,TennisMyLife,2020_challenger.csv,2020,2026-08-23T06:37:21.010456+00:00,1230,009c33b1e26fbcaa65be3de1317c41de,NEW_MATCH,0,,aslan karatsev,ernests gulbis,prague,r16,clay
2020-600,Prague,Clay,48,C,,20200822,40,Y218,,,Elias Ymer,R,185,SWE,24.367,201,254,M0FH,,,Tomas Machac,R,183,CZE,19.858,256,189,4-6 6-3 6-0,3,R16,136,8,0,74,44,28,18,13,2,5,2,2,102,53,33,19,12,6,12,TennisMyLife,2020_challenger.csv,2020,2026-08-23T06:37:21.010456+00:00,1231,cf37cd29b66d2b279c3758f0c0ab7f09,NEW_MATCH,0,,elias ymer,tomas machac,prague,r16,clay
2020-600,Prague,Clay,48,C,,20200822,41,W367,,,Stan Wawrinka,R,183,SUI,35.403,17,2060,N897,6,,Sumit Nagal,R,178,IND,23.017,127,423,2-6 6-0 6-1,3,QF,79,5,4,70,41,32,15,11,1,3,1,7,60,46,30,1,10,1,6,TennisMyLife,2020_challenger.csv,2020,2026-08-23T06:37:21.010456+00:00,1232,a86f21f8b0930a5a4f72248ca63a6523,NEW_MATCH,0,,stan wawrinka,sumit nagal,prague,qf,clay
2020-600,Prague,Clay,48,C,,20200822,42,H996,3,,Pierre-Hugues Herbert,R,188,FRA,29.432,71,740,GJ37,,,Tallon Griekspoor,R,188,NED,24.14,190,271,7-5 5-7 6-3,3,QF,141,7,10,115,65,44,18,17,10,16,3,5,95,56,33,19,16,8,15,TennisMyLife,2020_challenger.csv,2020,2026-08-23T06:37:21.010456+00:00,1233,9156bec23d6e926e33ebaef5e7231e28,NEW_MATCH,0,,pierre hugues herbert,tallon griekspoor,prague,qf,clay
2020-600,Prague,Clay,48,C,,20200822,43,KC56,,,Aslan Karatsev,R,185,RUS,26.965,253,194,L949,7,,Henri Laaksonen,R,185,SUI,28.394,137,400,7-6(3) 6-4,3,QF,119,8,6,71,33,25,20,11,1,3,8,4,98,52,31,25,11,8,11,TennisMyLife,2020_challenger.csv,2020,2026-08-23T06:37:21.010456+00:00,1234,02554f5f46ba11cbe6e7aa28a3327f99,NEW_MATCH,0,,aslan karatsev,henri laaksonen,prague,qf,clay
2020-600,Prague,Clay,48,C,,20200822,44,V0B2,,,Michael Vrbensky,R,,CZE,20.657,405,90,Y218,,,Elias Ymer,R,185,SWE,24.367,201,254,6-2 3-6 6-4,3,QF,143,2,2,86,37,29,26,13,8,10,2,4,91,55,33,21,14,4,8,TennisMyLife,2020_challenger.csv,2020,2026-08-23T06:37:21.010456+00:00,1235,6069edaca123fe4ccf0fccd4119b5749,NEW_MATCH,0,,michael vrbensky,elias ymer,prague,qf,clay
2020-600,Prague,Clay,48,C,,20200822,45,W367,,,Stan Wawrinka,R,183,SUI,35.403,17,2060,V0B2,,,Michael Vrbensky,R,,CZE,20.657,405,90,5-7 6-3 6-3,3,SF,140,7,3,87,49,38,21,15,5,7,0,5,99,42,30,30,15,6,10,TennisMyLife,2020_challenger.csv,2020,2026-08-23T06:37:21.010456+00:00,1236,a34953e61fb1d55adb9600d99aaef305,NEW_MATCH,0,,stan wawrinka,michael vrbensky,prague,sf,clay
2020-600,Prague,Clay,48,C,,20200822,46,KC56,,,Aslan Karatsev,R,185,RUS,26.965,253,194,H996,3,,Pierre-Hugues Herbert,R,188,FRA,29.432,71,740,7-5 7-6(7),3,SF,133,3,6,92,51,39,18,12,3,5,5,4,85,54,34,17,12,8,11,TennisMyLife,2020_challenger.csv,2020,2026-08-23T06:37:21.010456+00:00,1237,68dee637b1da50feb056048d277e4a3e,NEW_MATCH,0,,aslan karatsev,pierre hugues herbert,prague,sf,clay
2020-600,Prague,Clay,48,C,,20200822,47,W367,,,Stan Wawrinka,R,183,SUI,35.403,17,2060,KC56,,,Aslan Karatsev,R,185,RUS,26.965,253,194,7-6(2) 6-4,3,F,104,10,2,70,41,37,14,11,1,1,2,8,81,39,27,24,11,5,6,TennisMyLife,2020_challenger.csv,2020,2026-08-23T06:37:21.010456+00:00,1238,6fe8527719d6d6b7d54d42582df81434,NEW_MATCH,0,,stan wawrinka,aslan karatsev,prague,f,clay
2020-7077,Prague,Clay,48,C,,20200822,1,BE54,,,Ruben Bemelmans,L,183,BEL,32.605,215,235,BT68,,,Elliot Benchetrit,R,193,MAR,21.889,208,242,7-5 6-2,3,R64,92,5,1,56,41,31,6,10,1,3,0,3,56,33,19,11,10,0,5,TennisMyLife,2020_challenger.csv,2020,2026-08-23T06:37:21.010456+00:00,1239,1d82429fdc5c3750c032748ba424980b,NEW_MATCH,0,,ruben bemelmans,elliot benchetrit,prague,r64,clay
2020-7077,Prague,Clay,48,C,,20200822,2,SN54,,,Frederico Ferreira Silva,L,178,POR,25.432,193,268,KD87,,,Evgeny Karlovskiy,R,191,RUS,26.042,248,202,6-2 7-5,3,R64,109,3,1,69,48,30,12,10,4,6,2,15,87,48,29,14,10,10,15,TennisMyLife,2020_challenger.csv,2020,2026-08-23T06:37:21.010456+00:00,1240,4453dc191e755317396a815ab70dacc1,NEW_MATCH,0,,frederico ferreira silva,evgeny karlovskiy,prague,r64,clay
2020-7077,Prague,Clay,48,C,,20200822,3,F0BT,,,Jonas Forejtek,R,183,CZE,19.452,436,79,V717,,,Alexey Vatutin,R,178,RUS,27.819,227,218,6-4 6-2,3,R64,65,0,2,44,26,23,9,9,0,1,0,2,59,39,22,9,9,4,8,TennisMyLife,2020_challenger.csv,2020,2026-08-23T06:37:21.010456+00:00,1241,9785460fbde2cee5d9f10c3d1276052a,NEW_MATCH,0,,jonas forejtek,alexey vatutin,prague,r64,clay
2020-7077,Prague,Clay,48,C,,20200822,4,G09C,,,Marek Gengel,R,185,CZE,24.931,486,65,G681,,,Teymuraz Gabashvili,R,185,GEO,35.25,257,188,6-2 7-6(1),3,R64,87,11,2,60,36,28,15,10,3,5,2,13,77,52,32,8,10,7,11,TennisMyLife,2020_challenger.csv,2020,2026-08-23T06:37:21.010456+00:00,1242,9802d84351b7045d8ed9e07ed7e6b6b2,NEW_MATCH,0,,marek gengel,teymuraz gabashvili,prague,r64,clay
2020-7077,Prague,Clay,48,C,,20200822,5,GF95,,,Hugo Grenier,R,196,FRA,24.416,243,207,SX50,,,Roman Safiullin,R,185,RUS,23.042,178,286,6-4 7-6(4),3,R64,118,0,3,79,61,40,10,11,8,10,1,7,83,51,31,18,11,7,10,TennisMyLife,2020_challenger.csv,2020,2026-08-23T06:37:21.010456+00:00,1243,4fcb00f4f2b813264b022082dab1befb,NEW_MATCH,0,,hugo grenier,roman safiullin,prague,r64,clay
2020-7077,Prague,Clay,48,C,,20200822,6,GJ37,,,Tallon Griekspoor,R,188,NED,24.14,190,271,KI63,,,Lukas Klein,R,193,SVK,22.42,306,135,6-4 7-6(5),3,R64,92,6,1,72,50,35,11,11,2,4,5,6,78,51,35,11,11,4,7,TennisMyLife,2020_challenger.csv,2020,2026-08-23T06:37:21.010456+00:00,1244,b429dc7981e8a2d1a8579c29d744c600,NEW_MATCH,0,,tallon griekspoor,lukas klein,prague,r64,clay
2020-7077,Prague,Clay,48,C,,20200822,7,KC56,,,Aslan Karatsev,R,185,RUS,26.965,253,194,CG94,,,Enzo Couacaud,R,183,FRA,25.478,179,286,3-6 7-5 7-5,3,R64,154,1,5,101,56,38,25,16,10,14,4,6,112,52,37,29,17,7,12,TennisMyLife,2020_challenger.csv,2020,2026-08-23T06:37:21.010456+00:00,1245,2f59d201bbbcf6706cca8e75b2dc0db4,NEW_MATCH,0,,aslan karatsev,enzo couacaud,prague,r64,clay
2020-7077,Prague,Clay,48,C,,20200822,8,KH56,,,Zdenek Kolar,R,183,CZE,23.869,229,215,D981,,,Arthur De Greef,R,183,BEL,28.405,323,123,6-4 6-1,3,R64,79,1,0,51,31,22,11,9,1,3,1,5,51,24,16,7,8,5,10,TennisMyLife,2020_challenger.csv,2020,2026-08-23T06:37:21.010456+00:00,1246,479f7b3d4370b8865bc6fdea9564a7de,NEW_MATCH,0,,zdenek kolar,arthur de greef,prague,r64,clay
2020-7077,Prague,Clay,48,C,,20200822,9,M0FH,,,Tomas Machac,R,183,CZE,19.858,256,189,C0AU,,,Francisco Cerundolo,R,185,ARG,22.026,244,204,6-2 4-6 6-0,3,R64,115,1,3,76,44,29,17,12,3,6,3,2,84,49,25,13,12,11,18,TennisMyLife,2020_challenger.csv,2020,2026-08-23T06:37:21.010456+00:00,1247,272f6cba829e881a425511649161371b,NEW_MATCH,0,,tomas machac,francisco cerundolo,prague,r64,clay
2020-7077,Prague,Clay,48,C,,20200822,10,MN20,,,Daniel Masur,R,183,GER,25.793,250,199,L0BV,,,Jiri Lehecka,R,185,CZE,18.787,617,36,4-6 6-3 7-6(2),3,R64,140,1,5,103,66,44,21,16,5,8,8,4,110,67,45,19,15,3,6,TennisMyLife,2020_challenger.csv,2020,2026-08-23T06:37:21.010456+00:00,1248,db06358abc53f39b462ff396bd7c3c6c,NEW_MATCH,0,,daniel masur,jiri lehecka,prague,r64,clay
2020-7077,Prague,Clay,48,C,,20200822,11,O482,,,Gonzalo Oliveira,L,185,VEN,25.511,278,163,J267,,,Malek Jaziri,R,185,TUN,36.589,261,181,6-4 6-4,3,R64,117,5,3,63,41,31,13,10,3,3,2,2,84,46,29,19,10,9,11,TennisMyLife,2020_challenger.csv,2020,2026-08-23T06:37:21.010456+00:00,1249,243907511536c26d882209ea02177abc,NEW_MATCH,0,,gonzalo oliveira,malek jaziri,prague,r64,clay
2020-7077,Prague,Clay,48,C,,20200822,12,O376,,,Renzo Olivo,R,178,ARG,28.438,209,241,R419,,,Tommy Robredo,R,180,ESP,38.311,214,239,4-6 6-4 6-1,3,R64,139,3,5,100,61,38,23,14,14,17,1,2,90,62,36,14,13,7,12,TennisMyLife,2020_challenger.csv,2020,2026-08-23T06:37:21.010456+00:00,1250,1037d956fe9f160fd1ac77bbcdea4b2d,NEW_MATCH,0,,renzo olivo,tommy robredo,prague,r64,clay
2020-7077,Prague,Clay,48,C,,20200822,13,O449,,,Oscar Otte,R,193,GER,27.102,217,231,MP20,,,Alexandre Muller,R,183,FRA,23.554,247,202,6-2 6-3,3,R64,70,3,1,50,23,20,16,8,1,1,0,2,67,54,30,5,9,6,10,TennisMyLife,2020_challenger.csv,2020,2026-08-23T06:37:21.010456+00:00,1251,9bd68c322d9a1e4a07be6dc41cb86583,NEW_MATCH,0,,oscar otte,alexandre muller,prague,r64,clay
2020-7077,Prague,Clay,48,C,,20200822,14,R685,,,Lukas Rosol,R,193,CZE,35.08,180,285,M0AC,,,Rudolf Molleker,R,188,GER,19.822,189,273,6-3 6-7(4) 7-5,3,R64,114,14,3,99,65,52,20,17,3,4,11,5,107,67,52,18,16,8,11,TennisMyLife,2020_challenger.csv,2020,2026-08-23T06:37:21.010456+00:00,1252,3f6baa263471fae91a63e49720c87005,NEW_MATCH,0,,lukas rosol,rudolf molleker,prague,r64,clay
2020-7077,Prague,Clay,48,C,,20200822,15,V0B2,,,Michael Vrbensky,R,,CZE,20.657,405,90,KD70,,,Pedja Krstin,R,183,SRB,25.969,246,203,6-1 6-3,3,R64,66,3,0,41,24,19,13,8,0,0,1,8,59,36,22,7,8,6,10,TennisMyLife,2020_challenger.csv,2020,2026-08-23T06:37:21.010456+00:00,1253,9e32f96b0cd3794b74410cb3574b2d8f,NEW_MATCH,0,,michael vrbensky,pedja krstin,prague,r64,clay
2020-7077,Prague,Clay,48,C,,20200822,16,Y218,,,Elias Ymer,R,185,SWE,24.367,201,254,J620,,,Maxime Janvier,R,196,FRA,23.844,191,270,6-3 7-6(4),3,R64,83,3,0,65,40,27,17,11,3,5,1,5,58,37,24,8,10,1,4,TennisMyLife,2020_challenger.csv,2020,2026-08-23T06:37:21.010456+00:00,1254,61b148be73d973c1837a0ead35c65812,NEW_MATCH,0,,elias ymer,maxime janvier,prague,r64,clay
2020-7077,Prague,Clay,48,C,,20200822,17,W367,,,Stan Wawrinka,R,183,SUI,35.403,17,2060,O482,,,Gonzalo Oliveira,L,185,VEN,25.511,278,163,6-3 6-4,3,R32,78,4,3,62,28,22,23,10,5,5,3,2,63,39,21,16,9,8,10,TennisMyLife,2020_challenger.csv,2020,2026-08-23T06:37:21.010456+00:00,1255,2e297a669977c25acb728cc2244cf13a,NEW_MATCH,0,,stan wawrinka,gonzalo oliveira,prague,r32,clay
2020-7077,Prague,Clay,48,C,,20200822,18,H996,2,,Pierre-Hugues Herbert,R,188,FRA,29.432,71,740,BE54,,,Ruben Bemelmans,L,183,BEL,32.605,215,235,6-2 6-2,3,R32,55,7,1,39,24,20,12,8,0,0,0,5,47,32,16,7,8,0,4,TennisMyLife,2020_challenger.csv,2020,2026-08-23T06:37:21.010456+00:00,1256,da305c140fb5c0dd14224ea1e18dffc4,NEW_MATCH,0,,pierre hugues herbert,ruben bemelmans,prague,r32,clay
2020-7077,Prague,Clay,48,C,,20200822,19,KH56,,,Zdenek Kolar,R,183,CZE,23.869,229,215,CH27,3,,Hyeon Chung,R,188,KOR,24.26,142,383,6-3 6-1,3,R32,75,5,2,61,31,20,12,8,2,5,1,10,41,18,9,4,8,4,11,TennisMyLife,2020_challenger.csv,2020,2026-08-23T06:37:21.010456+00:00,1257,9f15e9394625490f856ccb7948312e2e,NEW_MATCH,0,,zdenek kolar,hyeon chung,prague,r32,clay
2020-7077,Prague,Clay,48,C,,20200822,20,MH16,4,,Yannick Maden,R,185,GER,30.817,149,370,V0B2,,,Michael Vrbensky,R,,CZE,20.657,405,90,6-3 2-6 6-4,3,R32,130,1,3,72,40,26,21,14,3,7,3,1,89,48,32,20,13,5,9,TennisMyLife,2020_challenger.csv,2020,2026-08-23T06:37:21.010456+00:00,1258,5e2841204daeeee005736f1c02c631fa,NEW_MATCH,0,,yannick maden,michael vrbensky,prague,r32,clay
2020-7077,Prague,Clay,48,C,,20200822,21,GJ37,,,Tallon Griekspoor,R,188,NED,24.14,190,271,CG33,5,,Kimmer Coppejans,R,178,BEL,26.538,154,353,7-6(3) 6-3,3,R32,103,9,2,79,51,37,14,11,4,6,3,3,60,32,22,14,10,3,6,TennisMyLife,2020_challenger.csv,2020,2026-08-23T06:37:21.010456+00:00,1259,e362b10258e30619de0a1a4e525dec6e,NEW_MATCH,0,,tallon griekspoor,kimmer coppejans,prague,r32,clay
2020-7077,Prague,Clay,48,C,,20200822,22,O376,,,Renzo Olivo,R,178,ARG,28.438,209,241,K966,6,,Martin Klizan,L,191,SVK,31.116,159,327,6-4 7-5,3,R32,91,1,6,66,38,25,16,11,2,5,3,9,63,40,26,7,11,1,6,TennisMyLife,2020_challenger.csv,2020,2026-08-23T06:37:21.010456+00:00,1260,acaa914612bf65fc1f149a623ace56af,NEW_MATCH,0,,renzo olivo,martin klizan,prague,r32,clay
2020-7077,Prague,Clay,48,C,,20200822,23,RC91,7,,Arthur Rinderknech,R,196,FRA,25.084,161,323,GF95,,,Hugo Grenier,R,196,FRA,24.416,243,207,6-4 6-1,3,R32,84,5,2,50,29,23,11,8,2,3,2,0,63,43,22,9,9,5,10,TennisMyLife,2020_challenger.csv,2020,2026-08-23T06:37:21.010456+00:00,1261,0a1341c5aa4556b93fa27d41082dc6bf,NEW_MATCH,0,,arthur rinderknech,hugo grenier,prague,r32,clay
2020-7077,Prague,Clay,48,C,,20200822,24,G858,8,,Ernests Gulbis,R,191,LAT,31.978,162,321,Y218,,,Elias Ymer,R,185,SWE,24.367,201,254,6-2 2-6 6-4,3,R32,128,4,10,95,48,32,22,13,5,8,4,1,73,43,29,15,13,3,7,TennisMyLife,2020_challenger.csv,2020,2026-08-23T06:37:21.010456+00:00,1262,833cb2ecafa185b37ab5d63eea14e7f2,NEW_MATCH,0,,ernests gulbis,elias ymer,prague,r32,clay
2020-7077,Prague,Clay,48,C,,20200822,25,O513,9,,Sebastian Ofner,R,191,AUT,24.279,163,321,F0BT,,,Jonas Forejtek,R,183,CZE,19.452,436,79,1-6 7-6(7) 6-2,3,R32,115,4,6,91,49,33,17,14,3,8,2,1,88,49,28,23,13,4,8,TennisMyLife,2020_challenger.csv,2020,2026-08-23T06:37:21.010456+00:00,1263,dc48d88599313e27b4ac83ce315e4ceb,NEW_MATCH,0,,sebastian ofner,jonas forejtek,prague,r32,clay
2020-7077,Prague,Clay,48,C,,20200822,26,KC56,,,Aslan Karatsev,R,185,RUS,26.965,253,194,D916,10,,Steven Diez,R,175,CAN,29.435,165,315,6-1 6-2,3,R32,67,7,2,49,22,19,13,8,3,4,0,5,45,26,13,4,7,4,9,TennisMyLife,2020_challenger.csv,2020,2026-08-23T06:37:21.010456+00:00,1264,82c3cf13f9c0b1f037a4bbb076a20800,NEW_MATCH,0,,aslan karatsev,steven diez,prague,r32,clay
2020-7077,Prague,Clay,48,C,,20200822,27,MN20,,,Daniel Masur,R,183,GER,25.793,250,199,CI14,11,,Jay Clarke,R,183,GBR,22.073,167,313,7-6(5) 6-1,3,R32,100,5,3,66,39,31,13,9,7,8,7,1,80,46,29,16,10,8,12,TennisMyLife,2020_challenger.csv,2020,2026-08-23T06:37:21.010456+00:00,1265,0b54b62ea26d4130c941f9600e149b8d,NEW_MATCH,0,,daniel masur,jay clarke,prague,r32,clay
2020-7077,Prague,Clay,48,C,,20200822,28,SC77,12,,Sergiy Stakhovsky,R,193,UKR,34.626,169,307,SN54,,,Frederico Ferreira Silva,L,178,POR,25.432,193,268,2-6 7-6(4) 7-6(5),3,R32,153,6,4,115,68,51,26,16,6,8,4,1,99,71,50,20,16,1,1,TennisMyLife,2020_challenger.csv,2020,2026-08-23T06:37:21.010456+00:00,1266,f638b7ca72a5011ddf0adbe8b0576570,NEW_MATCH,0,,sergiy stakhovsky,frederico ferreira silva,prague,r32,clay
2020-7077,Prague,Clay,48,C,,20200822,29,H756,13,,Robin Haase,R,191,NED,33.38,170,305,M0FH,,,Tomas Machac,R,183,CZE,19.858,256,189,6-3 6-4,3,R32,85,4,4,70,36,22,20,10,5,7,2,1,55,35,17,10,9,4,8,TennisMyLife,2020_challenger.csv,2020,2026-08-23T06:37:21.010456+00:00,1267,a987a0e9424bf02867129b1a2b2c5a35,NEW_MATCH,0,,robin haase,tomas machac,prague,r32,clay
2020-7077,Prague,Clay,48,C,,20200822,30,R685,,,Lukas Rosol,R,193,CZE,35.08,180,285,HA28,14,,Filip Horansky,R,191,SVK,27.622,171,303,4-6 6-2 6-4,3,R32,103,3,3,82,50,41,12,14,3,6,1,10,87,46,32,15,14,7,12,TennisMyLife,2020_challenger.csv,2020,2026-08-23T06:37:21.010456+00:00,1268,a3bfe9f8a7528e7720c39f67ab029b10,NEW_MATCH,0,,lukas rosol,filip horansky,prague,r32,clay
2020-7077,Prague,Clay,48,C,,20200822,31,V812,15,,Botic van de Zandschulp,R,191,NED,24.884,173,292,G09C,,,Marek Gengel,R,185,CZE,24.931,486,65,6-3 6-2,3,R32,76,3,10,72,40,32,13,9,8,9,0,1,50,34,16,8,8,4,8,TennisMyLife,2020_challenger.csv,2020,2026-08-23T06:37:21.010456+00:00,1269,4f1fcea18bdbd40f0dfff53c1c948cd0,NEW_MATCH,0,,botic van de zandschulp,marek gengel,prague,r32,clay
2020-7077,Prague,Clay,48,C,,20200822,32,PG20,16,,Dmitry Popko,R,191,KAZ,23.828,176,290,O449,,,Oscar Otte,R,193,GER,27.102,217,231,7-5 6-3,3,R32,93,2,1,60,33,22,17,10,4,6,2,8,72,30,22,15,11,4,9,TennisMyLife,2020_challenger.csv,2020,2026-08-23T06:37:21.010456+00:00,1270,dfb934a393c23bc1b7638e2f09ecc6dc,NEW_MATCH,0,,dmitry popko,oscar otte,prague,r32,clay
2020-7077,Prague,Clay,48,C,,20200822,33,W367,,,Stan Wawrinka,R,183,SUI,35.403,17,2060,V812,15,,Botic van de Zandschulp,R,191,NED,24.884,173,292,6-3 6-3,3,R16,71,2,3,65,38,26,16,9,6,7,6,2,68,38,22,15,9,8,12,TennisMyLife,2020_challenger.csv,2020,2026-08-23T06:37:21.010456+00:00,1271,35994e0da95696ae97fb80e637087b98,NEW_MATCH,0,,stan wawrinka,botic van de zandschulp,prague,r16,clay
2020-7077,Prague,Clay,48,C,,20200822,34,R685,,,Lukas Rosol,R,193,CZE,35.08,180,285,H996,2,,Pierre-Hugues Herbert,R,188,FRA,29.432,71,740,6-7(10) 6-3 6-4,3,R16,139,2,3,120,75,54,23,16,10,12,8,3,98,53,36,28,15,7,11,TennisMyLife,2020_challenger.csv,2020,2026-08-23T06:37:21.010456+00:00,1272,8d6524c74f057c47f835bdc82ffba5eb,NEW_MATCH,0,,lukas rosol,pierre hugues herbert,prague,r16,clay
2020-7077,Prague,Clay,48,C,,20200822,35,PG20,16,,Dmitry Popko,R,191,KAZ,23.828,176,290,MH16,4,,Yannick Maden,R,185,GER,30.817,149,370,7-5 6-1,3,R16,97,0,2,59,46,29,7,9,4,6,0,6,66,43,24,8,10,3,9,TennisMyLife,2020_challenger.csv,2020,2026-08-23T06:37:21.010456+00:00,1273,8ef1d00dabb896c54f526fbb51e9d65e,NEW_MATCH,0,,dmitry popko,yannick maden,prague,r16,clay
2020-7077,Prague,Clay,48,C,,20200822,36,RC91,7,,Arthur Rinderknech,R,196,FRA,25.084,161,323,MN20,,,Daniel Masur,R,183,GER,25.793,250,199,6-3 6-3,3,R16,81,0,2,47,31,22,11,9,0,1,1,7,62,37,24,9,9,3,7,TennisMyLife,2020_challenger.csv,2020,2026-08-23T06:37:21.010456+00:00,1274,a239e478405f5d6797dc602a0905025c,NEW_MATCH,0,,arthur rinderknech,daniel masur,prague,r16,clay
2020-7077,Prague,Clay,48,C,,20200822,37,KC56,,,Aslan Karatsev,R,185,RUS,26.965,253,194,G858,8,,Ernests Gulbis,R,191,LAT,31.978,162,321,6-2 6-1,3,R16,70,1,2,43,19,16,14,7,2,2,4,6,60,33,16,13,8,4,9,TennisMyLife,2020_challenger.csv,2020,2026-08-23T06:37:21.010456+00:00,1275,7f4ec2b0208d03e6752df52a964b4584,NEW_MATCH,0,,aslan karatsev,ernests gulbis,prague,r16,clay
2020-7077,Prague,Clay,48,C,,20200822,38,O513,9,,Sebastian Ofner,R,191,AUT,24.279,163,321,O376,,,Renzo Olivo,R,178,ARG,28.438,209,241,4-6 7-6(5) 6-4,3,R16,160,2,2,108,76,44,14,16,4,10,0,6,103,62,38,19,16,5,11,TennisMyLife,2020_challenger.csv,2020,2026-08-23T06:37:21.010456+00:00,1276,e3d5fb8bcef1fd5661eb9a2c40432a6b,NEW_MATCH,0,,sebastian ofner,renzo olivo,prague,r16,clay
2020-7077,Prague,Clay,48,C,,20200822,39,GJ37,,,Tallon Griekspoor,R,188,NED,24.14,190,271,SC77,12,,Sergiy Stakhovsky,R,193,UKR,34.626,169,307,6-1 6-1,3,R16,56,3,1,46,28,23,8,7,3,3,0,3,43,21,11,8,7,3,8,TennisMyLife,2020_challenger.csv,2020,2026-08-23T06:37:21.010456+00:00,1277,9ad8f472387477bb39a7202cd85d70ea,NEW_MATCH,0,,tallon griekspoor,sergiy stakhovsky,prague,r16,clay
2020-7077,Prague,Clay,48,C,,20200822,40,H756,13,,Robin Haase,R,191,NED,33.38,170,305,KH56,,,Zdenek Kolar,R,183,CZE,23.869,229,215,6-3 6-2,3,R16,68,0,4,54,33,26,13,9,4,4,0,2,41,32,20,2,8,0,3,TennisMyLife,2020_challenger.csv,2020,2026-08-23T06:37:21.010456+00:00,1278,37b6a9eb2243294c315216247fb4ef65,NEW_MATCH,0,,robin haase,zdenek kolar,prague,r16,clay
2020-7077,Prague,Clay,48,C,,20200822,41,KC56,,,Aslan Karatsev,R,185,RUS,26.965,253,194,W367,,,Stan Wawrinka,R,183,SUI,35.403,17,2060,W/O,3,QF,,,,,,,,,,,,,,,,,,,,TennisMyLife,2020_challenger.csv,2020,2026-08-23T06:37:21.010456+00:00,1279,c8c5f3b678fe78a708c18d6372042667,NEW_MATCH,0,,aslan karatsev,stan wawrinka,prague,qf,clay
2020-7077,Prague,Clay,48,C,,20200822,42,PG20,16,,Dmitry Popko,R,191,KAZ,23.828,176,290,RC91,7,,Arthur Rinderknech,R,196,FRA,25.084,161,323,0-6 7-6(1) 6-3,3,QF,132,0,5,91,59,42,12,13,8,12,5,7,84,48,40,14,14,1,4,TennisMyLife,2020_challenger.csv,2020,2026-08-23T06:37:21.010456+00:00,1280,c51de2729675cca6ab7036a8a3025a9b,NEW_MATCH,0,,dmitry popko,arthur rinderknech,prague,qf,clay
2020-7077,Prague,Clay,48,C,,20200822,43,R685,,,Lukas Rosol,R,193,CZE,35.08,180,285,O513,9,,Sebastian Ofner,R,191,AUT,24.279,163,321,6-3 5-7 7-5,3,QF,129,5,4,96,54,48,19,17,6,8,7,6,99,55,43,19,16,1,4,TennisMyLife,2020_challenger.csv,2020,2026-08-23T06:37:21.010456+00:00,1281,7a9284cb45b7fbec13d46801318c7ea3,NEW_MATCH,0,,lukas rosol,sebastian ofner,prague,qf,clay
2020-7077,Prague,Clay,48,C,,20200822,44,GJ37,,,Tallon Griekspoor,R,188,NED,24.14,190,271,H756,13,,Robin Haase,R,191,NED,33.38,170,305,6-3 6-2,3,QF,73,0,3,52,30,24,13,9,1,1,0,4,52,23,13,17,8,6,9,TennisMyLife,2020_challenger.csv,2020,2026-08-23T06:37:21.010456+00:00,1282,33a6321d921f954bab9550d1502adec0,NEW_MATCH,0,,tallon griekspoor,robin haase,prague,qf,clay
2020-7077,Prague,Clay,48,C,,20200822,45,KC56,,,Aslan Karatsev,R,185,RUS,26.965,253,194,PG20,16,,Dmitry Popko,R,191,KAZ,23.828,176,290,7-5 4-6 7-5,3,SF,137,4,5,96,59,43,22,17,1,3,13,10,102,53,42,26,17,3,6,TennisMyLife,2020_challenger.csv,2020,2026-08-23T06:37:21.010456+00:00,1283,a1f3ab1eb0d2e4507d28e64bb227baf7,NEW_MATCH,0,,aslan karatsev,dmitry popko,prague,sf,clay
2020-7077,Prague,Clay,48,C,,20200822,46,GJ37,,,Tallon Griekspoor,R,188,NED,24.14,190,271,R685,,,Lukas Rosol,R,193,CZE,35.08,180,285,6-4 7-5,3,SF,84,3,1,73,47,35,13,11,5,7,4,4,62,36,24,12,11,2,6,TennisMyLife,2020_challenger.csv,2020,2026-08-23T06:37:21.010456+00:00,1284,eeebc323632a7cf95557e830d86e3871,NEW_MATCH,0,,tallon griekspoor,lukas rosol,prague,sf,clay
2020-7077,Prague,Clay,48,C,,20200822,47,KC56,,,Aslan Karatsev,R,185,RUS,26.965,253,194,GJ37,,,Tallon Griekspoor,R,188,NED,24.14,190,271,6-4 7-6(6),3,F,110,3,0,65,35,29,20,11,0,1,4,1,86,54,39,16,11,5,7,TennisMyLife,2020_challenger.csv,2020,2026-08-23T06:37:21.010456+00:00,1285,e7108c174513473825639d42af800886,NEW_MATCH,0,,aslan karatsev,tallon griekspoor,prague,f,clay
2020-8392,Todi,Clay,32,C,,20200823,1,CF59,1,,Roberto Carballes Baena,R,183,ESP,27.42,99,614,R09X,,,Jurij Rodionov,L,191,AUT,21.273,166,314,6-2 6-1,3,R32,72,3,2,43,30,23,7,8,1,2,1,0,53,32,16,7,7,4,9,TennisMyLife,2020_challenger.csv,2020,2026-08-23T06:37:21.010456+00:00,1286,14c1ea86b8d79342f8b36a9e42137752,NEW_MATCH,0,,roberto carballes baena,jurij rodionov,todi,r32,clay
2020-8392,Todi,Clay,32,C,,20200823,2,CF01,2,,Marco Cecchinato,R,185,ITA,27.896,113,508,CC66,,,Andrea Collarini,L,183,ARG,28.561,198,259,6-3 1-6 6-3,3,R32,126,4,4,85,52,37,12,13,6,10,3,4,72,46,33,10,12,1,5,TennisMyLife,2020_challenger.csv,2020,2026-08-23T06:37:21.010456+00:00,1287,ea416bf67544754eeafc61a38d7280ea,NEW_MATCH,0,,marco cecchinato,andrea collarini,todi,r32,clay
2020-8392,Todi,Clay,32,C,,20200823,3,GB53,3,,Federico Gaio,R,178,ITA,28.468,130,412,V490,,,Matteo Viola,R,185,ITA,33.131,222,223,3-6 6-3 7-5,3,R32,142,1,6,104,63,45,18,15,8,11,2,2,89,59,37,16,15,0,4,TennisMyLife,2020_challenger.csv,2020,2026-08-23T06:37:21.010456+00:00,1288,bfb1af9a5deef752cbb93da14632f570,NEW_MATCH,0,,federico gaio,matteo viola,todi,r32,clay
2020-8392,Todi,Clay,32,C,,20200823,4,SK94,4,,Cedrik-Marcel Stebe,L,180,GER,29.873,133,405,VA08,,,Andrea Vavassori,R,193,ITA,25.303,303,136,6-1 6-3,3,R32,65,3,0,41,32,23,4,8,0,2,0,1,52,29,14,5,8,8,14,TennisMyLife,2020_challenger.csv,2020,2026-08-23T06:37:21.010456+00:00,1289,71205745bd79626a1147caef37af4f6d,NEW_MATCH,0,,cedrik marcel stebe,andrea vavassori,todi,r32,clay
2020-8392,Todi,Clay,32,C,,20200823,5,BF23,5,,Facundo Bagnis,L,183,ARG,30.486,134,404,G09O,,,Hugo Gaston,L,173,FRA,19.907,228,215,6-4 4-6 6-1,3,R32,130,5,2,81,55,37,14,14,2,5,0,6,91,55,34,16,13,4,9,TennisMyLife,2020_challenger.csv,2020,2026-08-23T06:37:21.010456+00:00,1290,c74df073ce565dcbd3895c62779e904e,NEW_MATCH,0,,facundo bagnis,hugo gaston,todi,r32,clay
2020-8392,Todi,Clay,32,C,,20200823,6,HA71,6,,Antoine Hoang,R,183,FRA,24.802,136,402,GF95,,,Hugo Grenier,R,196,FRA,24.419,243,207,6-4 3-6 6-3,3,R32,140,1,7,77,56,37,11,14,1,4,2,3,101,66,40,16,14,9,13,TennisMyLife,2020_challenger.csv,2020,2026-08-23T06:37:21.010456+00:00,1291,d1818f19667501a1f273adf357c02a9b,NEW_MATCH,0,,antoine hoang,hugo grenier,todi,r32,clay
2020-8392,Todi,Clay,32,C,,20200823,7,H997,7,,Yannick Hanfmann,R,193,GER,28.778,143,383,GB61,,,Viktor Galovic,R,193,CRO,29.927,269,175,6-4 7-5,3,R32,81,4,2,63,41,31,13,11,2,3,4,0,57,36,25,14,11,2,5,TennisMyLife,2020_challenger.csv,2020,2026-08-23T06:37:21.010456+00:00,1292,fbc77f639811bc789cbecc12f6933748,NEW_MATCH,0,,yannick hanfmann,viktor galovic,todi,r32,clay
2020-8392,Todi,Clay,32,C,,20200823,8,AE14,,,Daniel Altmaier,R,188,GER,21.947,219,230,GA79,8,,Lorenzo Giustino,R,180,ITA,28.953,153,356,3-6 6-3 6-2,3,R32,138,7,1,91,55,40,16,13,7,10,1,7,91,50,34,17,13,8,13,TennisMyLife,2020_challenger.csv,2020,2026-08-23T06:37:21.010456+00:00,1293,123cfd61de6cef62edcf7397de80c9af,NEW_MATCH,0,,daniel altmaier,lorenzo giustino,todi,r32,clay
2020-8392,Todi,Clay,32,C,,20200823,9,BT68,,,Elliot Benchetrit,R,193,MAR,21.892,208,242,MJ98,,,Facundo Mena,R,183,ARG,27.918,223,222,6-1 6-4,3,R32,85,4,6,62,35,25,14,9,3,4,1,1,59,30,16,12,8,5,9,TennisMyLife,2020_challenger.csv,2020,2026-08-23T06:37:21.010456+00:00,1294,a914690cf6776ec9c96e2daed6d56036,NEW_MATCH,0,,elliot benchetrit,facundo mena,todi,r32,clay
2020-8392,Todi,Clay,32,C,,20200823,10,FA43,,,Juan Pablo Ficovich,R,188,ARG,23.578,205,250,TA29,,,Marco Trungelliti,R,178,ARG,30.56,231,212,4-6 6-4 6-2,3,R32,144,7,3,101,56,36,22,14,11,15,2,4,86,51,35,10,14,5,11,TennisMyLife,2020_challenger.csv,2020,2026-08-23T06:37:21.010456+00:00,1295,d2d483625968d355d72eddf273baedad,NEW_MATCH,0,,juan pablo ficovich,marco trungelliti,todi,r32,clay
2020-8392,Todi,Clay,32,C,,20200823,11,G983,,,Alessandro Giannessi,L,185,ITA,30.234,160,326,J620,,,Maxime Janvier,R,196,FRA,23.847,191,270,6-2 6-3,3,R32,78,1,2,50,31,25,6,9,0,2,3,4,63,41,25,3,8,4,9,TennisMyLife,2020_challenger.csv,2020,2026-08-23T06:37:21.010456+00:00,1296,526903c19b45a89838ad51923692416d,NEW_MATCH,0,,alessandro giannessi,maxime janvier,todi,r32,clay
2020-8392,Todi,Clay,32,C,,20200823,12,MP83,,,Gian Marco Moroni,R,185,ITA,22.524,236,210,A0E2,,,Carlos Alcaraz,R,183,ESP,17.303,318,127,6-3 6-2,3,R32,76,1,0,47,31,23,13,9,0,0,0,1,45,31,17,9,8,5,8,TennisMyLife,2020_challenger.csv,2020,2026-08-23T06:37:21.010456+00:00,1297,83afbf1fd6de58055d4e43e8d28654ff,NEW_MATCH,0,,gian marco moroni,carlos alcaraz,todi,r32,clay
2020-8392,Todi,Clay,32,C,,20200823,13,M0EJ,,,Lorenzo Musetti,R,185,ITA,18.475,284,151,F0A4,,,Francesco Forti,R,188,ITA,21.079,446,76,7-6(4) 6-3,3,R32,102,2,1,67,41,28,16,11,3,6,1,2,73,49,32,7,10,4,8,TennisMyLife,2020_challenger.csv,2020,2026-08-23T06:37:21.010456+00:00,1298,3c72c2ae3a55a9f90f76f2f644821e83,NEW_MATCH,0,,lorenzo musetti,francesco forti,todi,r32,clay
2020-8392,Todi,Clay,32,C,,20200823,14,V824,,,Mario Vilella Martinez,R,178,ESP,25.142,188,275,A622,,,Andrea Arnaboldi,L,180,ITA,32.657,282,155,6-3 7-6(3),3,R32,111,6,5,85,56,42,14,11,9,11,0,2,73,46,29,12,10,4,7,TennisMyLife,2020_challenger.csv,2020,2026-08-23T06:37:21.010456+00:00,1299,7b6d1331f4c24c458fe3fbbe9e823254,NEW_MATCH,0,,mario vilella martinez,andrea arnaboldi,todi,r32,clay
2020-8392,Todi,Clay,32,C,,20200823,15,Z419,,,Bernabe Zapata Miralles,R,183,ESP,23.611,212,240,MJ01,,,Roberto Marcora,R,193,ITA,30.982,158,331,6-3 6-1,3,R32,69,1,1,46,39,26,5,8,2,3,1,2,49,33,18,5,8,1,6,TennisMyLife,2020_challenger.csv,2020,2026-08-23T06:37:21.010456+00:00,1300,07f9e22d2282d51d8a43d352ec0feb6e,NEW_MATCH,0,,bernabe zapata miralles,roberto marcora,todi,r32,clay
2020-8392,Todi,Clay,32,C,,20200823,16,Z0A1,,,Giulio Zeppieri,L,183,ITA,18.71,371,101,O376,,,Renzo Olivo,R,178,ARG,28.441,209,241,6-2 7-6(4),3,R32,107,2,1,70,50,34,9,10,4,7,1,4,70,46,29,6,10,1,6,TennisMyLife,2020_challenger.csv,2020,2026-08-23T06:37:21.010456+00:00,1301,21209b0b93d0e05766af310012b2ecf6,NEW_MATCH,0,,giulio zeppieri,renzo olivo,todi,r32,clay
2020-8392,Todi,Clay,32,C,,20200823,17,Z419,,,Bernabe Zapata Miralles,R,183,ESP,23.611,212,240,CF59,1,,Roberto Carballes Baena,R,183,ESP,27.42,99,614,6-2 6-1,3,R16,67,0,0,44,28,17,11,8,2,4,1,2,43,27,10,5,7,2,8,TennisMyLife,2020_challenger.csv,2020,2026-08-23T06:37:21.010456+00:00,1302,bea70b833ec08a77a29489bf21758bf5,NEW_MATCH,0,,bernabe zapata miralles,roberto carballes baena,todi,r16,clay
2020-8392,Todi,Clay,32,C,,20200823,18,CF01,2,,Marco Cecchinato,R,185,ITA,27.896,113,508,FA43,,,Juan Pablo Ficovich,R,188,ARG,23.578,205,250,6-3 6-4,3,R16,75,5,0,55,33,27,15,10,0,0,6,1,53,35,26,8,9,2,4,TennisMyLife,2020_challenger.csv,2020,2026-08-23T06:37:21.010456+00:00,1303,baa2a26481691eae576698d962cb058e,NEW_MATCH,0,,marco cecchinato,juan pablo ficovich,todi,r16,clay
2020-8392,Todi,Clay,32,C,,20200823,19,GB53,3,,Federico Gaio,R,178,ITA,28.468,130,412,G983,,,Alessandro Giannessi,L,185,ITA,30.234,160,326,6-4 6-2,3,R16,74,1,3,53,36,31,7,9,5,6,0,4,54,38,22,7,9,6,10,TennisMyLife,2020_challenger.csv,2020,2026-08-23T06:37:21.010456+00:00,1304,14c9d4daed21463b8f8828a2c573744b,NEW_MATCH,0,,federico gaio,alessandro giannessi,todi,r16,clay
2020-8392,Todi,Clay,32,C,,20200823,20,SK94,4,,Cedrik-Marcel Stebe,L,180,GER,29.873,133,405,BT68,,,Elliot Benchetrit,R,193,MAR,21.892,208,242,6-4 6-0,3,R16,77,2,1,50,23,14,15,8,5,7,1,3,51,33,15,5,8,2,8,TennisMyLife,2020_challenger.csv,2020,2026-08-23T06:37:21.010456+00:00,1305,f97fa410c510907c6d8a1daec757a21a,NEW_MATCH,0,,cedrik marcel stebe,elliot benchetrit,todi,r16,clay
2020-8392,Todi,Clay,32,C,,20200823,21,BF23,5,,Facundo Bagnis,L,183,ARG,30.486,134,404,Z0A1,,,Giulio Zeppieri,L,183,ITA,18.71,371,101,6-2 6-4,3,R16,90,4,2,49,27,22,14,9,1,2,2,0,68,37,21,15,9,5,9,TennisMyLife,2020_challenger.csv,2020,2026-08-23T06:37:21.010456+00:00,1306,24aaaa3d90917a547c0ba5f2b906d437,NEW_MATCH,0,,facundo bagnis,giulio zeppieri,todi,r16,clay
2020-8392,Todi,Clay,32,C,,20200823,22,HA71,6,,Antoine Hoang,R,183,FRA,24.802,136,402,V824,,,Mario Vilella Martinez,R,178,ESP,25.142,188,275,4-6 6-3 6-4,3,R16,138,1,2,88,59,43,18,15,4,6,6,4,81,51,35,19,14,3,6,TennisMyLife,2020_challenger.csv,2020,2026-08-23T06:37:21.010456+00:00,1307,7fadd544bd0b1753862b49ace9afa755,NEW_MATCH,0,,antoine hoang,mario vilella martinez,todi,r16,clay
2020-8392,Todi,Clay,32,C,,20200823,23,H997,7,,Yannick Hanfmann,R,193,GER,28.778,143,383,M0EJ,,,Lorenzo Musetti,R,185,ITA,18.475,284,151,3-6 6-4 6-3,3,R16,100,1,1,71,48,40,12,14,4,6,4,2,67,42,35,15,14,2,5,TennisMyLife,2020_challenger.csv,2020,2026-08-23T06:37:21.010456+00:00,1308,479e1d55a06b8c8a0eca43ecb813b22c,NEW_MATCH,0,,yannick hanfmann,lorenzo musetti,todi,r16,clay
2020-8392,Todi,Clay,32,C,,20200823,24,MP83,,,Gian Marco Moroni,R,185,ITA,22.524,236,210,AE14,,,Daniel Altmaier,R,188,GER,21.947,219,230,3-6 6-4 6-4,3,R16,151,2,5,91,67,47,13,15,2,5,6,2,88,42,29,24,14,2,5,TennisMyLife,2020_challenger.csv,2020,2026-08-23T06:37:21.010456+00:00,1309,3db5619c9d0b1b1f748f458614540108,NEW_MATCH,0,,gian marco moroni,daniel altmaier,todi,r16,clay
2020-8392,Todi,Clay,32,C,,20200823,25,H997,7,,Yannick Hanfmann,R,193,GER,28.778,143,383,CF01,2,,Marco Cecchinato,R,185,ITA,27.896,113,508,6-4 6-4,3,QF,78,4,1,49,28,23,14,10,0,1,3,1,59,36,24,11,10,3,6,TennisMyLife,2020_challenger.csv,2020,2026-08-23T06:37:21.010456+00:00,1310,894a50b4f43f512dac1fae74c8e9aced,NEW_MATCH,0,,yannick hanfmann,marco cecchinato,todi,qf,clay
2020-8392,Todi,Clay,32,C,,20200823,26,HA71,6,,Antoine Hoang,R,183,FRA,24.802,136,402,GB53,3,,Federico Gaio,R,178,ITA,28.468,130,412,7-5 4-6 6-4,3,QF,162,1,4,101,76,52,14,16,8,11,7,4,109,74,51,15,16,5,9,TennisMyLife,2020_challenger.csv,2020,2026-08-23T06:37:21.010456+00:00,1311,ed969e53aaf2815b2a4bc3781df61c86,NEW_MATCH,0,,antoine hoang,federico gaio,todi,qf,clay
2020-8392,Todi,Clay,32,C,,20200823,27,MP83,,,Gian Marco Moroni,R,185,ITA,22.524,236,210,SK94,4,,Cedrik-Marcel Stebe,L,180,GER,29.873,133,405,2-6 7-5 6-3,3,QF,131,0,2,91,64,41,16,15,4,8,2,1,83,51,37,12,14,5,9,TennisMyLife,2020_challenger.csv,2020,2026-08-23T06:37:21.010456+00:00,1312,872d9a36991e9db4bac8e6cff9acc3b4,NEW_MATCH,0,,gian marco moroni,cedrik marcel stebe,todi,qf,clay
2020-8392,Todi,Clay,32,C,,20200823,28,Z419,,,Bernabe Zapata Miralles,R,183,ESP,23.611,212,240,BF23,5,,Facundo Bagnis,L,183,ARG,30.486,134,404,5-3 RET,3,QF,38,1,0,20,13,9,4,4,0,1,2,0,25,19,13,1,4,6,8,TennisMyLife,2020_challenger.csv,2020,2026-08-23T06:37:21.010456+00:00,1313,648da0c8f559ba2d08af13e4b3ed6e21,NEW_MATCH,0,,bernabe zapata miralles,facundo bagnis,todi,qf,clay
2020-8392,Todi,Clay,32,C,,20200823,29,Z419,,,Bernabe Zapata Miralles,R,183,ESP,23.611,212,240,HA71,6,,Antoine Hoang,R,183,FRA,24.802,136,402,6-2 6-3,3,SF,98,2,1,54,40,26,8,9,1,3,0,2,62,40,23,5,8,7,12,TennisMyLife,2020_challenger.csv,2020,2026-08-23T06:37:21.010456+00:00,1314,7c548edfdd19237f763f2a99744ec103,NEW_MATCH,0,,bernabe zapata miralles,antoine hoang,todi,sf,clay
2020-8392,Todi,Clay,32,C,,20200823,30,H997,7,,Yannick Hanfmann,R,193,GER,28.778,143,383,MP83,,,Gian Marco Moroni,R,185,ITA,22.524,236,210,7-6(4) 6-1,3,SF,96,4,1,70,48,33,10,10,5,7,3,1,62,36,20,11,9,7,11,TennisMyLife,2020_challenger.csv,2020,2026-08-23T06:37:21.010456+00:00,1315,77ce224f6a85bbf8702ec3fb0875fffa,NEW_MATCH,0,,yannick hanfmann,gian marco moroni,todi,sf,clay
2020-8392,Todi,Clay,32,C,,20200823,31,H997,7,,Yannick Hanfmann,R,193,GER,28.778,143,383,Z419,,,Bernabe Zapata Miralles,R,183,ESP,23.611,212,240,6-3 6-3,3,F,64,2,0,39,24,20,13,9,0,1,1,0,59,46,26,4,9,4,8,TennisMyLife,2020_challenger.csv,2020,2026-08-23T06:37:21.010456+00:00,1316,99c2ea4c2ee37b9c8a48c1049100d728,NEW_MATCH,0,,yannick hanfmann,bernabe zapata miralles,todi,f,clay
2020-9351,Trieste,Clay,32,C,,20200830,1,P09Z,1,,Alexei Popyrin,R,196,AUS,21.07,102,575,HB64,,,Quentin Halys,R,191,FRA,23.844,196,264,6-4 7-6(3),3,R32,89,5,2,76,46,34,18,11,7,8,5,4,64,37,29,14,11,3,5,TennisMyLife,2020_challenger.csv,2020,2026-08-23T06:37:21.010456+00:00,1317,8a06b3376ed36ece2bf98ebd1634f57c,NEW_MATCH,0,,alexei popyrin,quentin halys,trieste,r32,clay
2020-9351,Trieste,Clay,32,C,,20200830,2,CC66,,,Andrea Collarini,L,183,ARG,28.58,199,259,HA71,2,,Antoine Hoang,R,183,FRA,24.821,127,437,1-6 6-2 6-4,3,R32,153,2,2,91,55,34,20,12,8,11,1,4,84,60,38,10,13,9,13,TennisMyLife,2020_challenger.csv,2020,2026-08-23T06:37:21.010456+00:00,1318,4cef3bf3c494e6bb52cd3f5484cf16e2,NEW_MATCH,0,,andrea collarini,antoine hoang,trieste,r32,clay
2020-9351,Trieste,Clay,32,C,,20200830,3,H997,3,,Yannick Hanfmann,R,193,GER,28.797,116,483,GB61,,,Viktor Galovic,R,193,CRO,29.947,264,177,6-2 3-6 6-1,3,R32,103,5,3,84,55,43,13,12,3,4,1,3,71,47,31,11,12,3,7,TennisMyLife,2020_challenger.csv,2020,2026-08-23T06:37:21.010456+00:00,1319,d00a60609e39d8114a6efaf1fbfe1424,NEW_MATCH,0,,yannick hanfmann,viktor galovic,trieste,r32,clay
2020-9351,Trieste,Clay,32,C,,20200830,4,V490,,,Matteo Viola,R,185,ITA,33.15,222,223,GA79,4,,Lorenzo Giustino,R,180,ITA,28.972,152,356,6-4 6-2,3,R32,93,1,2,63,37,22,13,9,6,9,2,5,68,28,13,16,9,3,9,TennisMyLife,2020_challenger.csv,2020,2026-08-23T06:37:21.010456+00:00,1320,2efca63393da5517070e9f47b3c38803,NEW_MATCH,0,,matteo viola,lorenzo giustino,trieste,r32,clay
2020-9351,Trieste,Clay,32,C,,20200830,5,K839,,,Tobias Kamke,R,178,GER,34.278,233,211,MJ01,5,,Roberto Marcora,R,193,ITA,31.001,159,331,6-4 6-2,3,R32,83,0,3,63,38,25,18,9,3,3,3,4,55,36,27,7,9,7,10,TennisMyLife,2020_challenger.csv,2020,2026-08-23T06:37:21.010456+00:00,1321,c4c63ccda2c93deb53d6679e0d22e3ab,NEW_MATCH,0,,tobias kamke,roberto marcora,trieste,r32,clay
2020-9351,Trieste,Clay,32,C,,20200830,6,EA24,,,Tomas Martin Etcheverry,R,196,ARG,21.12,321,126,G983,6,,Alessandro Giannessi,L,185,ITA,30.253,157,334,6-3 4-6 6-1,3,R32,108,7,2,76,57,36,12,13,4,7,1,4,72,39,21,15,13,2,8,TennisMyLife,2020_challenger.csv,2020,2026-08-23T06:37:21.010456+00:00,1322,ee93451b9939422ee23aa3ddb469dc62,NEW_MATCH,0,,tomas martin etcheverry,alessandro giannessi,trieste,r32,clay
2020-9351,Trieste,Clay,32,C,,20200830,7,BI47,,,Riccardo Bonadio,R,180,ITA,27.132,408,89,R09X,7,,Jurij Rodionov,L,191,AUT,21.292,166,314,7-6(3) 6-4,3,R32,112,3,1,75,44,34,18,11,3,3,5,0,77,48,32,17,11,2,3,TennisMyLife,2020_challenger.csv,2020,2026-08-23T06:37:21.010456+00:00,1323,7409bcff8aca9c9eb3667dbf00f7a0e1,NEW_MATCH,0,,riccardo bonadio,jurij rodionov,trieste,r32,clay
2020-9351,Trieste,Clay,32,C,,20200830,8,FA43,,,Juan Pablo Ficovich,R,188,ARG,23.598,202,255,L797,8,,Lukas Lacko,R,188,SVK,32.824,171,297,7-5 7-5,3,R32,102,8,0,72,49,37,12,12,2,4,2,2,70,37,24,16,12,3,7,TennisMyLife,2020_challenger.csv,2020,2026-08-23T06:37:21.010456+00:00,1324,6d0fddcb7f5b6c9bbc025edd710439b3,NEW_MATCH,0,,juan pablo ficovich,lukas lacko,trieste,r32,clay
2020-9351,Trieste,Clay,32,C,,20200830,9,A0E2,,,Carlos Alcaraz,R,183,ESP,17.322,310,132,BK19,,,Mathias Bourgue,R,188,FRA,26.615,254,191,6-3 6-3,3,R32,78,1,1,59,47,31,5,9,4,6,0,2,59,38,20,9,9,6,11,TennisMyLife,2020_challenger.csv,2020,2026-08-23T06:37:21.010456+00:00,1325,43355aa5bee3350cd7add2c623bbc41d,NEW_MATCH,0,,carlos alcaraz,mathias bourgue,trieste,r32,clay
2020-9351,Trieste,Clay,32,C,,20200830,10,BI23,,,Liam Broady,L,183,GBR,26.653,212,240,TA29,,,Marco Trungelliti,R,178,ARG,30.579,231,212,6-3 7-6(3),3,R32,110,2,2,83,60,36,9,11,4,8,1,4,63,34,18,12,10,4,9,TennisMyLife,2020_challenger.csv,2020,2026-08-23T06:37:21.010456+00:00,1326,c5b8af31369b95f86b6995cc33849e72,NEW_MATCH,0,,liam broady,marco trungelliti,trieste,r32,clay
2020-9351,Trieste,Clay,32,C,,20200830,11,CF88,,,Roberto Cid Subervi,R,193,DOM,27.001,221,229,BU54,,,Geoffrey Blancaneaux,R,180,FRA,22.062,266,176,6-4 2-0 RET,3,R32,56,2,1,33,20,15,6,6,1,2,0,1,38,21,11,9,6,2,5,TennisMyLife,2020_challenger.csv,2020,2026-08-23T06:37:21.010456+00:00,1327,20b365aa93f9a2bbaeb5a1776782309f,NEW_MATCH,0,,roberto cid subervi,geoffrey blancaneaux,trieste,r32,clay
2020-9351,Trieste,Clay,32,C,,20200830,12,G0GD,,,Matteo Gigante,L,180,ITA,18.653,1079,7,BM03,,,Filippo Baldi,R,180,ITA,24.638,249,199,6-2 6-2,3,R32,70,1,3,63,30,20,19,8,4,5,0,1,50,27,14,10,8,3,8,TennisMyLife,2020_challenger.csv,2020,2026-08-23T06:37:21.010456+00:00,1328,2814b94dd3eacc298022c5fdc06df89d,NEW_MATCH,0,,matteo gigante,filippo baldi,trieste,r32,clay
2020-9351,Trieste,Clay,32,C,,20200830,13,MN13,,,Maximilian Marterer,L,188,GER,25.21,377,100,G09O,,,Hugo Gaston,L,173,FRA,19.926,229,215,6-1 6-2,3,R32,74,3,2,53,27,21,16,8,3,3,0,2,45,28,15,6,7,2,6,TennisMyLife,2020_challenger.csv,2020,2026-08-23T06:37:21.010456+00:00,1329,3f898dc69d3b52c0c05cbe8fd982915e,NEW_MATCH,0,,maximilian marterer,hugo gaston,trieste,r32,clay
2020-9351,Trieste,Clay,32,C,,20200830,14,MJ71,,,Mats Moraing,L,198,GER,28.194,257,184,MJ98,,,Facundo Mena,R,183,ARG,27.937,223,222,6-0 6-1,3,R32,59,4,1,32,22,19,6,6,0,0,0,5,57,24,10,13,7,7,13,TennisMyLife,2020_challenger.csv,2020,2026-08-23T06:37:21.010456+00:00,1330,d248a13c7aed6a709c550d3012e8c173,NEW_MATCH,0,,mats moraing,facundo mena,trieste,r32,clay
2020-9351,Trieste,Clay,32,C,,20200830,15,M0EJ,,,Lorenzo Musetti,R,185,ITA,18.494,280,158,AE14,,,Daniel Altmaier,R,188,GER,21.966,218,233,6-3 6-2,3,R32,71,3,1,60,34,24,15,9,1,2,2,2,47,26,17,7,8,1,5,TennisMyLife,2020_challenger.csv,2020,2026-08-23T06:37:21.010456+00:00,1331,3e506b8bcbca0f0029e0225b42a2fa17,NEW_MATCH,0,,lorenzo musetti,daniel altmaier,trieste,r32,clay
2020-9351,Trieste,Clay,32,C,,20200830,16,V824,,,Mario Vilella Martinez,R,178,ESP,25.161,183,283,Z0A1,,,Giulio Zeppieri,L,183,ITA,18.73,354,109,6-1 6-3,3,R32,60,1,2,46,34,26,6,8,1,2,1,1,48,37,19,5,8,1,6,TennisMyLife,2020_challenger.csv,2020,2026-08-23T06:37:21.010456+00:00,1332,6b096bd91b20c19887dc5f1c5dcce606,NEW_MATCH,0,,mario vilella martinez,giulio zeppieri,trieste,r32,clay
2020-9351,Trieste,Clay,32,C,,20200830,17,M0EJ,,,Lorenzo Musetti,R,185,ITA,18.494,280,158,P09Z,1,,Alexei Popyrin,R,196,AUS,21.07,102,575,7-5 6-3,3,R16,87,7,4,64,38,32,14,10,6,6,2,0,66,35,20,20,11,5,8,TennisMyLife,2020_challenger.csv,2020,2026-08-23T06:37:21.010456+00:00,1333,9330252654330c80ea21f269123d217d,NEW_MATCH,0,,lorenzo musetti,alexei popyrin,trieste,r16,clay
2020-9351,Trieste,Clay,32,C,,20200830,18,V824,,,Mario Vilella Martinez,R,178,ESP,25.161,183,283,H997,3,,Yannick Hanfmann,R,193,GER,28.797,116,483,4-6 6-3 6-2,3,R16,114,2,6,79,53,39,13,14,3,6,2,1,78,48,30,13,13,5,10,TennisMyLife,2020_challenger.csv,2020,2026-08-23T06:37:21.010456+00:00,1334,c295fb0382838ad3ab2b51c45d8e595d,NEW_MATCH,0,,mario vilella martinez,yannick hanfmann,trieste,r16,clay
2020-9351,Trieste,Clay,32,C,,20200830,19,A0E2,,,Carlos Alcaraz,R,183,ESP,17.322,310,132,V490,,,Matteo Viola,R,185,ITA,33.15,222,223,6-4 6-2,3,R16,88,0,1,45,27,23,12,9,1,2,1,6,84,52,30,12,9,11,15,TennisMyLife,2020_challenger.csv,2020,2026-08-23T06:37:21.010456+00:00,1335,bcd6c78deb4075329db4533e05238c57,NEW_MATCH,0,,carlos alcaraz,matteo viola,trieste,r16,clay
2020-9351,Trieste,Clay,32,C,,20200830,20,BI47,,,Riccardo Bonadio,R,180,ITA,27.132,408,89,CF88,,,Roberto Cid Subervi,R,193,DOM,27.001,221,229,4-6 6-3 6-3,3,R16,171,4,1,99,53,35,27,14,5,7,5,4,116,67,47,18,14,14,18,TennisMyLife,2020_challenger.csv,2020,2026-08-23T06:37:21.010456+00:00,1336,93061e6e413321f603caba9180c36067,NEW_MATCH,0,,riccardo bonadio,roberto cid subervi,trieste,r16,clay
2020-9351,Trieste,Clay,32,C,,20200830,21,BI23,,,Liam Broady,L,183,GBR,26.653,212,240,K839,,,Tobias Kamke,R,178,GER,34.278,233,211,7-6(7) 6-2,3,R16,94,2,1,61,42,33,11,10,0,1,1,5,64,42,29,11,10,0,3,TennisMyLife,2020_challenger.csv,2020,2026-08-23T06:37:21.010456+00:00,1337,953827fd663c3bdc4dc7979bb4dd2837,NEW_MATCH,0,,liam broady,tobias kamke,trieste,r16,clay
2020-9351,Trieste,Clay,32,C,,20200830,22,EA24,,,Tomas Martin Etcheverry,R,196,ARG,21.12,321,126,MJ71,,,Mats Moraing,L,198,GER,28.194,257,184,6-3 6-4,3,R16,88,7,2,73,47,37,10,10,3,4,6,2,55,34,23,10,9,1,4,TennisMyLife,2020_challenger.csv,2020,2026-08-23T06:37:21.010456+00:00,1338,bec24f243b46d79d3ee5a48e3bf45dec,NEW_MATCH,0,,tomas martin etcheverry,mats moraing,trieste,r16,clay
2020-9351,Trieste,Clay,32,C,,20200830,23,FA43,,,Juan Pablo Ficovich,R,188,ARG,23.598,202,255,G0GD,,,Matteo Gigante,L,180,ITA,18.653,1079,7,6-2 6-4,3,R16,93,2,3,52,31,25,10,9,2,3,2,4,78,38,19,23,9,8,12,TennisMyLife,2020_challenger.csv,2020,2026-08-23T06:37:21.010456+00:00,1339,6687e154c3bcc907300aebca88f32ba4,NEW_MATCH,0,,juan pablo ficovich,matteo gigante,trieste,r16,clay
2020-9351,Trieste,Clay,32,C,,20200830,24,MN13,,,Maximilian Marterer,L,188,GER,25.21,377,100,CC66,,,Andrea Collarini,L,183,ARG,28.58,199,259,7-6(9) 7-6(6),3,R16,136,8,0,79,51,36,23,12,2,3,3,1,98,63,43,22,12,5,6,TennisMyLife,2020_challenger.csv,2020,2026-08-23T06:37:21.010456+00:00,1340,fe5f24d8b6782a468773a39f804d779a,NEW_MATCH,0,,maximilian marterer,andrea collarini,trieste,r16,clay
2020-9351,Trieste,Clay,32,C,,20200830,25,A0E2,,,Carlos Alcaraz,R,183,ESP,17.322,310,132,EA24,,,Tomas Martin Etcheverry,R,196,ARG,21.12,321,126,7-6(2) 6-3,3,QF,115,2,1,78,56,39,14,11,7,8,1,2,79,56,37,10,10,5,7,TennisMyLife,2020_challenger.csv,2020,2026-08-23T06:37:21.010456+00:00,1341,8c04d18dcfde9ea55eb9e8a117ecb50d,NEW_MATCH,0,,carlos alcaraz,tomas martin etcheverry,trieste,qf,clay
2020-9351,Trieste,Clay,32,C,,20200830,26,BI47,,,Riccardo Bonadio,R,180,ITA,27.132,408,89,MN13,,,Maximilian Marterer,L,188,GER,25.21,377,100,2-6 7-5 6-4,3,QF,151,0,5,97,54,35,25,15,4,7,7,2,88,53,34,22,15,4,7,TennisMyLife,2020_challenger.csv,2020,2026-08-23T06:37:21.010456+00:00,1342,1be126b1a24bf1f01fe0167d38b1e94f,NEW_MATCH,0,,riccardo bonadio,maximilian marterer,trieste,qf,clay
2020-9351,Trieste,Clay,32,C,,20200830,27,M0EJ,,,Lorenzo Musetti,R,185,ITA,18.494,280,158,FA43,,,Juan Pablo Ficovich,R,188,ARG,23.598,202,255,6-1 6-3,3,QF,67,3,0,39,24,21,11,8,0,0,1,4,51,28,16,9,8,4,8,TennisMyLife,2020_challenger.csv,2020,2026-08-23T06:37:21.010456+00:00,1343,515676ce3a5650e0893dc027d7b31e43,NEW_MATCH,0,,lorenzo musetti,juan pablo ficovich,trieste,qf,clay
2020-9351,Trieste,Clay,32,C,,20200830,28,V824,,,Mario Vilella Martinez,R,178,ESP,25.161,183,283,BI23,,,Liam Broady,L,183,GBR,26.653,212,240,6-7(9) 6-4 6-4,3,QF,168,4,5,98,60,44,24,16,6,8,3,2,112,77,48,22,16,8,12,TennisMyLife,2020_challenger.csv,2020,2026-08-23T06:37:21.010456+00:00,1344,5a5e1075d21965873101b88075473353,NEW_MATCH,0,,mario vilella martinez,liam broady,trieste,qf,clay
2020-9351,Trieste,Clay,32,C,,20200830,29,A0E2,,,Carlos Alcaraz,R,183,ESP,17.322,310,132,M0EJ,,,Lorenzo Musetti,R,185,ITA,18.494,280,158,7-5 2-6 6-3,3,SF,133,0,4,87,64,39,10,14,1,6,0,3,105,65,40,16,15,11,17,TennisMyLife,2020_challenger.csv,2020,2026-08-23T06:37:21.010456+00:00,1345,9580cab42d88b1235b59abf9c000d9db,NEW_MATCH,0,,carlos alcaraz,lorenzo musetti,trieste,sf,clay
2020-9351,Trieste,Clay,32,C,,20200830,30,BI47,,,Riccardo Bonadio,R,180,ITA,27.132,408,89,V824,,,Mario Vilella Martinez,R,178,ESP,25.161,183,283,7-6(5) 6-2,3,SF,105,2,1,64,39,31,15,10,2,3,5,4,74,37,27,16,10,5,8,TennisMyLife,2020_challenger.csv,2020,2026-08-23T06:37:21.010456+00:00,1346,f8c1e72a2a7d5e2b22d009bf91656d6c,NEW_MATCH,0,,riccardo bonadio,mario vilella martinez,trieste,sf,clay
2020-9351,Trieste,Clay,32,C,,20200830,31,A0E2,,,Carlos Alcaraz,R,183,ESP,17.322,310,132,BI47,,,Riccardo Bonadio,R,180,ITA,27.132,408,89,6-4 6-3,3,F,69,1,1,46,34,27,7,9,2,3,1,1,63,38,23,11,10,7,11,TennisMyLife,2020_challenger.csv,2020,2026-08-23T06:37:21.010456+00:00,1347,08fb3595d87365d2d2509dee29142c3d,NEW_MATCH,0,,carlos alcaraz,riccardo bonadio,trieste,f,clay
2020-1797,Ostrava,Clay,32,C,,20200831,1,L949,1,,Henri Laaksonen,R,185,SUI,28.419,130,425,SP24,,,Brayden Schnur,R,193,CAN,25.161,182,286,7-5 6-1,3,R32,104,3,4,60,25,18,18,9,3,5,8,5,96,63,38,9,10,20,26,TennisMyLife,2020_challenger.csv,2020,2026-08-23T06:37:21.010456+00:00,1348,9edf64897b0e7442168e0e722d504704,NEW_MATCH,0,,henri laaksonen,brayden schnur,ostrava,r32,clay
2020-1797,Ostrava,Clay,32,C,,20200831,2,I305,2,,Ilya Ivashka,R,193,BLR,26.516,139,396,KI82,,,Vit Kopriva,R,178,CZE,23.211,322,127,6-4 7-6(4),3,R32,130,4,9,99,63,39,14,11,7,11,1,6,77,45,29,10,11,4,9,TennisMyLife,2020_challenger.csv,2020,2026-08-23T06:37:21.010456+00:00,1349,8fd288b623d4e6c34f424516781df11e,NEW_MATCH,0,,ilya ivashka,vit kopriva,ostrava,r32,clay
2020-1797,Ostrava,Clay,32,C,,20200831,3,R685,,,Lukas Rosol,R,193,CZE,35.105,167,324,CH27,3,,Hyeon Chung,R,188,KOR,24.285,144,383,2-6 6-4 6-0,3,R32,97,5,6,88,46,34,14,12,10,14,2,13,72,32,26,10,12,4,10,TennisMyLife,2020_challenger.csv,2020,2026-08-23T06:37:21.010456+00:00,1350,9edf1b08ffcbec7701791f73b26b0176,NEW_MATCH,0,,lukas rosol,hyeon chung,ostrava,r32,clay
2020-1797,Ostrava,Clay,32,C,,20200831,4,G858,4,,Ernests Gulbis,R,191,LAT,32.003,158,341,S0GD,,,Dalibor Svrcina,R,178,CZE,17.914,852,16,6-4 6-1,3,R32,74,7,2,58,34,27,15,9,6,6,0,5,50,29,20,7,8,3,6,TennisMyLife,2020_challenger.csv,2020,2026-08-23T06:37:21.010456+00:00,1351,bfa7d6fa5204bc9557f8884a4dd66187,NEW_MATCH,0,,ernests gulbis,dalibor svrcina,ostrava,r32,clay
2020-1797,Ostrava,Clay,32,C,,20200831,5,SN54,,,Frederico Ferreira Silva,L,178,POR,25.457,193,273,K966,5,,Martin Klizan,L,191,SVK,31.14,166,327,7-6(4) 6-2,3,R32,90,3,0,61,40,30,14,10,1,2,0,2,56,31,21,14,10,4,7,TennisMyLife,2020_challenger.csv,2020,2026-08-23T06:37:21.010456+00:00,1352,d51439bc1b6acb01fb9e885df4c9ddaf,NEW_MATCH,0,,frederico ferreira silva,martin klizan,ostrava,r32,clay
2020-1797,Ostrava,Clay,32,C,,20200831,6,D916,7,,Steven Diez,R,175,CAN,29.459,171,315,M0AC,,,Rudolf Molleker,R,188,GER,19.847,192,273,6-1 6-2,3,R32,52,1,0,36,24,17,6,7,1,3,1,9,50,25,12,4,8,7,14,TennisMyLife,2020_challenger.csv,2020,2026-08-23T06:37:21.010456+00:00,1353,25714035e7229f989d2113357ff0d3d6,NEW_MATCH,0,,steven diez,rudolf molleker,ostrava,r32,clay
2020-1797,Ostrava,Clay,32,C,,20200831,7,SC77,8,,Sergiy Stakhovsky,R,193,UKR,34.65,173,311,PB22,,,Peter Polansky,R,183,CAN,32.211,194,270,4-6 6-4 6-3,3,R32,121,7,4,92,53,44,22,15,6,7,1,4,88,46,33,24,14,6,8,TennisMyLife,2020_challenger.csv,2020,2026-08-23T06:37:21.010456+00:00,1354,d562af2a320aa426c554c2767d6e3558,NEW_MATCH,0,,sergiy stakhovsky,peter polansky,ostrava,r32,clay
2020-1797,Ostrava,Clay,32,C,,20200831,8,GJ37,,,Tallon Griekspoor,R,188,NED,24.164,150,371,H756,,,Robin Haase,R,191,NED,33.405,164,330,4-6 6-4 7-6(3),3,R32,142,7,2,109,68,45,22,16,8,13,5,4,124,62,44,26,16,7,12,TennisMyLife,2020_challenger.csv,2020,2026-08-23T06:37:21.010456+00:00,1355,538352b2b9fa8674ec32354b543460b2,NEW_MATCH,0,,tallon griekspoor,robin haase,ostrava,r32,clay
2020-1797,Ostrava,Clay,32,C,,20200831,9,KC56,,,Aslan Karatsev,R,185,RUS,26.99,140,394,M0FH,,,Tomas Machac,R,183,CZE,19.882,246,204,6-4 6-4,3,R32,84,9,3,57,33,28,11,10,1,2,2,3,76,47,32,12,10,9,12,TennisMyLife,2020_challenger.csv,2020,2026-08-23T06:37:21.010456+00:00,1356,1adc3ecec509b262d11e7fbbb4834700,NEW_MATCH,0,,aslan karatsev,tomas machac,ostrava,r32,clay
2020-1797,Ostrava,Clay,32,C,,20200831,10,KH56,,,Zdenek Kolar,R,183,CZE,23.893,225,226,J267,,,Malek Jaziri,R,185,TUN,36.613,264,181,6-3 7-5,3,R32,97,5,1,78,61,40,11,11,6,7,1,1,55,21,13,22,10,1,4,TennisMyLife,2020_challenger.csv,2020,2026-08-23T06:37:21.010456+00:00,1357,4f2bcccefd1d7b4d1ef9ba53a77efb9a,NEW_MATCH,0,,zdenek kolar,malek jaziri,ostrava,r32,clay
2020-1797,Ostrava,Clay,32,C,,20200831,11,L797,,,Lukas Lacko,R,188,SVK,32.827,177,297,HA28,,,Filip Horansky,R,191,SVK,27.647,175,303,7-6(6) 6-2,3,R32,94,2,0,72,31,18,24,10,3,5,2,9,78,45,27,14,10,7,11,TennisMyLife,2020_challenger.csv,2020,2026-08-23T06:37:21.010456+00:00,1358,160183be6e8a5218492a1c68d69dbdf1,NEW_MATCH,0,,lukas lacko,filip horansky,ostrava,r32,clay
2020-1797,Ostrava,Clay,32,C,,20200831,12,MJ71,,,Mats Moraing,L,198,GER,28.197,257,192,O376,,,Renzo Olivo,R,178,ARG,28.463,208,251,7-5 6-0,3,R32,66,3,2,52,30,25,13,9,3,4,2,5,51,30,19,6,9,1,6,TennisMyLife,2020_challenger.csv,2020,2026-08-23T06:37:21.010456+00:00,1359,251cb20c85356c28163259328d2e214c,NEW_MATCH,0,,mats moraing,renzo olivo,ostrava,r32,clay
2020-1797,Ostrava,Clay,32,C,,20200831,13,O449,,,Oscar Otte,R,193,GER,27.127,219,236,V832,,,Aleksandar Vukic,R,188,AUS,24.402,200,260,3-6 6-4 6-3,3,R32,92,15,1,76,45,33,20,14,0,2,7,2,87,51,36,19,14,2,5,TennisMyLife,2020_challenger.csv,2020,2026-08-23T06:37:21.010456+00:00,1360,7717d43489fd2b8b83bd8e264af0c5d9,NEW_MATCH,0,,oscar otte,aleksandar vukic,ostrava,r32,clay
2020-1797,Ostrava,Clay,32,C,,20200831,14,PG20,,,Dmitry Popko,R,191,KAZ,23.852,165,329,SX50,,,Roman Safiullin,R,185,RUS,23.066,179,291,6-3 1-6 6-3,3,R32,136,1,9,100,50,29,18,12,14,21,1,2,86,55,32,8,13,10,18,TennisMyLife,2020_challenger.csv,2020,2026-08-23T06:37:21.010456+00:00,1361,63ad35fc9746f84a4bf07020a3078cf2,NEW_MATCH,0,,dmitry popko,roman safiullin,ostrava,r32,clay
2020-1797,Ostrava,Clay,32,C,,20200831,15,T840,,,Viktor Troicki,R,193,SRB,34.554,188,281,HH06,,,Marc-Andrea Huesler,L,196,SUI,24.186,303,139,3-6 6-4 7-5,3,R32,142,8,5,110,65,49,18,15,11,15,2,5,107,61,40,23,16,11,16,TennisMyLife,2020_challenger.csv,2020,2026-08-23T06:37:21.010456+00:00,1362,d039749772dbd36ddd5344c897acd70f,NEW_MATCH,0,,viktor troicki,marc andrea huesler,ostrava,r32,clay
2020-1797,Ostrava,Clay,32,C,,20200831,16,V812,,,Botic van de Zandschulp,R,191,NED,24.909,176,300,V0AM,,,Otto Virtanen,R,193,FIN,19.195,725,24,7-5 6-4,3,R32,65,3,4,62,41,33,12,11,4,5,7,6,57,33,25,12,11,1,4,TennisMyLife,2020_challenger.csv,2020,2026-08-23T06:37:21.010456+00:00,1363,4f3d04ab17732fa8c9b9e6a41367bdaf,NEW_MATCH,0,,botic van de zandschulp,otto virtanen,ostrava,r32,clay
2020-1797,Ostrava,Clay,32,C,,20200831,17,V812,,,Botic van de Zandschulp,R,191,NED,24.909,176,300,L949,1,,Henri Laaksonen,R,185,SUI,28.419,130,425,6-3 6-2,3,R16,77,4,7,54,26,19,15,8,1,2,0,6,66,33,18,14,9,6,11,TennisMyLife,2020_challenger.csv,2020,2026-08-23T06:37:21.010456+00:00,1364,bfd2888a90de7b0f48b848c5fa0c8128,NEW_MATCH,0,,botic van de zandschulp,henri laaksonen,ostrava,r16,clay
2020-1797,Ostrava,Clay,32,C,,20200831,18,I305,2,,Ilya Ivashka,R,193,BLR,26.516,139,396,T840,,,Viktor Troicki,R,193,SRB,34.554,188,281,6-3 7-5,3,R16,96,7,7,70,43,31,11,11,5,8,0,0,64,40,21,12,10,3,8,TennisMyLife,2020_challenger.csv,2020,2026-08-23T06:37:21.010456+00:00,1365,21c35d83ad6989e4b7df34c3e90babca,NEW_MATCH,0,,ilya ivashka,viktor troicki,ostrava,r16,clay
2020-1797,Ostrava,Clay,32,C,,20200831,19,KC56,,,Aslan Karatsev,R,185,RUS,26.99,140,394,G858,4,,Ernests Gulbis,R,191,LAT,32.003,158,341,6-1 6-4,3,R16,66,6,3,44,21,20,17,9,1,1,1,5,48,27,18,9,8,3,6,TennisMyLife,2020_challenger.csv,2020,2026-08-23T06:37:21.010456+00:00,1366,564bc31c5415fe0902ff327a80cb27fd,NEW_MATCH,0,,aslan karatsev,ernests gulbis,ostrava,r16,clay
2020-1797,Ostrava,Clay,32,C,,20200831,20,GJ37,,,Tallon Griekspoor,R,188,NED,24.164,150,371,D916,7,,Steven Diez,R,175,CAN,29.459,171,315,4-6 6-2 6-4,3,R16,127,11,4,78,44,31,18,14,0,4,1,8,96,57,32,18,14,7,13,TennisMyLife,2020_challenger.csv,2020,2026-08-23T06:37:21.010456+00:00,1367,7b3e2a80d0793191655738ecb1e5342d,NEW_MATCH,0,,tallon griekspoor,steven diez,ostrava,r16,clay
2020-1797,Ostrava,Clay,32,C,,20200831,21,MJ71,,,Mats Moraing,L,198,GER,28.197,257,192,SC77,8,,Sergiy Stakhovsky,R,193,UKR,34.65,173,311,6-1 6-7(4) 4-0 RET,3,R16,124,4,2,74,39,30,15,11,6,9,4,9,95,50,32,12,12,10,18,TennisMyLife,2020_challenger.csv,2020,2026-08-23T06:37:21.010456+00:00,1368,4bd583a2de3a64af51428b2f3fdc7986,NEW_MATCH,0,,mats moraing,sergiy stakhovsky,ostrava,r16,clay
2020-1797,Ostrava,Clay,32,C,,20200831,22,KH56,,,Zdenek Kolar,R,183,CZE,23.893,225,226,PG20,,,Dmitry Popko,R,191,KAZ,23.852,165,329,5-7 6-4 7-5,3,R16,183,4,3,112,71,41,20,17,12,19,3,7,131,87,45,21,17,12,20,TennisMyLife,2020_challenger.csv,2020,2026-08-23T06:37:21.010456+00:00,1369,238167d98eba18618e241eb7da983fe2,NEW_MATCH,0,,zdenek kolar,dmitry popko,ostrava,r16,clay
2020-1797,Ostrava,Clay,32,C,,20200831,23,L797,,,Lukas Lacko,R,188,SVK,32.827,177,297,SN54,,,Frederico Ferreira Silva,L,178,POR,25.457,193,273,6-4 7-5,3,R16,91,4,5,63,32,25,13,11,0,3,3,5,72,50,31,7,11,3,8,TennisMyLife,2020_challenger.csv,2020,2026-08-23T06:37:21.010456+00:00,1370,4f33cae272d826abf093795b8229cd35,NEW_MATCH,0,,lukas lacko,frederico ferreira silva,ostrava,r16,clay
2020-1797,Ostrava,Clay,32,C,,20200831,24,O449,,,Oscar Otte,R,193,GER,27.127,219,236,R685,,,Lukas Rosol,R,193,CZE,35.105,167,324,6-2 6-0,3,R16,53,10,1,41,24,21,10,7,0,0,5,3,52,27,14,9,7,9,14,TennisMyLife,2020_challenger.csv,2020,2026-08-23T06:37:21.010456+00:00,1371,51f3779810232dc4eb54a6d1c84bac6e,NEW_MATCH,0,,oscar otte,lukas rosol,ostrava,r16,clay
2020-1797,Ostrava,Clay,32,C,,20200831,25,GJ37,,,Tallon Griekspoor,R,188,NED,24.164,150,371,I305,2,,Ilya Ivashka,R,193,BLR,26.516,139,396,7-6(3) 6-3,3,QF,102,3,4,87,52,31,18,11,8,12,3,4,65,40,24,9,10,2,7,TennisMyLife,2020_challenger.csv,2020,2026-08-23T06:37:21.010456+00:00,1372,f0900afcde383c73d07ac08f0e64968f,NEW_MATCH,0,,tallon griekspoor,ilya ivashka,ostrava,qf,clay
2020-1797,Ostrava,Clay,32,C,,20200831,26,KC56,,,Aslan Karatsev,R,185,RUS,26.99,140,394,MJ71,,,Mats Moraing,L,198,GER,28.197,257,192,6-3 6-3,3,QF,76,4,2,55,33,26,9,9,3,5,5,5,63,32,23,10,9,3,8,TennisMyLife,2020_challenger.csv,2020,2026-08-23T06:37:21.010456+00:00,1373,fb6981d1adca1ca906c764a02985302f,NEW_MATCH,0,,aslan karatsev,mats moraing,ostrava,qf,clay
2020-1797,Ostrava,Clay,32,C,,20200831,27,O449,,,Oscar Otte,R,193,GER,27.127,219,236,KH56,,,Zdenek Kolar,R,183,CZE,23.893,225,226,6-1 6-1,3,QF,53,7,2,38,17,13,16,7,1,1,1,0,41,33,12,4,7,0,5,TennisMyLife,2020_challenger.csv,2020,2026-08-23T06:37:21.010456+00:00,1374,0d0411b5ef4dda79a64ab4a8f17cc0bd,NEW_MATCH,0,,oscar otte,zdenek kolar,ostrava,qf,clay
2020-1797,Ostrava,Clay,32,C,,20200831,28,V812,,,Botic van de Zandschulp,R,191,NED,24.909,176,300,L797,,,Lukas Lacko,R,188,SVK,32.827,177,297,5-7 6-3 6-1,3,QF,132,10,6,95,53,38,24,14,6,8,1,6,114,59,35,25,14,19,24,TennisMyLife,2020_challenger.csv,2020,2026-08-23T06:37:21.010456+00:00,1375,f83e68eaae8349bc5a876cd8c86292e5,NEW_MATCH,0,,botic van de zandschulp,lukas lacko,ostrava,qf,clay
2020-1797,Ostrava,Clay,32,C,,20200831,29,KC56,,,Aslan Karatsev,R,185,RUS,26.99,140,394,V812,,,Botic van de Zandschulp,R,191,NED,24.909,176,300,6-3 6-3,3,SF,78,5,3,61,34,30,12,9,4,4,4,5,56,32,22,9,9,2,5,TennisMyLife,2020_challenger.csv,2020,2026-08-23T06:37:21.010456+00:00,1376,8e29ad03aef7023d7befc1ecf703c018,NEW_MATCH,0,,aslan karatsev,botic van de zandschulp,ostrava,sf,clay
2020-1797,Ostrava,Clay,32,C,,20200831,30,O449,,,Oscar Otte,R,193,GER,27.127,219,236,GJ37,,,Tallon Griekspoor,R,188,NED,24.164,150,371,6-2 6-4,3,SF,78,10,3,53,24,21,15,9,4,5,2,5,68,39,22,12,9,4,8,TennisMyLife,2020_challenger.csv,2020,2026-08-23T06:37:21.010456+00:00,1377,52223fb4186cdb9e0dae404927485977,NEW_MATCH,0,,oscar otte,tallon griekspoor,ostrava,sf,clay
2020-1797,Ostrava,Clay,32,C,,20200831,31,KC56,,,Aslan Karatsev,R,185,RUS,26.99,140,394,O449,,,Oscar Otte,R,193,GER,27.127,219,236,6-4 6-2,3,F,78,1,4,54,30,25,14,9,2,2,7,1,59,31,23,12,9,4,7,TennisMyLife,2020_challenger.csv,2020,2026-08-23T06:37:21.010456+00:00,1378,4a7bab9975b7b1973b2d755e6c846e30,NEW_MATCH,0,,aslan karatsev,oscar otte,ostrava,f,clay
2020-2120,Cordenons,Clay,32,C,,20200831,1,Z419,,,Bernabe Zapata Miralles,R,183,ESP,23.633,178,297,H997,1,,Yannick Hanfmann,R,193,GER,28.799,118,486,6-7(5) 6-4 6-4,3,R32,169,0,1,110,79,50,20,16,6,8,4,0,97,59,35,24,16,5,9,TennisMyLife,2020_challenger.csv,2020,2026-08-23T06:37:21.010456+00:00,1379,e0546128a01d59e68baed18afb7a0463,NEW_MATCH,0,,bernabe zapata miralles,yannick hanfmann,cordenons,r32,clay
2020-2120,Cordenons,Clay,32,C,,20200831,2,D0FJ,,,Luciano Darderi,R,183,ITA,18.543,1477,2,HA71,2,,Antoine Hoang,R,183,FRA,24.824,128,437,6-2 6-7(5) 6-4,3,R32,153,10,5,107,45,34,31,15,4,8,6,7,86,55,36,11,15,3,10,TennisMyLife,2020_challenger.csv,2020,2026-08-23T06:37:21.010456+00:00,1380,2462b5c8bd0db4fde7ad4f56f9814f5b,NEW_MATCH,0,,luciano darderi,antoine hoang,cordenons,r32,clay
2020-2120,Cordenons,Clay,32,C,,20200831,3,SK94,3,,Cedrik-Marcel Stebe,L,180,GER,29.895,131,423,N0BG,,,Luca Nardi,R,185,ITA,17.07,906,13,7-6(6) 6-3,3,R32,113,3,6,94,58,34,20,10,11,13,1,2,84,56,29,15,11,5,9,TennisMyLife,2020_challenger.csv,2020,2026-08-23T06:37:21.010456+00:00,1381,653845dcf76fd8849d81950272254565,NEW_MATCH,0,,cedrik marcel stebe,luca nardi,cordenons,r32,clay
2020-2120,Cordenons,Clay,32,C,,20200831,4,BF23,4,,Facundo Bagnis,L,183,ARG,30.508,134,415,HB64,,,Quentin Halys,R,191,FRA,23.847,197,264,6-7(8) 6-2 6-2,3,R32,150,6,3,104,63,49,20,14,9,11,8,8,102,55,41,15,14,10,16,TennisMyLife,2020_challenger.csv,2020,2026-08-23T06:37:21.010456+00:00,1382,8fbb37c579abcc4732f18ffda77408af,NEW_MATCH,0,,facundo bagnis,quentin halys,cordenons,r32,clay
2020-2120,Cordenons,Clay,32,C,,20200831,5,M0EJ,,,Lorenzo Musetti,R,185,ITA,18.497,258,192,MH16,5,,Yannick Maden,R,185,GER,30.842,149,378,6-1 6-0,3,R32,58,3,2,44,21,16,12,7,3,4,0,0,38,28,9,3,6,2,8,TennisMyLife,2020_challenger.csv,2020,2026-08-23T06:37:21.010456+00:00,1383,ff9fe6a1b7d84189c7a7b61607377503,NEW_MATCH,0,,lorenzo musetti,yannick maden,cordenons,r32,clay
2020-2120,Cordenons,Clay,32,C,,20200831,6,V824,,,Mario Vilella Martinez,R,178,ESP,25.164,170,315,GA79,6,,Lorenzo Giustino,R,180,ITA,28.975,154,356,6-4 2-6 6-4,3,R32,138,4,4,82,59,40,9,14,5,9,4,2,86,43,32,18,14,3,7,TennisMyLife,2020_challenger.csv,2020,2026-08-23T06:37:21.010456+00:00,1384,3aaa357a56387b7f888a13aa6f7ce426,NEW_MATCH,0,,mario vilella martinez,lorenzo giustino,cordenons,r32,clay
2020-2120,Cordenons,Clay,32,C,,20200831,7,BM95,,,Benjamin Bonzi,R,183,FRA,24.227,222,231,MJ01,7,,Roberto Marcora,R,193,ITA,31.003,163,331,7-5 6-4,3,R32,112,2,3,76,43,34,13,11,6,8,4,2,72,39,23,17,11,2,6,TennisMyLife,2020_challenger.csv,2020,2026-08-23T06:37:21.010456+00:00,1385,7853702d672249435d3e0dd177491bcc,NEW_MATCH,0,,benjamin bonzi,roberto marcora,cordenons,r32,clay
2020-2120,Cordenons,Clay,32,C,,20200831,8,BI47,,,Riccardo Bonadio,R,180,ITA,27.135,285,152,R09X,8,,Jurij Rodionov,L,191,AUT,21.295,172,314,6-3 7-6(1),3,R32,98,3,0,60,41,26,14,10,1,3,3,1,75,44,26,14,11,6,10,TennisMyLife,2020_challenger.csv,2020,2026-08-23T06:37:21.010456+00:00,1386,3eaa07374e3b3a1aa59bb3c1bacdd889,NEW_MATCH,0,,riccardo bonadio,jurij rodionov,cordenons,r32,clay
2020-2120,Cordenons,Clay,32,C,,20200831,9,A0E2,,,Carlos Alcaraz,R,183,ESP,17.325,217,237,FA43,,,Juan Pablo Ficovich,R,188,ARG,23.6,196,270,4-6 6-3 7-5,3,R32,166,1,2,119,90,54,19,16,14,17,1,4,98,66,43,15,15,3,7,TennisMyLife,2020_challenger.csv,2020,2026-08-23T06:37:21.010456+00:00,1387,e6f522e0dd1d717044c93ebeb4205664,NEW_MATCH,0,,carlos alcaraz,juan pablo ficovich,cordenons,r32,clay
2020-2120,Cordenons,Clay,32,C,,20200831,10,AE14,,,Daniel Altmaier,R,188,GER,21.969,221,233,R419,,,Tommy Robredo,R,180,ESP,38.335,216,239,6-1 3-6 7-6(2),3,R32,151,3,6,89,55,39,18,14,3,6,3,2,102,62,38,19,14,6,10,TennisMyLife,2020_challenger.csv,2020,2026-08-23T06:37:21.010456+00:00,1388,597e61d680dc7327f1c272eca88a538e,NEW_MATCH,0,,daniel altmaier,tommy robredo,cordenons,r32,clay
2020-2120,Cordenons,Clay,32,C,,20200831,11,BI23,,,Liam Broady,L,183,GBR,26.656,203,255,Z0A1,,,Giulio Zeppieri,L,183,ITA,18.732,357,109,6-2 6-3,3,R32,75,3,0,55,33,17,15,8,3,5,3,1,54,37,16,6,9,2,8,TennisMyLife,2020_challenger.csv,2020,2026-08-23T06:37:21.010456+00:00,1389,fc31d269d7cfa60b275f6a232ee9b8da,NEW_MATCH,0,,liam broady,giulio zeppieri,cordenons,r32,clay
2020-2120,Cordenons,Clay,32,C,,20200831,12,C0AU,,,Francisco Cerundolo,R,185,ARG,22.051,247,204,J620,,,Maxime Janvier,R,196,FRA,23.869,195,270,6-4 6-4,3,R32,116,0,0,68,42,27,18,10,4,5,1,5,83,59,35,10,10,6,9,TennisMyLife,2020_challenger.csv,2020,2026-08-23T06:37:21.010456+00:00,1390,eb28dff5e859d9af64a446ed8fcc2f8c,NEW_MATCH,0,,francisco cerundolo,maxime janvier,cordenons,r32,clay
2020-2120,Cordenons,Clay,32,C,,20200831,13,CC66,,,Andrea Collarini,L,183,ARG,28.583,199,264,V490,,,Matteo Viola,R,185,ITA,33.153,224,228,6-0 6-1,3,R32,64,4,3,41,19,13,12,6,2,3,0,8,53,33,14,3,7,5,12,TennisMyLife,2020_challenger.csv,2020,2026-08-23T06:37:21.010456+00:00,1391,6117f98252b0d0baf162b59d2bb8c990,NEW_MATCH,0,,andrea collarini,matteo viola,cordenons,r32,clay
2020-2120,Cordenons,Clay,32,C,,20200831,14,MN13,,,Maximilian Marterer,L,188,GER,25.213,337,118,MN70,,,Joao Menezes,R,185,BRA,23.704,189,279,6-1 1-6 6-3,3,R32,103,4,3,73,48,34,14,12,4,6,3,0,71,54,31,10,11,5,8,TennisMyLife,2020_challenger.csv,2020,2026-08-23T06:37:21.010456+00:00,1392,19b984a70caf08b40c45198d7d2984e5,NEW_MATCH,0,,maximilian marterer,joao menezes,cordenons,r32,clay
2020-2120,Cordenons,Clay,32,C,,20200831,15,MP20,,,Alexandre Muller,R,183,FRA,23.578,250,202,PH64,,,Andrea Pellegrino,R,185,ITA,23.441,342,115,4-6 6-2 6-3,3,R32,129,0,2,105,87,53,7,14,4,8,2,1,72,51,27,10,13,4,10,TennisMyLife,2020_challenger.csv,2020,2026-08-23T06:37:21.010456+00:00,1393,ea63c12595bbcf7218621d9ed7d3f463,NEW_MATCH,0,,alexandre muller,andrea pellegrino,cordenons,r32,clay
2020-2120,Cordenons,Clay,32,C,,20200831,16,TE30,,,Alejandro Tabilo,L,188,CHI,23.247,180,290,CF88,,,Roberto Cid Subervi,R,193,DOM,27.003,218,237,6-3 6-4,3,R32,83,2,1,58,37,29,12,10,4,5,2,3,61,37,25,10,9,3,6,TennisMyLife,2020_challenger.csv,2020,2026-08-23T06:37:21.010456+00:00,1394,3cb7ad5ad99a26d20b5c4e74a25867f7,NEW_MATCH,0,,alejandro tabilo,roberto cid subervi,cordenons,r32,clay
2020-2120,Cordenons,Clay,32,C,,20200831,17,TE30,,,Alejandro Tabilo,L,188,CHI,23.247,180,290,SK94,3,,Cedrik-Marcel Stebe,L,180,GER,29.895,131,423,5-7 6-4 6-2,3,R16,129,4,0,104,73,51,15,15,7,10,3,3,77,46,31,14,15,2,7,TennisMyLife,2020_challenger.csv,2020,2026-08-23T06:37:21.010456+00:00,1395,5fa989d9be69048587b8270f554c8b01,NEW_MATCH,0,,alejandro tabilo,cedrik marcel stebe,cordenons,r16,clay
2020-2120,Cordenons,Clay,32,C,,20200831,18,BF23,4,,Facundo Bagnis,L,183,ARG,30.508,134,415,BI23,,,Liam Broady,L,183,GBR,26.656,203,255,6-3 7-6(4),3,R16,120,5,2,66,44,31,15,11,3,5,2,2,86,49,30,18,10,7,10,TennisMyLife,2020_challenger.csv,2020,2026-08-23T06:37:21.010456+00:00,1396,c2373bb77e9939ccbb8ab4a625a99914,NEW_MATCH,0,,facundo bagnis,liam broady,cordenons,r16,clay
2020-2120,Cordenons,Clay,32,C,,20200831,19,A0E2,,,Carlos Alcaraz,R,183,ESP,17.325,217,237,BM95,,,Benjamin Bonzi,R,183,FRA,24.227,222,231,6-3 7-6(3),3,R16,97,0,2,77,52,31,16,10,7,9,1,0,64,44,25,10,11,3,7,TennisMyLife,2020_challenger.csv,2020,2026-08-23T06:37:21.010456+00:00,1397,ccb620f98456505811e4d78e99fac911,NEW_MATCH,0,,carlos alcaraz,benjamin bonzi,cordenons,r16,clay
2020-2120,Cordenons,Clay,32,C,,20200831,20,AE14,,,Daniel Altmaier,R,188,GER,21.969,221,233,D0FJ,,,Luciano Darderi,R,183,ITA,18.543,1477,2,6-4 6-2,3,R16,87,1,3,54,26,22,15,9,1,2,2,1,64,38,23,10,9,6,10,TennisMyLife,2020_challenger.csv,2020,2026-08-23T06:37:21.010456+00:00,1398,4ed4ceb861d87986311d8db521d0b189,NEW_MATCH,0,,daniel altmaier,luciano darderi,cordenons,r16,clay
2020-2120,Cordenons,Clay,32,C,,20200831,21,BI47,,,Riccardo Bonadio,R,180,ITA,27.135,285,152,MN13,,,Maximilian Marterer,L,188,GER,25.213,337,118,6-4 7-6(6),3,R16,123,2,2,89,55,37,20,11,8,9,2,2,70,46,34,10,11,2,4,TennisMyLife,2020_challenger.csv,2020,2026-08-23T06:37:21.010456+00:00,1399,444894b78e5649ada3937cf1ba558a54,NEW_MATCH,0,,riccardo bonadio,maximilian marterer,cordenons,r16,clay
2020-2120,Cordenons,Clay,32,C,,20200831,22,CC66,,,Andrea Collarini,L,183,ARG,28.583,199,264,V824,,,Mario Vilella Martinez,R,178,ESP,25.164,170,315,6-2 6-4,3,R16,78,5,2,50,27,20,15,9,1,2,2,5,56,31,20,10,9,5,9,TennisMyLife,2020_challenger.csv,2020,2026-08-23T06:37:21.010456+00:00,1400,4f5c56c733e8b6f721f9b47124165764,NEW_MATCH,0,,andrea collarini,mario vilella martinez,cordenons,r16,clay
2020-2120,Cordenons,Clay,32,C,,20200831,23,M0EJ,,,Lorenzo Musetti,R,185,ITA,18.497,258,192,C0AU,,,Francisco Cerundolo,R,185,ARG,22.051,247,204,6-3 6-0,3,R16,62,3,0,42,28,23,11,8,0,0,0,0,44,28,13,8,7,2,6,TennisMyLife,2020_challenger.csv,2020,2026-08-23T06:37:21.010456+00:00,1401,aaf431bddd167b3eb283d0fa4fd658d4,NEW_MATCH,0,,lorenzo musetti,francisco cerundolo,cordenons,r16,clay
2020-2120,Cordenons,Clay,32,C,,20200831,24,Z419,,,Bernabe Zapata Miralles,R,183,ESP,23.633,178,297,MP20,,,Alexandre Muller,R,183,FRA,23.578,250,202,6-1 7-5,3,R16,83,1,1,61,43,29,9,10,3,5,0,0,49,27,11,13,9,3,8,TennisMyLife,2020_challenger.csv,2020,2026-08-23T06:37:21.010456+00:00,1402,82130fab741c6527d027e7308272992b,NEW_MATCH,0,,bernabe zapata miralles,alexandre muller,cordenons,r16,clay
2020-2120,Cordenons,Clay,32,C,,20200831,25,A0E2,,,Carlos Alcaraz,R,183,ESP,17.325,217,237,BF23,4,,Facundo Bagnis,L,183,ARG,30.508,134,415,7-6(5) 4-6 6-2,3,QF,154,2,7,106,77,45,13,15,7,12,4,5,93,61,40,11,15,3,9,TennisMyLife,2020_challenger.csv,2020,2026-08-23T06:37:21.010456+00:00,1403,4a53a8e492a2d880cc9c6f5895ffc265,NEW_MATCH,0,,carlos alcaraz,facundo bagnis,cordenons,qf,clay
2020-2120,Cordenons,Clay,32,C,,20200831,26,AE14,,,Daniel Altmaier,R,188,GER,21.969,221,233,M0EJ,,,Lorenzo Musetti,R,185,ITA,18.497,258,192,7-6(4) 6-2,3,QF,98,3,0,63,34,28,15,10,2,3,2,1,71,50,33,7,10,7,10,TennisMyLife,2020_challenger.csv,2020,2026-08-23T06:37:21.010456+00:00,1404,17f6fa0a25f42b35c48a82e0e2b04f86,NEW_MATCH,0,,daniel altmaier,lorenzo musetti,cordenons,qf,clay
2020-2120,Cordenons,Clay,32,C,,20200831,27,TE30,,,Alejandro Tabilo,L,188,CHI,23.247,180,290,BI47,,,Riccardo Bonadio,R,180,ITA,27.135,285,152,7-5 6-1,3,QF,77,2,0,66,37,30,19,10,5,5,3,1,47,31,21,8,9,2,5,TennisMyLife,2020_challenger.csv,2020,2026-08-23T06:37:21.010456+00:00,1405,b5c087ff9cff4b37d31bec0102cbe360,NEW_MATCH,0,,alejandro tabilo,riccardo bonadio,cordenons,qf,clay
2020-2120,Cordenons,Clay,32,C,,20200831,28,Z419,,,Bernabe Zapata Miralles,R,183,ESP,23.633,178,297,CC66,,,Andrea Collarini,L,183,ARG,28.583,199,264,7-6(2) 3-2 RET,3,QF,91,0,1,51,39,23,4,8,1,6,1,5,59,34,15,10,9,3,9,TennisMyLife,2020_challenger.csv,2020,2026-08-23T06:37:21.010456+00:00,1406,3f7ee92351bb49a02bf7e07ed14bdf77,NEW_MATCH,0,,bernabe zapata miralles,andrea collarini,cordenons,qf,clay
2020-2120,Cordenons,Clay,32,C,,20200831,29,A0E2,,,Carlos Alcaraz,R,183,ESP,17.325,217,237,AE14,,,Daniel Altmaier,R,188,GER,21.969,221,233,6-1 7-6(6),3,SF,85,0,2,59,40,29,11,9,3,4,1,3,57,35,24,7,10,1,5,TennisMyLife,2020_challenger.csv,2020,2026-08-23T06:37:21.010456+00:00,1407,1d9f18a1464193cda6ca0f88f976e35b,NEW_MATCH,0,,carlos alcaraz,daniel altmaier,cordenons,sf,clay
2020-2120,Cordenons,Clay,32,C,,20200831,30,Z419,,,Bernabe Zapata Miralles,R,183,ESP,23.633,178,297,TE30,,,Alejandro Tabilo,L,188,CHI,23.247,180,290,6-1 6-0,3,SF,42,2,0,32,23,21,7,7,0,0,1,1,31,18,8,1,6,0,5,TennisMyLife,2020_challenger.csv,2020,2026-08-23T06:37:21.010456+00:00,1408,ffa4c8ba5e41fa3c177796631159427b,NEW_MATCH,0,,bernabe zapata miralles,alejandro tabilo,cordenons,sf,clay
2020-2120,Cordenons,Clay,32,C,,20200831,31,Z419,,,Bernabe Zapata Miralles,R,183,ESP,23.633,178,297,A0E2,,,Carlos Alcaraz,R,183,ESP,17.325,217,237,6-2 4-6 6-2,3,F,109,1,1,89,68,43,11,13,7,10,1,2,71,46,24,11,13,5,11,TennisMyLife,2020_challenger.csv,2020,2026-08-23T06:37:21.010456+00:00,1409,e81c07cc70a92e18dd03d66e30120b81,NEW_MATCH,0,,bernabe zapata miralles,carlos alcaraz,cordenons,f,clay
2020-558,Prostejov,Clay,32,C,,20200913,1,A596,1,,Pablo Andujar,R,180,ESP,34.639,56,942,KH56,,,Zdenek Kolar,R,183,CZE,23.929,225,226,6-4 6-3,3,R32,98,0,3,55,32,23,13,9,5,7,1,4,79,53,29,9,10,3,8,TennisMyLife,2020_challenger.csv,2020,2026-08-23T06:37:21.010456+00:00,1410,631ea655ec7edd084609ec4ee4050342,NEW_MATCH,0,,pablo andujar,zdenek kolar,prostejov,r32,clay
2020-558,Prostejov,Clay,32,C,,20200913,2,V708,2,,Jiri Vesely,L,198,CZE,27.179,67,785,I305,,,Ilya Ivashka,R,193,BLR,26.552,139,396,6-2 6-3,3,R32,76,7,1,44,30,25,8,8,0,0,2,2,58,34,17,13,9,5,9,TennisMyLife,2020_challenger.csv,2020,2026-08-23T06:37:21.010456+00:00,1411,61f61ff9086b00656274ac7614fa0c68,NEW_MATCH,0,,jiri vesely,ilya ivashka,prostejov,r32,clay
2020-558,Prostejov,Clay,32,C,,20200913,3,TA12,3,,Stefano Travaglia,R,185,ITA,28.712,87,684,S0GD,,,Dalibor Svrcina,R,178,CZE,17.949,852,16,3-6 6-1 6-1,3,R32,109,1,2,72,37,27,15,11,3,6,1,6,88,57,35,7,12,7,14,TennisMyLife,2020_challenger.csv,2020,2026-08-23T06:37:21.010456+00:00,1412,13dac75514a94c804554345638116a32,NEW_MATCH,0,,stefano travaglia,dalibor svrcina,prostejov,r32,clay
2020-558,Prostejov,Clay,32,C,,20200913,4,MM66,,,Nikola Milojevic,R,188,SRB,25.238,145,382,MU94,4,,Jaume Munar,R,183,ESP,23.359,105,548,6-4 6-3,3,R32,107,2,2,64,36,28,12,9,3,5,1,3,67,37,21,12,10,8,13,TennisMyLife,2020_challenger.csv,2020,2026-08-23T06:37:21.010456+00:00,1413,ce2b6bf38e5b41d478a33a942e3481e2,NEW_MATCH,0,,nikola milojevic,jaume munar,prostejov,r32,clay
2020-558,Prostejov,Clay,32,C,,20200913,5,MO44,5,,Pedro Martinez,R,185,ESP,23.384,106,546,D916,,,Steven Diez,R,175,CAN,29.495,171,315,6-2 6-4,3,R32,113,2,3,53,31,26,8,9,1,3,2,4,93,50,29,17,9,13,18,TennisMyLife,2020_challenger.csv,2020,2026-08-23T06:37:21.010456+00:00,1414,811b94daf827921ab95e8a0827c55633,NEW_MATCH,0,,pedro martinez,steven diez,prostejov,r32,clay
2020-558,Prostejov,Clay,32,C,,20200913,6,MQ75,6,,Kamil Majchrzak,R,183,POL,24.668,107,532,SX50,,,Roman Safiullin,R,185,RUS,23.102,179,291,6-4 6-4,3,R32,80,3,4,60,29,20,17,10,1,3,3,2,58,36,26,9,10,2,6,TennisMyLife,2020_challenger.csv,2020,2026-08-23T06:37:21.010456+00:00,1415,054b51cb20706e2e43c393d245daf120,NEW_MATCH,0,,kamil majchrzak,roman safiullin,prostejov,r32,clay
2020-558,Prostejov,Clay,32,C,,20200913,7,DA81,7,,Taro Daniel,R,191,JPN,27.628,112,511,BF23,,,Facundo Bagnis,L,183,ARG,30.543,134,415,4-6 6-4 6-3,3,R32,145,6,1,104,67,42,24,15,9,11,7,6,84,50,38,18,14,5,8,TennisMyLife,2020_challenger.csv,2020,2026-08-23T06:37:21.010456+00:00,1416,efb2e8d998b919ba68a78ac47705dc17,NEW_MATCH,0,,taro daniel,facundo bagnis,prostejov,r32,clay
2020-558,Prostejov,Clay,32,C,,20200913,8,SK94,,,Cedrik-Marcel Stebe,L,180,GER,29.93,131,423,D864,8,,Evgeny Donskoy,R,185,RUS,30.349,114,505,5-7 6-2 6-2,3,R32,116,5,3,82,54,38,13,14,4,8,1,7,99,50,32,16,14,10,17,TennisMyLife,2020_challenger.csv,2020,2026-08-23T06:37:21.010456+00:00,1417,cf64df83da3454907a8ef174523e7eaf,NEW_MATCH,0,,cedrik marcel stebe,evgeny donskoy,prostejov,r32,clay
2020-558,Prostejov,Clay,32,C,,20200913,9,GA79,,,Lorenzo Giustino,R,180,ITA,29.01,154,356,GE33,,,Daniel Elahi Galan,R,191,COL,24.238,148,379,2-6 6-3 6-4,3,R32,146,3,4,113,60,41,26,14,6,9,8,1,82,52,31,19,13,4,7,TennisMyLife,2020_challenger.csv,2020,2026-08-23T06:37:21.010456+00:00,1418,6b1f48b96fa66782aaa7981b421926c1,NEW_MATCH,0,,lorenzo giustino,daniel elahi galan,prostejov,r32,clay
2020-558,Prostejov,Clay,32,C,,20200913,10,HA28,,,Filip Horansky,R,191,SVK,27.682,175,303,R685,,,Lukas Rosol,R,193,CZE,35.14,167,324,6-4 6-3,3,R32,74,0,5,67,42,29,11,10,2,4,1,2,57,33,20,13,9,2,6,TennisMyLife,2020_challenger.csv,2020,2026-08-23T06:37:21.010456+00:00,1419,f896a961ecadc21a21d44f04421f4b36,NEW_MATCH,0,,filip horansky,lukas rosol,prostejov,r32,clay
2020-558,Prostejov,Clay,32,C,,20200913,11,K966,,,Martin Klizan,L,191,SVK,31.176,166,327,BI81,,,Alex Bolt,L,183,AUS,27.688,146,380,6-3 6-3,3,R32,71,1,0,54,30,18,15,9,3,5,3,1,51,26,13,11,9,2,7,TennisMyLife,2020_challenger.csv,2020,2026-08-23T06:37:21.010456+00:00,1420,2b5e3b8772794ddf7e6c8a80f4d3660d,NEW_MATCH,0,,martin klizan,alex bolt,prostejov,r32,clay
2020-558,Prostejov,Clay,32,C,,20200913,12,KC04,,,Jozef Kovalik,R,183,SVK,27.858,123,452,CH27,,,Hyeon Chung,R,188,KOR,24.32,144,383,7-6(5) 6-2,3,R32,98,1,4,69,24,18,19,10,4,7,0,10,64,24,11,15,10,4,9,TennisMyLife,2020_challenger.csv,2020,2026-08-23T06:37:21.010456+00:00,1421,eb99f284d5dc847ef3e932399ae9daca,NEW_MATCH,0,,jozef kovalik,hyeon chung,prostejov,r32,clay
2020-558,Prostejov,Clay,32,C,,20200913,13,L0BV,,,Jiri Lehecka,R,185,CZE,18.847,562,46,SN54,,,Frederico Ferreira Silva,L,178,POR,25.492,193,273,7-6(5) 4-6 7-5,3,R32,177,8,4,130,81,56,27,17,10,13,2,3,109,72,52,20,17,6,9,TennisMyLife,2020_challenger.csv,2020,2026-08-23T06:37:21.010456+00:00,1422,271d7dd49a7ae92f5a540700d9d2a9d2,NEW_MATCH,0,,jiri lehecka,frederico ferreira silva,prostejov,r32,clay
2020-558,Prostejov,Clay,32,C,,20200913,14,PG94,,,Marc Polmans,R,188,AUS,23.368,121,462,CG33,,,Kimmer Coppejans,R,178,BEL,26.598,155,353,6-1 6-4,3,R32,80,1,5,67,50,32,10,9,7,8,1,2,42,24,13,6,8,0,4,TennisMyLife,2020_challenger.csv,2020,2026-08-23T06:37:21.010456+00:00,1423,3d0e1e8f7ca24a2d9c0c47bfab694491,NEW_MATCH,0,,marc polmans,kimmer coppejans,prostejov,r32,clay
2020-558,Prostejov,Clay,32,C,,20200913,15,PG20,,,Dmitry Popko,R,191,KAZ,23.888,165,329,MH16,,,Yannick Maden,R,185,GER,30.877,149,378,3-6 6-4 6-1,3,R32,141,2,7,95,51,32,19,13,9,14,1,2,84,52,30,11,13,3,10,TennisMyLife,2020_challenger.csv,2020,2026-08-23T06:37:21.010456+00:00,1424,204ac62d0fa411e99cb3a30ec86d2ee5,NEW_MATCH,0,,dmitry popko,yannick maden,prostejov,r32,clay
2020-558,Prostejov,Clay,32,C,,20200913,16,V832,,,Aleksandar Vukic,R,188,AUS,24.438,200,260,L949,,,Henri Laaksonen,R,185,SUI,28.454,130,425,6-4 6-3,3,R32,68,18,4,74,48,39,9,10,2,2,3,2,55,33,24,10,9,3,5,TennisMyLife,2020_challenger.csv,2020,2026-08-23T06:37:21.010456+00:00,1425,f3a5d37f62643d873ebfca24ff6603fd,NEW_MATCH,0,,aleksandar vukic,henri laaksonen,prostejov,r32,clay
2020-558,Prostejov,Clay,32,C,,20200913,17,A596,1,,Pablo Andujar,R,180,ESP,34.639,56,942,GA79,,,Lorenzo Giustino,R,180,ITA,29.01,154,356,6-0 3-0 RET,3,R16,36,1,1,19,12,10,6,4,0,0,0,1,30,16,6,2,5,2,7,TennisMyLife,2020_challenger.csv,2020,2026-08-23T06:37:21.010456+00:00,1426,b442026bb34602beb7cf382e183630eb,NEW_MATCH,0,,pablo andujar,lorenzo giustino,prostejov,r16,clay
2020-558,Prostejov,Clay,32,C,,20200913,18,V832,,,Aleksandar Vukic,R,188,AUS,24.438,200,260,V708,2,,Jiri Vesely,L,198,CZE,27.179,67,785,7-6(4) 6-3,3,R16,92,13,3,75,41,31,20,11,5,6,7,4,60,35,24,15,10,0,2,TennisMyLife,2020_challenger.csv,2020,2026-08-23T06:37:21.010456+00:00,1427,be123e55b78c9210245a8d929fabc6a1,NEW_MATCH,0,,aleksandar vukic,jiri vesely,prostejov,r16,clay
2020-558,Prostejov,Clay,32,C,,20200913,19,TA12,3,,Stefano Travaglia,R,185,ITA,28.712,87,684,PG20,,,Dmitry Popko,R,191,KAZ,23.888,165,329,7-6(5) 6-4,3,R16,112,6,3,74,37,28,21,11,1,2,1,1,81,48,29,20,11,5,7,TennisMyLife,2020_challenger.csv,2020,2026-08-23T06:37:21.010456+00:00,1428,f6230e71d6dc48e6cd53d31dc07ef36a,NEW_MATCH,0,,stefano travaglia,dmitry popko,prostejov,r16,clay
2020-558,Prostejov,Clay,32,C,,20200913,20,K966,,,Martin Klizan,L,191,SVK,31.176,166,327,MO44,5,,Pedro Martinez,R,185,ESP,23.384,106,546,1-6 7-6(6) 6-1,3,R16,153,6,4,98,56,34,21,14,8,14,4,6,89,54,35,14,12,4,9,TennisMyLife,2020_challenger.csv,2020,2026-08-23T06:37:21.010456+00:00,1429,26aeda3e0962ba3c7ae5c06c2a8d2eda,NEW_MATCH,0,,martin klizan,pedro martinez,prostejov,r16,clay
2020-558,Prostejov,Clay,32,C,,20200913,21,MQ75,6,,Kamil Majchrzak,R,183,POL,24.668,107,532,PG94,,,Marc Polmans,R,188,AUS,23.368,121,462,6-3 6-2,3,R16,72,5,0,51,27,20,17,9,2,2,2,4,55,33,21,9,8,5,8,TennisMyLife,2020_challenger.csv,2020,2026-08-23T06:37:21.010456+00:00,1430,5f985bcae36199cf5f5a9aecc01dc8b6,NEW_MATCH,0,,kamil majchrzak,marc polmans,prostejov,r16,clay
2020-558,Prostejov,Clay,32,C,,20200913,22,HA28,,,Filip Horansky,R,191,SVK,27.682,175,303,DA81,7,,Taro Daniel,R,191,JPN,27.628,112,511,6-3 6-4,3,R16,86,4,2,50,36,25,7,9,3,5,3,4,68,38,23,11,10,6,11,TennisMyLife,2020_challenger.csv,2020,2026-08-23T06:37:21.010456+00:00,1431,04a58eebff37e19981259b3a5205efec,NEW_MATCH,0,,filip horansky,taro daniel,prostejov,r16,clay
2020-558,Prostejov,Clay,32,C,,20200913,23,KC04,,,Jozef Kovalik,R,183,SVK,27.858,123,452,SK94,,,Cedrik-Marcel Stebe,L,180,GER,29.93,131,423,6-1 2-6 6-2,3,R16,105,2,4,75,41,24,21,12,5,8,7,5,75,42,27,14,11,5,10,TennisMyLife,2020_challenger.csv,2020,2026-08-23T06:37:21.010456+00:00,1432,0fa1da9eda745d1cdff2c0bfe2f4621a,NEW_MATCH,0,,jozef kovalik,cedrik marcel stebe,prostejov,r16,clay
2020-558,Prostejov,Clay,32,C,,20200913,24,L0BV,,,Jiri Lehecka,R,185,CZE,18.847,562,46,MM66,,,Nikola Milojevic,R,188,SRB,25.238,145,382,7-6(4) 6-3,3,R16,112,5,2,83,49,31,17,10,6,9,1,2,63,28,17,17,11,0,5,TennisMyLife,2020_challenger.csv,2020,2026-08-23T06:37:21.010456+00:00,1433,5defc250350e09c747c818d8685636f7,NEW_MATCH,0,,jiri lehecka,nikola milojevic,prostejov,r16,clay
2020-558,Prostejov,Clay,32,C,,20200913,25,A596,1,,Pablo Andujar,R,180,ESP,34.639,56,942,KC04,,,Jozef Kovalik,R,183,SVK,27.858,123,452,6-2 7-6(3),3,QF,114,0,0,69,46,28,15,10,3,5,0,2,75,40,23,14,10,10,14,TennisMyLife,2020_challenger.csv,2020,2026-08-23T06:37:21.010456+00:00,1434,ec76471e8f1bcdc06af2abde02f84a97,NEW_MATCH,0,,pablo andujar,jozef kovalik,prostejov,qf,clay
2020-558,Prostejov,Clay,32,C,,20200913,26,TA12,3,,Stefano Travaglia,R,185,ITA,28.712,87,684,K966,,,Martin Klizan,L,191,SVK,31.176,166,327,3-6 6-2 6-1,3,QF,125,8,3,93,54,36,18,12,7,10,1,3,76,47,24,13,12,6,12,TennisMyLife,2020_challenger.csv,2020,2026-08-23T06:37:21.010456+00:00,1435,479dc7e2cc324fb903df20e617280efe,NEW_MATCH,0,,stefano travaglia,martin klizan,prostejov,qf,clay
2020-558,Prostejov,Clay,32,C,,20200913,27,MQ75,6,,Kamil Majchrzak,R,183,POL,24.668,107,532,V832,,,Aleksandar Vukic,R,188,AUS,24.438,200,260,6-4 6-1,3,QF,66,4,3,43,29,26,10,9,0,0,2,1,67,34,22,13,8,2,5,TennisMyLife,2020_challenger.csv,2020,2026-08-23T06:37:21.010456+00:00,1436,e238e3db9b0a38837a08e8cb5a0b2767,NEW_MATCH,0,,kamil majchrzak,aleksandar vukic,prostejov,qf,clay
2020-558,Prostejov,Clay,32,C,,20200913,28,L0BV,,,Jiri Lehecka,R,185,CZE,18.847,562,46,HA28,,,Filip Horansky,R,191,SVK,27.682,175,303,6-1 6-1,3,QF,46,1,1,39,30,25,5,7,2,2,2,3,38,22,11,4,7,1,6,TennisMyLife,2020_challenger.csv,2020,2026-08-23T06:37:21.010456+00:00,1437,5b5ff94c8c0298035bf24126bd34abc9,NEW_MATCH,0,,jiri lehecka,filip horansky,prostejov,qf,clay
2020-558,Prostejov,Clay,32,C,,20200913,29,A596,1,,Pablo Andujar,R,180,ESP,34.639,56,942,TA12,3,,Stefano Travaglia,R,185,ITA,28.712,87,684,6-0 6-3,3,SF,74,1,2,38,21,16,6,7,0,2,3,3,62,38,17,8,8,3,10,TennisMyLife,2020_challenger.csv,2020,2026-08-23T06:37:21.010456+00:00,1438,729f37aff0b9c129f35657175bb14a4f,NEW_MATCH,0,,pablo andujar,stefano travaglia,prostejov,sf,clay
2020-558,Prostejov,Clay,32,C,,20200913,30,MQ75,6,,Kamil Majchrzak,R,183,POL,24.668,107,532,L0BV,,,Jiri Lehecka,R,185,CZE,18.847,562,46,4-6 6-1 6-2,3,SF,101,1,3,80,39,30,25,13,7,9,8,5,75,48,31,9,12,2,7,TennisMyLife,2020_challenger.csv,2020,2026-08-23T06:37:21.010456+00:00,1439,a029f0ae8ca37cf3f55f6c922f167b6d,NEW_MATCH,0,,kamil majchrzak,jiri lehecka,prostejov,sf,clay
2020-558,Prostejov,Clay,32,C,,20200913,31,MQ75,6,,Kamil Majchrzak,R,183,POL,24.668,107,532,A596,1,,Pablo Andujar,R,180,ESP,34.639,56,942,6-2 7-6(5),3,F,115,3,4,84,39,27,26,10,4,5,2,3,70,53,33,9,10,4,7,TennisMyLife,2020_challenger.csv,2020,2026-08-23T06:37:21.010456+00:00,1440,60a63e1ca582bcea4f10c6a117c857d9,NEW_MATCH,0,,kamil majchrzak,pablo andujar,prostejov,f,clay
2020-7009,Aix en Provence,Clay,32,C,,20200913,1,GB53,,,Federico Gaio,R,178,ITA,28.526,132,423,SD32,,,Gilles Simon,R,183,FRA,35.713,52,970,7-5 6-2,3,R32,107,1,2,66,44,35,9,10,3,4,4,2,74,39,24,17,10,7,11,TennisMyLife,2020_challenger.csv,2020,2026-08-23T06:37:21.010456+00:00,1441,f8e34104bca5a9a57950c49f5ad1e823,NEW_MATCH,0,,federico gaio,gilles simon,aix en provence,r32,clay
2020-7009,Aix en Provence,Clay,32,C,,20200913,2,C882,2,,Pablo Cuevas,R,180,URU,34.7,61,857,O376,,,Renzo Olivo,R,178,ARG,28.498,208,251,6-2 6-3,3,R32,78,0,3,50,28,19,11,8,2,4,2,7,54,34,18,5,9,3,9,TennisMyLife,2020_challenger.csv,2020,2026-08-23T06:37:21.010456+00:00,1442,3bba5f972b5722b869abeb1033168fa7,NEW_MATCH,0,,pablo cuevas,renzo olivo,aix en provence,r32,clay
2020-7009,Aix en Provence,Clay,32,C,,20200913,3,SX91,,,Thiago Seyboth Wild,R,185,BRA,20.512,113,507,ML57,3,,Gianluca Mager,R,188,ITA,25.785,80,711,6-3 7-5,3,R32,96,6,5,63,37,28,13,11,3,5,3,4,57,38,24,8,10,4,8,TennisMyLife,2020_challenger.csv,2020,2026-08-23T06:37:21.010456+00:00,1443,393d2e764551dcd1a7501049cc5f5645,NEW_MATCH,0,,thiago seyboth wild,gianluca mager,aix en provence,r32,clay
2020-7009,Aix en Provence,Clay,32,C,,20200913,4,MD56,,,Leonardo Mayer,R,191,ARG,33.333,120,464,DA31,4,,Hugo Dellien,R,180,BOL,27.244,97,638,6-3 6-2,3,R32,179,5,0,43,27,23,11,9,3,4,1,1,63,50,27,5,8,7,11,TennisMyLife,2020_challenger.csv,2020,2026-08-23T06:37:21.010456+00:00,1444,dd898f8f9a98311fa7b84dcbd57a4c44,NEW_MATCH,0,,leonardo mayer,hugo dellien,aix en provence,r32,clay
2020-7009,Aix en Provence,Clay,32,C,,20200913,5,CF59,5,,Roberto Carballes Baena,R,183,ESP,27.477,101,614,BA65,,,Dustin Brown,R,196,JAM,35.765,239,209,6-4 6-4,3,R32,85,1,1,56,36,23,13,10,3,5,0,1,70,39,15,20,10,5,9,TennisMyLife,2020_challenger.csv,2020,2026-08-23T06:37:21.010456+00:00,1445,d08b3b2a7f313bf68d3419390fc1e189,NEW_MATCH,0,,roberto carballes baena,dustin brown,aix en provence,r32,clay
2020-7009,Aix en Provence,Clay,32,C,,20200913,6,HB64,,,Quentin Halys,R,191,FRA,23.882,197,264,P09Z,6,,Alexei Popyrin,R,196,AUS,21.109,102,576,7-5 6-3,3,R32,89,4,4,79,54,41,12,11,7,7,4,5,57,32,25,13,10,1,3,TennisMyLife,2020_challenger.csv,2020,2026-08-23T06:37:21.010456+00:00,1446,be3825d84f0b13a3936b36114d70a20d,NEW_MATCH,0,,quentin halys,alexei popyrin,aix en provence,r32,clay
2020-7009,Aix en Provence,Clay,32,C,,20200913,7,AE14,,,Daniel Altmaier,R,188,GER,22.004,221,233,CE77,7,,Federico Coria,R,180,ARG,28.515,103,569,6-1 4-6 6-3,3,R32,117,3,2,72,36,29,23,13,3,4,1,2,79,49,30,18,13,5,9,TennisMyLife,2020_challenger.csv,2020,2026-08-23T06:37:21.010456+00:00,1447,92d73f9afa4a84bfc2e01eda3c28fb79,NEW_MATCH,0,,daniel altmaier,federico coria,aix en provence,r32,clay
2020-7009,Aix en Provence,Clay,32,C,,20200913,8,CF01,8,,Marco Cecchinato,R,185,ITA,27.953,108,526,SK47,,,Mohamed Safwat,R,180,EGY,29.985,135,407,6-0 6-1,3,R32,49,6,0,36,28,22,7,7,0,0,0,0,35,22,7,6,6,3,8,TennisMyLife,2020_challenger.csv,2020,2026-08-23T06:37:21.010456+00:00,1448,5dc166ce70718a9071719e72fc9f7565,NEW_MATCH,0,,marco cecchinato,mohamed safwat,aix en provence,r32,clay
2020-7009,Aix en Provence,Clay,32,C,,20200913,9,CF88,,,Roberto Cid Subervi,R,193,DOM,27.039,218,237,G09O,,,Hugo Gaston,L,173,FRA,19.964,231,215,6-3 6-7(6) 6-3,3,R32,150,3,6,105,59,43,24,16,5,8,1,3,112,68,38,24,14,8,13,TennisMyLife,2020_challenger.csv,2020,2026-08-23T06:37:21.010456+00:00,1449,6a737ec276008aee26940b761a040b90,NEW_MATCH,0,,roberto cid subervi,hugo gaston,aix en provence,r32,clay
2020-7009,Aix en Provence,Clay,32,C,,20200913,10,HA71,,,Antoine Hoang,R,183,FRA,24.86,128,437,KA98,,,Bradley Klahn,L,183,USA,30.067,129,436,6-0 6-2,3,R32,71,1,4,53,28,21,13,7,4,4,4,2,45,26,16,5,7,0,5,TennisMyLife,2020_challenger.csv,2020,2026-08-23T06:37:21.010456+00:00,1450,e3dfd011a304c20d73a3da00f2160941,NEW_MATCH,0,,antoine hoang,bradley klahn,aix en provence,r32,clay
2020-7009,Aix en Provence,Clay,32,C,,20200913,11,M0G4,,,Harold Mayot,R,180,FRA,18.606,453,73,GA36,,,Emilio Gomez,R,185,ECU,28.794,152,365,6-7(7) 6-3 6-4,3,R32,141,6,3,111,61,43,28,16,6,8,0,1,91,59,42,16,15,2,6,TennisMyLife,2020_challenger.csv,2020,2026-08-23T06:37:21.010456+00:00,1451,dd67eb54f6b7e39f472d97f99a477d92,NEW_MATCH,0,,harold mayot,emilio gomez,aix en provence,r32,clay
2020-7009,Aix en Provence,Clay,32,C,,20200913,12,O449,,,Oscar Otte,R,193,GER,27.162,219,236,C0H0,,,Arthur Cazaux,R,183,FRA,18.059,954,11,6-3 3-6 6-3,3,R32,111,1,3,79,38,27,28,14,1,2,4,2,71,38,28,22,13,1,3,TennisMyLife,2020_challenger.csv,2020,2026-08-23T06:37:21.010456+00:00,1452,3d573861736b8f361614fb42e6cbb601,NEW_MATCH,0,,oscar otte,arthur cazaux,aix en provence,r32,clay
2020-7009,Aix en Provence,Clay,32,C,,20200913,13,PE02,,,Danilo Petrovic,R,203,SRB,28.638,161,337,V836,,,Juan Pablo Varillas,R,185,PER,24.939,137,403,6-1 6-7(3) 6-2,3,R32,103,7,2,80,47,37,20,14,3,5,2,2,75,58,36,7,13,2,8,TennisMyLife,2020_challenger.csv,2020,2026-08-23T06:37:21.010456+00:00,1453,a88df547a34cccd832de2f41cc94b5ae,NEW_MATCH,0,,danilo petrovic,juan pablo varillas,aix en provence,r32,clay
2020-7009,Aix en Provence,Clay,32,C,,20200913,14,S483,,,Pedro Sousa,R,180,POR,32.298,110,522,J380,,,Jason Jung,R,180,TPE,31.247,122,462,3-6 6-2 6-4,3,R32,105,8,5,82,45,33,19,14,2,5,3,3,83,55,32,14,13,3,7,TennisMyLife,2020_challenger.csv,2020,2026-08-23T06:37:21.010456+00:00,1454,bb3653a997c1bb8db1dca9f4443b4600,NEW_MATCH,0,,pedro sousa,jason jung,aix en provence,r32,clay
2020-7009,Aix en Provence,Clay,32,C,,20200913,15,TE30,,,Alejandro Tabilo,L,188,CHI,23.283,180,290,MJ01,,,Roberto Marcora,R,193,ITA,31.039,163,331,7-5 7-5,3,R32,94,5,3,68,45,36,12,12,3,4,5,3,77,42,30,18,12,5,8,TennisMyLife,2020_challenger.csv,2020,2026-08-23T06:37:21.010456+00:00,1455,6868f26b40e62c611fd065e15c3a97dd,NEW_MATCH,0,,alejandro tabilo,roberto marcora,aix en provence,r32,clay
2020-7009,Aix en Provence,Clay,32,C,,20200913,16,Y218,,,Elias Ymer,R,185,SWE,24.427,184,284,BE54,,,Ruben Bemelmans,L,183,BEL,32.665,213,240,6-4 2-6 6-4,3,R32,119,4,4,78,44,30,20,14,1,4,6,6,99,64,44,16,14,4,7,TennisMyLife,2020_challenger.csv,2020,2026-08-23T06:37:21.010456+00:00,1456,79f422cc4b9f1510378af0e4cafa2c89,NEW_MATCH,0,,elias ymer,ruben bemelmans,aix en provence,r32,clay
2020-7009,Aix en Provence,Clay,32,C,,20200913,17,C882,2,,Pablo Cuevas,R,180,URU,34.7,61,857,M0G4,,,Harold Mayot,R,180,FRA,18.606,453,73,6-3 6-4,3,R16,78,5,1,48,33,31,9,10,0,0,2,5,74,39,24,19,9,4,6,TennisMyLife,2020_challenger.csv,2020,2026-08-23T06:37:21.010456+00:00,1457,fc2fab46ffb8b41b9056a1a6e88c0569,NEW_MATCH,0,,pablo cuevas,harold mayot,aix en provence,r16,clay
2020-7009,Aix en Provence,Clay,32,C,,20200913,18,PE02,,,Danilo Petrovic,R,203,SRB,28.638,161,337,CF59,5,,Roberto Carballes Baena,R,183,ESP,27.477,101,614,5-7 6-3 7-5,3,R16,134,8,3,94,58,47,17,17,6,9,3,5,87,52,40,15,16,2,6,TennisMyLife,2020_challenger.csv,2020,2026-08-23T06:37:21.010456+00:00,1458,1c853d656e571119dcd85c0e886c0d57,NEW_MATCH,0,,danilo petrovic,roberto carballes baena,aix en provence,r16,clay
2020-7009,Aix en Provence,Clay,32,C,,20200913,19,TE30,,,Alejandro Tabilo,L,188,CHI,23.283,180,290,CF01,8,,Marco Cecchinato,R,185,ITA,27.953,108,526,6-3 7-6(5),3,R16,86,8,3,76,46,38,18,11,3,3,6,2,62,41,29,14,10,0,1,TennisMyLife,2020_challenger.csv,2020,2026-08-23T06:37:21.010456+00:00,1459,59db3f5feba68acaa0d6e4b3527354b7,NEW_MATCH,0,,alejandro tabilo,marco cecchinato,aix en provence,r16,clay
2020-7009,Aix en Provence,Clay,32,C,,20200913,20,AE14,,,Daniel Altmaier,R,188,GER,22.004,221,233,S483,,,Pedro Sousa,R,180,POR,32.298,110,522,7-5 6-3,3,R16,85,9,0,74,41,30,16,11,8,10,1,3,60,37,22,12,10,5,9,TennisMyLife,2020_challenger.csv,2020,2026-08-23T06:37:21.010456+00:00,1460,ada47179eb1b191faf22a6c34f93bac0,NEW_MATCH,0,,daniel altmaier,pedro sousa,aix en provence,r16,clay
2020-7009,Aix en Provence,Clay,32,C,,20200913,21,GB53,,,Federico Gaio,R,178,ITA,28.526,132,423,Y218,,,Elias Ymer,R,185,SWE,24.427,184,284,6-4 6-4,3,R16,99,2,2,81,45,39,16,10,5,5,4,1,58,37,25,13,10,4,6,TennisMyLife,2020_challenger.csv,2020,2026-08-23T06:37:21.010456+00:00,1461,7c743a4cbc671d5a76670bdc2aa65527,NEW_MATCH,0,,federico gaio,elias ymer,aix en provence,r16,clay
2020-7009,Aix en Provence,Clay,32,C,,20200913,22,HA71,,,Antoine Hoang,R,183,FRA,24.86,128,437,HB64,,,Quentin Halys,R,191,FRA,23.882,197,264,6-3 6-3,3,R16,100,0,1,60,41,30,11,9,1,1,2,4,58,35,21,13,9,4,7,TennisMyLife,2020_challenger.csv,2020,2026-08-23T06:37:21.010456+00:00,1462,bc2495478b0cbce725cbc31348cf3056,NEW_MATCH,0,,antoine hoang,quentin halys,aix en provence,r16,clay
2020-7009,Aix en Provence,Clay,32,C,,20200913,23,O449,,,Oscar Otte,R,193,GER,27.162,219,236,MD56,,,Leonardo Mayer,R,191,ARG,33.333,120,464,7-6(5) 6-3,3,R16,100,12,1,61,40,35,12,10,2,2,4,2,71,44,34,12,11,4,6,TennisMyLife,2020_challenger.csv,2020,2026-08-23T06:37:21.010456+00:00,1463,945a5f9f08ab724c264adac42404b44f,NEW_MATCH,0,,oscar otte,leonardo mayer,aix en provence,r16,clay
2020-7009,Aix en Provence,Clay,32,C,,20200913,24,SX91,,,Thiago Seyboth Wild,R,185,BRA,20.512,113,507,CF88,,,Roberto Cid Subervi,R,193,DOM,27.039,218,237,6-1 7-5,3,R16,81,1,2,53,34,25,9,9,5,7,1,3,61,35,18,11,10,2,8,TennisMyLife,2020_challenger.csv,2020,2026-08-23T06:37:21.010456+00:00,1464,fc91adac32c21153189f66fe82a82b33,NEW_MATCH,0,,thiago seyboth wild,roberto cid subervi,aix en provence,r16,clay
2020-7009,Aix en Provence,Clay,32,C,,20200913,25,AE14,,,Daniel Altmaier,R,188,GER,22.004,221,233,C882,2,,Pablo Cuevas,R,180,URU,34.7,61,857,7-5 6-3,3,QF,98,11,1,71,49,37,10,11,6,7,2,4,68,39,26,13,10,6,9,TennisMyLife,2020_challenger.csv,2020,2026-08-23T06:37:21.010456+00:00,1465,790c001c21f324879f5ce5af9e8c515f,NEW_MATCH,0,,daniel altmaier,pablo cuevas,aix en provence,qf,clay
2020-7009,Aix en Provence,Clay,32,C,,20200913,26,O449,,,Oscar Otte,R,193,GER,27.162,219,236,PE02,,,Danilo Petrovic,R,203,SRB,28.638,161,337,6-3 6-2,3,QF,65,7,2,48,21,19,15,9,1,2,2,7,54,28,20,8,8,2,6,TennisMyLife,2020_challenger.csv,2020,2026-08-23T06:37:21.010456+00:00,1466,2748d64cf0575be6cb3fa3d8774d00c6,NEW_MATCH,0,,oscar otte,danilo petrovic,aix en provence,qf,clay
2020-7009,Aix en Provence,Clay,32,C,,20200913,27,SX91,,,Thiago Seyboth Wild,R,185,BRA,20.512,113,507,HA71,,,Antoine Hoang,R,183,FRA,24.86,128,437,3-6 6-2 6-1,3,QF,140,5,2,81,40,30,23,12,4,5,3,7,85,53,32,13,12,7,11,TennisMyLife,2020_challenger.csv,2020,2026-08-23T06:37:21.010456+00:00,1467,c2c91edd0aefb4f37e1a379a0ac7f43c,NEW_MATCH,0,,thiago seyboth wild,antoine hoang,aix en provence,qf,clay
2020-7009,Aix en Provence,Clay,32,C,,20200913,28,TE30,,,Alejandro Tabilo,L,188,CHI,23.283,180,290,GB53,,,Federico Gaio,R,178,ITA,28.526,132,423,4-6 6-2 6-4,3,QF,126,11,2,90,52,42,18,14,2,4,3,7,94,55,39,16,14,7,11,TennisMyLife,2020_challenger.csv,2020,2026-08-23T06:37:21.010456+00:00,1468,9c90390026426d12d47f5b782c5dac9d,NEW_MATCH,0,,alejandro tabilo,federico gaio,aix en provence,qf,clay
2020-7009,Aix en Provence,Clay,32,C,,20200913,29,O449,,,Oscar Otte,R,193,GER,27.162,219,236,AE14,,,Daniel Altmaier,R,188,GER,22.004,221,233,5-4 RET,3,SF,55,2,2,37,18,13,8,5,0,1,2,1,28,18,11,4,4,3,4,TennisMyLife,2020_challenger.csv,2020,2026-08-23T06:37:21.010456+00:00,1469,889b90cdb6890a3f957d26efa5fa7f3b,NEW_MATCH,0,,oscar otte,daniel altmaier,aix en provence,sf,clay
2020-7009,Aix en Provence,Clay,32,C,,20200913,30,SX91,,,Thiago Seyboth Wild,R,185,BRA,20.512,113,507,TE30,,,Alejandro Tabilo,L,188,CHI,23.283,180,290,7-6(4) 6-3,3,SF,97,8,2,71,42,33,15,11,5,6,12,6,80,45,32,16,10,9,11,TennisMyLife,2020_challenger.csv,2020,2026-08-23T06:37:21.010456+00:00,1470,06de66c1541b0b6a7da1750d0bba4512,NEW_MATCH,0,,thiago seyboth wild,alejandro tabilo,aix en provence,sf,clay
2020-7009,Aix en Provence,Clay,32,C,,20200913,31,O449,,,Oscar Otte,R,193,GER,27.162,219,236,SX91,,,Thiago Seyboth Wild,R,185,BRA,20.512,113,507,6-2 6-7(4) 6-4,3,F,156,10,4,91,46,41,23,15,2,3,2,6,113,63,37,27,15,7,11,TennisMyLife,2020_challenger.csv,2020,2026-08-23T06:37:21.010456+00:00,1471,ef4f8e6c457dd3f6939489c7cf022283,NEW_MATCH,0,,oscar otte,thiago seyboth wild,aix en provence,f,clay
2020-8394,Iasi,Clay,32,C,,20200920,1,A596,,,Pablo Andujar,R,180,ESP,34.658,51,1007,MP20,,,Alexandre Muller,R,183,FRA,23.633,235,215,6-4 6-0,3,R32,88,1,1,54,33,23,13,8,6,7,2,2,56,37,19,7,8,1,6,TennisMyLife,2020_challenger.csv,2020,2026-08-23T06:37:21.010456+00:00,1472,4101bc66486cc61187ab6b44bd174c7e,NEW_MATCH,0,,pablo andujar,alexandre muller,iasi,r32,clay
2020-8394,Iasi,Clay,32,C,,20200920,2,MU94,2,,Jaume Munar,R,183,ESP,23.379,108,548,PB22,,,Peter Polansky,R,183,CAN,32.266,202,270,6-4 6-2,3,R32,79,3,5,52,35,26,8,9,2,4,2,2,55,36,18,8,9,5,10,TennisMyLife,2020_challenger.csv,2020,2026-08-23T06:37:21.010456+00:00,1473,5e17f1f4b870f83459168442264c6dc4,NEW_MATCH,0,,jaume munar,peter polansky,iasi,r32,clay
2020-8394,Iasi,Clay,32,C,,20200920,3,RC91,3,,Arthur Rinderknech,R,196,FRA,25.164,163,345,HH06,,,Marc-Andrea Huesler,L,196,SUI,24.241,218,246,6-3 6-4,3,R32,88,2,3,58,29,26,18,10,3,3,3,2,51,26,19,14,9,2,4,TennisMyLife,2020_challenger.csv,2020,2026-08-23T06:37:21.010456+00:00,1474,0bf54f54aae46b1fd964ed38e149985b,NEW_MATCH,0,,arthur rinderknech,marc andrea huesler,iasi,r32,clay
2020-8394,Iasi,Clay,32,C,,20200920,4,R09X,4,,Jurij Rodionov,L,191,AUT,21.35,178,320,BU54,,,Geoffrey Blancaneaux,R,180,FRA,22.119,270,177,4-6 6-1 7-5,3,R32,139,0,3,72,44,33,14,14,0,4,2,4,101,76,41,10,15,11,18,TennisMyLife,2020_challenger.csv,2020,2026-08-23T06:37:21.010456+00:00,1475,20016e00fb6073377a5b1781478536b9,NEW_MATCH,0,,jurij rodionov,geoffrey blancaneaux,iasi,r32,clay
2020-8394,Iasi,Clay,32,C,,20200920,5,TE16,5,,Carlos Taberner,R,183,ESP,23.118,189,290,KI74,,,Nicola Kuhn,R,185,GER,20.504,240,212,6-3 6-2,3,R32,87,0,1,50,31,22,10,9,2,4,1,1,43,24,10,7,8,3,8,TennisMyLife,2020_challenger.csv,2020,2026-08-23T06:37:21.010456+00:00,1476,8de68fa93f59ab5f61bf707e6e435f37,NEW_MATCH,0,,carlos taberner,nicola kuhn,iasi,r32,clay
2020-8394,Iasi,Clay,32,C,,20200920,6,MW75,,,Felipe Meligeni Alves,R,185,BRA,22.585,354,111,CG94,6,,Enzo Couacaud,R,183,FRA,25.558,192,286,1-6 6-2 6-3,3,R32,96,0,0,77,50,37,14,12,4,6,6,2,75,38,32,17,12,6,9,TennisMyLife,2020_challenger.csv,2020,2026-08-23T06:37:21.010456+00:00,1477,970fbf0dd11c88a9b3c111493aafc679,NEW_MATCH,0,,felipe meligeni alves,enzo couacaud,iasi,r32,clay
2020-8394,Iasi,Clay,32,C,,20200920,7,MN70,7,,Joao Menezes,R,185,BRA,23.759,195,279,GF95,,,Hugo Grenier,R,196,FRA,24.496,247,208,6-4 6-4,3,R32,93,1,3,52,28,22,16,10,0,1,1,0,61,38,22,13,10,4,7,TennisMyLife,2020_challenger.csv,2020,2026-08-23T06:37:21.010456+00:00,1478,49dc27a811bd2c98d0172185dbc8a12c,NEW_MATCH,0,,joao menezes,hugo grenier,iasi,r32,clay
2020-8394,Iasi,Clay,32,C,,20200920,8,BS86,,,Tomas Barrios Vera,R,191,CHI,22.779,287,154,CA99,8,,Marius Copil,R,191,ROU,29.927,198,277,5-7 6-3 6-0,3,R32,116,4,1,72,52,43,9,14,0,1,10,4,82,46,31,18,13,3,7,TennisMyLife,2020_challenger.csv,2020,2026-08-23T06:37:21.010456+00:00,1479,4e09ab70ee7850b044a0a49f051297da,NEW_MATCH,0,,tomas barrios vera,marius copil,iasi,r32,clay
2020-8394,Iasi,Clay,32,C,,20200920,9,BK19,,,Mathias Bourgue,R,188,FRA,26.672,258,194,MW76,,,Matteo Martineau,R,183,FRA,21.678,425,82,6-1 7-6(1),3,R32,89,4,1,63,37,29,16,10,0,1,3,4,57,33,23,10,9,4,7,TennisMyLife,2020_challenger.csv,2020,2026-08-23T06:37:21.010456+00:00,1480,a8f496340e516929c7553c97f748d69a,NEW_MATCH,0,,mathias bourgue,matteo martineau,iasi,r32,clay
2020-8394,Iasi,Clay,32,C,,20200920,10,C0AU,,,Francisco Cerundolo,R,185,ARG,22.105,237,214,D981,,,Arthur De Greef,R,183,BEL,28.485,324,128,6-1 6-4,3,R32,71,3,1,40,26,20,10,8,1,2,2,2,66,39,23,9,9,5,10,TennisMyLife,2020_challenger.csv,2020,2026-08-23T06:37:21.010456+00:00,1481,00da3e8db3bb0a23fd01415102d5f59b,NEW_MATCH,0,,francisco cerundolo,arthur de greef,iasi,r32,clay
2020-8394,Iasi,Clay,32,C,,20200920,11,C0B2,,,Cezar Cretu,R,188,ROU,19.409,1105,7,MI01,,,Hiroki Moriya,R,168,JPN,29.93,242,210,2-6 6-3 6-4,3,R32,135,1,5,88,58,33,16,14,5,10,0,5,93,49,31,22,13,5,10,TennisMyLife,2020_challenger.csv,2020,2026-08-23T06:37:21.010456+00:00,1482,2cb37b1ea6fcba5b6534c9b60a9a68c8,NEW_MATCH,0,,cezar cretu,hiroki moriya,iasi,r32,clay
2020-8394,Iasi,Clay,32,C,,20200920,12,EA24,,,Tomas Martin Etcheverry,R,196,ARG,21.177,295,146,HB64,,,Quentin Halys,R,191,FRA,23.901,200,274,4-6 6-2 6-3,3,R32,150,4,3,88,66,49,6,13,5,7,2,10,101,56,37,17,14,9,14,TennisMyLife,2020_challenger.csv,2020,2026-08-23T06:37:21.010456+00:00,1483,df856d7ed1e4e3d651b37e057c03003e,NEW_MATCH,0,,tomas martin etcheverry,quentin halys,iasi,r32,clay
2020-8394,Iasi,Clay,32,C,,20200920,13,J267,,,Malek Jaziri,R,185,TUN,36.668,264,182,I306,,,Cem Ilkel,R,185,TUR,25.084,206,257,6-2 6-4,3,R32,88,5,1,56,28,18,21,9,5,6,1,3,58,32,19,13,9,2,6,TennisMyLife,2020_challenger.csv,2020,2026-08-23T06:37:21.010456+00:00,1484,6f2690672e18752514806a160ea73723,NEW_MATCH,0,,malek jaziri,cem ilkel,iasi,r32,clay
2020-8394,Iasi,Clay,32,C,,20200920,14,J09X,,,Filip Cristian Jianu,R,180,ROU,19.006,402,92,G681,,,Teymuraz Gabashvili,R,185,GEO,35.329,260,188,6-4 4-6 6-2,3,R32,136,4,3,99,69,37,17,14,7,12,1,9,90,52,28,18,14,6,13,TennisMyLife,2020_challenger.csv,2020,2026-08-23T06:37:21.010456+00:00,1485,31dd7a261c293221fafaa752878964ed,NEW_MATCH,0,,filip cristian jianu,teymuraz gabashvili,iasi,r32,clay
2020-8394,Iasi,Clay,32,C,,20200920,15,MB53,,,Adrian Menendez-Maceiras,R,183,ESP,34.897,262,184,KD87,,,Evgeny Karlovskiy,R,191,RUS,26.122,254,202,6-3 3-6 6-2,3,R32,120,3,0,83,62,36,8,13,4,10,0,14,65,34,19,10,13,2,10,TennisMyLife,2020_challenger.csv,2020,2026-08-23T06:37:21.010456+00:00,1486,88045108323b0ede8926b5e9b47baceb,NEW_MATCH,0,,adrian menendez maceiras,evgeny karlovskiy,iasi,r32,clay
2020-8394,Iasi,Clay,32,C,,20200920,16,Z09D,,,Kacper Zuk,R,183,POL,21.665,285,157,I0A7,,,Nicholas David Ionel,R,,ROU,17.941,521,58,6-2 6-0,3,R32,69,4,1,36,15,14,15,7,0,0,2,1,59,36,19,8,7,5,10,TennisMyLife,2020_challenger.csv,2020,2026-08-23T06:37:21.010456+00:00,1487,ec507593ccb904bf2fd18db6ee5ec1a0,NEW_MATCH,0,,kacper zuk,nicholas david ionel,iasi,r32,clay
2020-8394,Iasi,Clay,32,C,,20200920,17,A596,,,Pablo Andujar,R,180,ESP,34.658,51,1007,J267,,,Malek Jaziri,R,185,TUN,36.668,264,182,6-2 7-5,3,R16,110,1,2,59,35,27,12,10,4,5,3,5,87,37,22,23,10,14,18,TennisMyLife,2020_challenger.csv,2020,2026-08-23T06:37:21.010456+00:00,1488,79e3e1d03dfcd5e02de441b23f401162,NEW_MATCH,0,,pablo andujar,malek jaziri,iasi,r16,clay
2020-8394,Iasi,Clay,32,C,,20200920,18,MU94,2,,Jaume Munar,R,183,ESP,23.379,108,548,C0B2,,,Cezar Cretu,R,188,ROU,19.409,1105,7,6-1 6-4,3,R16,68,3,1,46,30,21,13,9,0,1,1,3,50,36,20,4,8,1,5,TennisMyLife,2020_challenger.csv,2020,2026-08-23T06:37:21.010456+00:00,1489,69b2f716972482814691f44662e358f4,NEW_MATCH,0,,jaume munar,cezar cretu,iasi,r16,clay
2020-8394,Iasi,Clay,32,C,,20200920,19,MB53,,,Adrian Menendez-Maceiras,R,183,ESP,34.897,262,184,RC91,3,,Arthur Rinderknech,R,196,FRA,25.164,163,345,6-2 6-7(9) 7-6(6),3,R16,200,5,6,117,75,54,23,16,8,10,9,5,122,61,46,29,16,10,14,TennisMyLife,2020_challenger.csv,2020,2026-08-23T06:37:21.010456+00:00,1490,73436564937811417f56eff2918eb270,NEW_MATCH,0,,adrian menendez maceiras,arthur rinderknech,iasi,r16,clay
2020-8394,Iasi,Clay,32,C,,20200920,20,R09X,4,,Jurij Rodionov,L,191,AUT,21.35,178,320,EA24,,,Tomas Martin Etcheverry,R,196,ARG,21.177,295,146,6-3 6-4,3,R16,95,7,0,53,37,32,9,10,1,1,3,1,68,43,32,9,9,6,8,TennisMyLife,2020_challenger.csv,2020,2026-08-23T06:37:21.010456+00:00,1491,48d1e191a352907f812c9c4d8bba6249,NEW_MATCH,0,,jurij rodionov,tomas martin etcheverry,iasi,r16,clay
2020-8394,Iasi,Clay,32,C,,20200920,21,TE16,5,,Carlos Taberner,R,183,ESP,23.118,189,290,Z09D,,,Kacper Zuk,R,183,POL,21.665,285,157,6-2 4-6 6-3,3,R16,154,4,4,90,55,37,18,14,7,10,5,3,102,55,36,20,13,9,14,TennisMyLife,2020_challenger.csv,2020,2026-08-23T06:37:21.010456+00:00,1492,4745c38bb6b9ebb5513bd6f4a7252fe7,NEW_MATCH,0,,carlos taberner,kacper zuk,iasi,r16,clay
2020-8394,Iasi,Clay,32,C,,20200920,22,MN70,7,,Joao Menezes,R,185,BRA,23.759,195,279,J09X,,,Filip Cristian Jianu,R,180,ROU,19.006,402,92,7-6(3) 6-2,3,R16,99,3,5,71,41,32,19,10,2,2,1,4,64,42,32,10,10,3,5,TennisMyLife,2020_challenger.csv,2020,2026-08-23T06:37:21.010456+00:00,1493,58abcbeecbc82a5268ae537749c5b24b,NEW_MATCH,0,,joao menezes,filip cristian jianu,iasi,r16,clay
2020-8394,Iasi,Clay,32,C,,20200920,23,BK19,,,Mathias Bourgue,R,188,FRA,26.672,258,194,BS86,,,Tomas Barrios Vera,R,191,CHI,22.779,287,154,6-1 6-3,3,R16,90,7,0,60,40,28,12,8,2,2,0,3,55,29,15,13,8,9,13,TennisMyLife,2020_challenger.csv,2020,2026-08-23T06:37:21.010456+00:00,1494,176442b9b91eeae0c9b43451a1254fdb,NEW_MATCH,0,,mathias bourgue,tomas barrios vera,iasi,r16,clay
2020-8394,Iasi,Clay,32,C,,20200920,24,MW75,,,Felipe Meligeni Alves,R,185,BRA,22.585,354,111,C0AU,,,Francisco Cerundolo,R,185,ARG,22.105,237,214,6-3 6-7(2) 6-3,3,R16,136,2,2,103,73,43,14,16,5,10,2,3,90,56,35,11,14,8,15,TennisMyLife,2020_challenger.csv,2020,2026-08-23T06:37:21.010456+00:00,1495,0ae4170bf4cfd8b308cbb249d727de6c,NEW_MATCH,0,,felipe meligeni alves,francisco cerundolo,iasi,r16,clay
2020-8394,Iasi,Clay,32,C,,20200920,25,A596,,,Pablo Andujar,R,180,ESP,34.658,51,1007,MW75,,,Felipe Meligeni Alves,R,185,BRA,22.585,354,111,6-1 6-7(5) 6-2,3,QF,144,4,1,91,56,39,20,14,5,9,2,4,88,52,28,14,13,1,9,TennisMyLife,2020_challenger.csv,2020,2026-08-23T06:37:21.010456+00:00,1496,c9594ee0b01d015584890759e9218367,NEW_MATCH,0,,pablo andujar,felipe meligeni alves,iasi,qf,clay
2020-8394,Iasi,Clay,32,C,,20200920,26,MU94,2,,Jaume Munar,R,183,ESP,23.379,108,548,MN70,7,,Joao Menezes,R,185,BRA,23.759,195,279,7-5 7-6(2),3,QF,115,0,4,78,52,36,17,12,1,3,1,3,77,58,36,9,12,3,6,TennisMyLife,2020_challenger.csv,2020,2026-08-23T06:37:21.010456+00:00,1497,8683d849f91e9933d61a42abdf773b07,NEW_MATCH,0,,jaume munar,joao menezes,iasi,qf,clay
2020-8394,Iasi,Clay,32,C,,20200920,27,BK19,,,Mathias Bourgue,R,188,FRA,26.672,258,194,R09X,4,,Jurij Rodionov,L,191,AUT,21.35,178,320,6-2 6-3,3,QF,83,0,2,54,34,27,10,9,6,7,1,4,58,36,22,9,8,5,9,TennisMyLife,2020_challenger.csv,2020,2026-08-23T06:37:21.010456+00:00,1498,7a238ec7b7b0e8614c6306972966d62b,NEW_MATCH,0,,mathias bourgue,jurij rodionov,iasi,qf,clay
2020-8394,Iasi,Clay,32,C,,20200920,28,TE16,5,,Carlos Taberner,R,183,ESP,23.118,189,290,MB53,,,Adrian Menendez-Maceiras,R,183,ESP,34.897,262,184,1-6 6-0 6-1,3,QF,114,1,4,70,46,29,10,10,7,10,0,2,61,39,18,8,10,6,12,TennisMyLife,2020_challenger.csv,2020,2026-08-23T06:37:21.010456+00:00,1499,c588e191ca8386a4791b56e5f66348b9,NEW_MATCH,0,,carlos taberner,adrian menendez maceiras,iasi,qf,clay
2020-8394,Iasi,Clay,32,C,,20200920,29,BK19,,,Mathias Bourgue,R,188,FRA,26.672,258,194,A596,,,Pablo Andujar,R,180,ESP,34.658,51,1007,6-3 3-6 6-3,3,SF,165,1,4,110,53,34,29,14,11,14,2,4,104,60,36,25,13,10,14,TennisMyLife,2020_challenger.csv,2020,2026-08-23T06:37:21.010456+00:00,1500,ecec66d7e5967e0e11cdada656d3bcd6,NEW_MATCH,0,,mathias bourgue,pablo andujar,iasi,sf,clay
2020-8394,Iasi,Clay,32,C,,20200920,30,TE16,5,,Carlos Taberner,R,183,ESP,23.118,189,290,MU94,2,,Jaume Munar,R,183,ESP,23.379,108,548,5-7 6-1 7-6(2),3,SF,172,1,0,101,67,44,20,16,4,8,1,4,94,73,42,10,15,4,9,TennisMyLife,2020_challenger.csv,2020,2026-08-23T06:37:21.010456+00:00,1501,768d32804c67c19788adb15dbc941b3c,NEW_MATCH,0,,carlos taberner,jaume munar,iasi,sf,clay
2020-8394,Iasi,Clay,32,C,,20200920,31,TE16,5,,Carlos Taberner,R,183,ESP,23.118,189,290,BK19,,,Mathias Bourgue,R,188,FRA,26.672,258,194,6-4 7-6(4),3,F,114,1,1,72,45,32,20,11,4,4,2,2,70,43,34,14,11,2,3,TennisMyLife,2020_challenger.csv,2020,2026-08-23T06:37:21.010456+00:00,1502,132b3cca07416514d8df2810367ef1d2,NEW_MATCH,0,,carlos taberner,mathias bourgue,iasi,f,clay
2020-9357,Forli,Clay,32,C,,20200926,1,TD51,,,Frances Tiafoe,R,188,USA,22.683,67,845,T982,,,Tsung-Hua Yang,R,178,TPE,29.498,354,111,6-3 6-0,3,R32,60,1,0,40,24,12,10,7,0,2,1,2,47,19,8,8,8,5,12,TennisMyLife,2020_challenger.csv,2020,2026-08-23T06:37:21.010456+00:00,1503,19db73dca4ba30c850b8c8297b498a10,NEW_MATCH,0,,frances tiafoe,tsung hua yang,forli,r32,clay
2020-9357,Forli,Clay,32,C,,20200926,2,N771,2,,Cameron Norrie,L,188,GBR,25.095,71,807,HB05,,,Christian Harrison,R,180,USA,26.33,1052,8,7-5 3-6 6-4,3,R32,144,3,5,83,52,36,16,15,3,7,1,5,108,76,48,14,16,7,12,TennisMyLife,2020_challenger.csv,2020,2026-08-23T06:37:21.010456+00:00,1504,6d053af82613fdeb4e433f317667b43e,NEW_MATCH,0,,cameron norrie,christian harrison,forli,r32,clay
2020-9357,Forli,Clay,32,C,,20200926,3,CE25,,,Salvatore Caruso,R,185,ITA,27.781,84,736,S0GZ,,,Nikolas Sanchez Izquierdo,R,185,ESP,21.536,355,111,7-6(6) 7-6(7),3,R32,170,1,3,107,65,42,17,12,8,12,0,6,111,71,46,16,12,12,16,TennisMyLife,2020_challenger.csv,2020,2026-08-23T06:37:21.010456+00:00,1505,a5474ec8eefa0ac6e8e3d15da5b8a6b3,NEW_MATCH,0,,salvatore caruso,nikolas sanchez izquierdo,forli,r32,clay
2020-9357,Forli,Clay,32,C,,20200926,4,MJ08,,,Thiago Monteiro,L,183,BRA,26.324,89,700,SE73,5,,Yuichi Sugita,R,175,JPN,32.022,93,686,6-1 7-6(2),3,R32,77,3,1,52,38,29,10,9,1,2,4,3,58,34,24,9,10,5,9,TennisMyLife,2020_challenger.csv,2020,2026-08-23T06:37:21.010456+00:00,1506,d39ff50edab3e50f8f2f9bae957caeac,NEW_MATCH,0,,thiago monteiro,yuichi sugita,forli,r32,clay
2020-9357,Forli,Clay,32,C,,20200926,5,HG86,6,,Lloyd Harris,R,193,RSA,23.587,96,676,A622,,,Andrea Arnaboldi,L,180,ITA,32.75,285,160,7-6(4) 1-6 7-6(4),3,R32,144,13,0,105,70,52,18,16,3,7,7,3,97,61,46,22,15,5,6,TennisMyLife,2020_challenger.csv,2020,2026-08-23T06:37:21.010456+00:00,1507,edddc947f4a740bd800652311cea148e,NEW_MATCH,0,,lloyd harris,andrea arnaboldi,forli,r32,clay
2020-9357,Forli,Clay,32,C,,20200926,6,SA93,7,,Andreas Seppi,R,191,ITA,36.597,97,671,O635,,,Jules Okala,R,193,FRA,23.107,350,113,7-6(5) 6-2,3,R32,83,4,0,54,30,20,13,10,1,4,5,6,75,47,26,10,10,4,9,TennisMyLife,2020_challenger.csv,2020,2026-08-23T06:37:21.010456+00:00,1508,9eba2813da147c0e12e6cf8aede8647d,NEW_MATCH,0,,andreas seppi,jules okala,forli,r32,clay
2020-9357,Forli,Clay,32,C,,20200926,7,CE77,8,,Federico Coria,R,180,ARG,28.55,98,670,T0AP,,,Chun-Hsin Tseng,R,175,TPE,19.135,286,159,7-5 3-6 4-2 RET,3,R32,132,0,7,86,62,35,8,13,5,11,0,6,84,45,27,14,14,4,11,TennisMyLife,2020_challenger.csv,2020,2026-08-23T06:37:21.010456+00:00,1509,02ae17d6dfd16c36beba0a25775a46c8,NEW_MATCH,0,,federico coria,chun hsin tseng,forli,r32,clay
2020-9357,Forli,Clay,32,C,,20200926,8,BD20,,,Thomaz Bellucci,L,188,BRA,32.742,296,144,BT68,,,Elliot Benchetrit,R,193,MAR,21.985,216,249,6-4 6-2,3,R32,73,2,0,47,29,23,12,9,0,1,2,3,67,53,29,5,9,3,7,TennisMyLife,2020_challenger.csv,2020,2026-08-23T06:37:21.010456+00:00,1510,b0b80d7d4314276388237f6fa036c08e,NEW_MATCH,0,,thomaz bellucci,elliot benchetrit,forli,r32,clay
2020-9357,Forli,Clay,32,C,,20200926,9,BI47,,,Riccardo Bonadio,R,180,ITA,27.206,278,168,Z0A1,,,Giulio Zeppieri,L,183,ITA,18.804,322,130,6-3 6-3,3,R32,85,1,0,58,34,23,17,9,1,1,2,3,66,45,25,11,9,5,8,TennisMyLife,2020_challenger.csv,2020,2026-08-23T06:37:21.010456+00:00,1511,9d3bd48a4dbe15616c74680b477c21fe,NEW_MATCH,0,,riccardo bonadio,giulio zeppieri,forli,r32,clay
2020-9357,Forli,Clay,32,C,,20200926,10,CC32,,,Guilherme Clezar,R,180,BRA,27.737,273,173,BC65,,,Matthias Bachinger,R,188,GER,33.487,272,176,7-6(8) 3-6 6-3,3,R32,175,2,3,120,73,51,24,15,7,9,8,2,103,62,44,22,15,2,4,TennisMyLife,2020_challenger.csv,2020,2026-08-23T06:37:21.010456+00:00,1512,c7c897f3a3e8015309ff559febc68044,NEW_MATCH,0,,guilherme clezar,matthias bachinger,forli,r32,clay
2020-9357,Forli,Clay,32,C,,20200926,11,F811,,,Bjorn Fratangelo,R,183,USA,27.19,267,179,BM03,,,Filippo Baldi,R,180,ITA,24.712,257,199,6-2 3-6 7-5,3,R32,126,3,2,87,53,40,21,14,3,4,1,3,84,58,40,14,15,2,5,TennisMyLife,2020_challenger.csv,2020,2026-08-23T06:37:21.010456+00:00,1513,8b1a333ec298da8accbb8ee637c93ae8,NEW_MATCH,0,,bjorn fratangelo,filippo baldi,forli,r32,clay
2020-9357,Forli,Clay,32,C,,20200926,12,M0EJ,,,Lorenzo Musetti,R,185,ITA,18.568,180,319,G681,,,Teymuraz Gabashvili,R,185,GEO,35.346,262,188,6-2 6-4,3,R32,84,7,1,53,40,29,9,9,2,3,2,6,71,44,28,9,9,12,16,TennisMyLife,2020_challenger.csv,2020,2026-08-23T06:37:21.010456+00:00,1514,82272e0552185c915958a80cbb627a6c,NEW_MATCH,0,,lorenzo musetti,teymuraz gabashvili,forli,r32,clay
2020-9357,Forli,Clay,32,C,,20200926,13,PH64,,,Andrea Pellegrino,R,185,ITA,23.513,343,117,GB61,,,Viktor Galovic,R,193,CRO,30.021,269,177,6-4 6-4,3,R32,88,2,3,60,33,21,16,10,3,5,5,1,77,54,34,6,10,10,14,TennisMyLife,2020_challenger.csv,2020,2026-08-23T06:37:21.010456+00:00,1515,74cefd19e5c98e71aa0966121d481b0d,NEW_MATCH,0,,andrea pellegrino,viktor galovic,forli,r32,clay
2020-9357,Forli,Clay,32,C,,20200926,14,RC04,,,Alexander Ritschard,R,193,SUI,26.511,319,132,KA22,,,Dayne Kelly,R,,AUS,30.179,332,121,6-7(9) 6-4 6-4,3,R32,188,6,6,109,55,39,28,16,6,10,8,7,124,74,48,22,16,11,17,TennisMyLife,2020_challenger.csv,2020,2026-08-23T06:37:21.010456+00:00,1516,651d0c5177adf86ff0ff5f60653d43d8,NEW_MATCH,0,,alexander ritschard,dayne kelly,forli,r32,clay
2020-9357,Forli,Clay,32,C,,20200926,15,SL94,,,Pedro Sakamoto,R,178,BRA,27.244,305,140,VA08,,,Andrea Vavassori,R,193,ITA,25.396,298,142,4-6 7-6(5) 6-3,3,R32,148,2,0,92,62,40,18,15,3,8,6,8,112,70,46,15,16,9,15,TennisMyLife,2020_challenger.csv,2020,2026-08-23T06:37:21.010456+00:00,1517,69a3091e6c84a5d7da79cdb9b619befe,NEW_MATCH,0,,pedro sakamoto,andrea vavassori,forli,r32,clay
2020-9357,Forli,Clay,32,C,,20200926,16,V0B2,,,Michael Vrbensky,R,,CZE,20.753,308,138,V942,,,Tim van Rijthoven,R,188,NED,23.425,341,118,6-3 5-7 6-3,3,R32,150,2,6,114,61,47,17,15,12,16,3,4,86,47,33,15,15,4,10,TennisMyLife,2020_challenger.csv,2020,2026-08-23T06:37:21.010456+00:00,1518,61830359c52414cca5f51e8b6cdcbac1,NEW_MATCH,0,,michael vrbensky,tim van rijthoven,forli,r32,clay
2020-9357,Forli,Clay,32,C,,20200926,17,M0EJ,,,Lorenzo Musetti,R,185,ITA,18.568,180,319,TD51,,,Frances Tiafoe,R,188,USA,22.683,67,845,6-4 5-7 6-2,3,R16,133,6,1,86,63,46,12,15,4,6,2,2,103,52,35,29,15,6,10,TennisMyLife,2020_challenger.csv,2020,2026-08-23T06:37:21.010456+00:00,1519,19ac4a5d8e71ed53c3e8275b8f0ba557,NEW_MATCH,0,,lorenzo musetti,frances tiafoe,forli,r16,clay
2020-9357,Forli,Clay,32,C,,20200926,18,PH64,,,Andrea Pellegrino,R,185,ITA,23.513,343,117,N771,2,,Cameron Norrie,L,188,GBR,25.095,71,807,6-2 6-4,3,R16,79,2,2,58,37,25,13,9,1,2,1,4,56,32,21,11,9,3,7,TennisMyLife,2020_challenger.csv,2020,2026-08-23T06:37:21.010456+00:00,1520,ce19ede6946658f0a2d2c2465ef99b56,NEW_MATCH,0,,andrea pellegrino,cameron norrie,forli,r16,clay
2020-9357,Forli,Clay,32,C,,20200926,19,CE25,,,Salvatore Caruso,R,185,ITA,27.781,84,736,V0B2,,,Michael Vrbensky,R,,CZE,20.753,308,138,7-5 7-5,3,R16,112,5,4,68,41,32,15,12,0,2,1,3,85,50,28,19,12,13,17,TennisMyLife,2020_challenger.csv,2020,2026-08-23T06:37:21.010456+00:00,1521,42ce0223eb59867a71f2a563f589e35a,NEW_MATCH,0,,salvatore caruso,michael vrbensky,forli,r16,clay
2020-9357,Forli,Clay,32,C,,20200926,20,HG86,6,,Lloyd Harris,R,193,RSA,23.587,96,676,F811,,,Bjorn Fratangelo,R,183,USA,27.19,267,179,7-6(6) 6-4,3,R16,113,10,2,90,62,44,14,11,7,8,3,2,85,53,39,15,11,3,5,TennisMyLife,2020_challenger.csv,2020,2026-08-23T06:37:21.010456+00:00,1522,695b4f541c66347d11baed6a8f1e5459,NEW_MATCH,0,,lloyd harris,bjorn fratangelo,forli,r16,clay
2020-9357,Forli,Clay,32,C,,20200926,21,SA93,7,,Andreas Seppi,R,191,ITA,36.597,97,671,BD20,,,Thomaz Bellucci,L,188,BRA,32.742,296,144,7-5 6-3,3,R16,114,4,6,76,35,22,23,11,4,7,3,4,87,49,25,19,10,18,23,TennisMyLife,2020_challenger.csv,2020,2026-08-23T06:37:21.010456+00:00,1523,a5820605f275e9fb21118ff38f96b99b,NEW_MATCH,0,,andreas seppi,thomaz bellucci,forli,r16,clay
2020-9357,Forli,Clay,32,C,,20200926,22,CC32,,,Guilherme Clezar,R,180,BRA,27.737,273,173,CE77,8,,Federico Coria,R,180,ARG,28.55,98,670,7-6(6) 6-7(4) 6-4,3,R16,199,2,2,141,97,59,25,17,9,12,8,3,105,72,45,20,17,2,6,TennisMyLife,2020_challenger.csv,2020,2026-08-23T06:37:21.010456+00:00,1524,6cde27fb01547e4ba8858db977a20d6a,NEW_MATCH,0,,guilherme clezar,federico coria,forli,r16,clay
2020-9357,Forli,Clay,32,C,,20200926,23,MJ08,,,Thiago Monteiro,L,183,BRA,26.324,89,700,BI47,,,Riccardo Bonadio,R,180,ITA,27.206,278,168,2-6 7-6(2) 6-4,3,R16,174,6,1,125,88,59,17,15,16,19,6,3,102,66,45,20,15,2,4,TennisMyLife,2020_challenger.csv,2020,2026-08-23T06:37:21.010456+00:00,1525,022dcd07ccc725db5edd6cd958a6350c,NEW_MATCH,0,,thiago monteiro,riccardo bonadio,forli,r16,clay
2020-9357,Forli,Clay,32,C,,20200926,24,RC04,,,Alexander Ritschard,R,193,SUI,26.511,319,132,SL94,,,Pedro Sakamoto,R,178,BRA,27.244,305,140,5-7 6-3 6-1,3,R16,147,2,0,94,55,38,19,14,5,8,6,2,106,67,40,16,14,8,14,TennisMyLife,2020_challenger.csv,2020,2026-08-23T06:37:21.010456+00:00,1526,dd8dddcc4971b23cb5b6baf45ceb383d,NEW_MATCH,0,,alexander ritschard,pedro sakamoto,forli,r16,clay
2020-9357,Forli,Clay,32,C,,20200926,25,HG86,6,,Lloyd Harris,R,193,RSA,23.587,96,676,CE25,,,Salvatore Caruso,R,185,ITA,27.781,84,736,7-6(1) 7-5,3,QF,123,11,2,86,55,43,15,12,7,9,2,1,83,50,32,16,12,5,8,TennisMyLife,2020_challenger.csv,2020,2026-08-23T06:37:21.010456+00:00,1527,00e6fdd0e7a0d389e28f160a2b629fc1,NEW_MATCH,0,,lloyd harris,salvatore caruso,forli,qf,clay
2020-9357,Forli,Clay,32,C,,20200926,26,M0EJ,,,Lorenzo Musetti,R,185,ITA,18.568,180,319,SA93,7,,Andreas Seppi,R,191,ITA,36.597,97,671,6-3 6-1,3,QF,78,3,0,44,26,22,12,8,0,0,2,1,65,35,19,14,8,7,11,TennisMyLife,2020_challenger.csv,2020,2026-08-23T06:37:21.010456+00:00,1528,6a782e4cc20dd679d0b07d7970d02a2d,NEW_MATCH,0,,lorenzo musetti,andreas seppi,forli,qf,clay
2020-9357,Forli,Clay,32,C,,20200926,27,MJ08,,,Thiago Monteiro,L,183,BRA,26.324,89,700,RC04,,,Alexander Ritschard,R,193,SUI,26.511,319,132,7-6(4) 6-3,3,QF,94,3,1,67,50,37,12,11,1,2,4,1,71,49,32,12,10,3,5,TennisMyLife,2020_challenger.csv,2020,2026-08-23T06:37:21.010456+00:00,1529,59645e6e3dc011f0491f155ce0741010,NEW_MATCH,0,,thiago monteiro,alexander ritschard,forli,qf,clay
2020-9357,Forli,Clay,32,C,,20200926,28,PH64,,,Andrea Pellegrino,R,185,ITA,23.513,343,117,CC32,,,Guilherme Clezar,R,180,BRA,27.737,273,173,6-4 6-2,3,QF,83,3,0,49,30,22,16,9,3,3,1,2,68,47,32,6,9,11,14,TennisMyLife,2020_challenger.csv,2020,2026-08-23T06:37:21.010456+00:00,1530,86dcf7b714a8c063c2eb842ca99daebc,NEW_MATCH,0,,andrea pellegrino,guilherme clezar,forli,qf,clay
2020-9357,Forli,Clay,32,C,,20200926,29,M0EJ,,,Lorenzo Musetti,R,185,ITA,18.568,180,319,HG86,6,,Lloyd Harris,R,193,RSA,23.587,96,676,4-6 6-0 4-1 RET,3,SF,95,4,4,74,46,33,16,11,6,7,4,1,66,41,25,10,10,4,8,TennisMyLife,2020_challenger.csv,2020,2026-08-23T06:37:21.010456+00:00,1531,fe2b200ae1d35fcafd74bd828d76b8ee,NEW_MATCH,0,,lorenzo musetti,lloyd harris,forli,sf,clay
2020-9357,Forli,Clay,32,C,,20200926,30,MJ08,,,Thiago Monteiro,L,183,BRA,26.324,89,700,PH64,,,Andrea Pellegrino,R,185,ITA,23.513,343,117,6-4 4-6 6-1,3,SF,126,3,4,90,63,45,13,14,7,9,4,5,79,50,34,10,13,3,7,TennisMyLife,2020_challenger.csv,2020,2026-08-23T06:37:21.010456+00:00,1532,52fd2c8034e2fdd3db2bf94308527f57,NEW_MATCH,0,,thiago monteiro,andrea pellegrino,forli,sf,clay
2020-9357,Forli,Clay,32,C,,20200926,31,M0EJ,,,Lorenzo Musetti,R,185,ITA,18.568,180,319,MJ08,,,Thiago Monteiro,L,183,BRA,26.324,89,700,7-6(2) 7-6(5),3,F,118,2,2,80,62,42,12,12,4,6,1,7,83,52,41,12,12,3,5,TennisMyLife,2020_challenger.csv,2020,2026-08-23T06:37:21.010456+00:00,1533,8378f5f69a3cc7353e55d57c63d41422,NEW_MATCH,0,,lorenzo musetti,thiago monteiro,forli,f,clay
2020-6590,Sibiu,Clay,32,C,,20200927,1,RC91,1,,Arthur Rinderknech,R,196,FRA,25.183,164,350,DC76,,,Viktor Durasovic,R,185,NOR,23.526,340,119,7-5 6-3,3,R32,93,3,1,64,34,28,17,10,1,1,3,3,67,45,28,12,11,5,8,TennisMyLife,2020_challenger.csv,2020,2026-08-23T06:37:21.010456+00:00,1534,ae4d3ea536e73381d4cf3a60fe0a515a,NEW_MATCH,0,,arthur rinderknech,viktor durasovic,sibiu,r32,clay
2020-6590,Sibiu,Clay,32,C,,20200927,2,EA24,,,Tomas Martin Etcheverry,R,196,ARG,21.196,288,156,HB64,2,,Quentin Halys,R,191,FRA,23.921,201,274,7-6(3) 4-6 7-6(2),3,R32,166,3,3,114,79,59,17,17,5,9,14,13,113,68,54,17,17,6,9,TennisMyLife,2020_challenger.csv,2020,2026-08-23T06:37:21.010456+00:00,1535,918c6af90fe39937e6c801ad71b760cb,NEW_MATCH,0,,tomas martin etcheverry,quentin halys,sibiu,r32,clay
2020-6590,Sibiu,Clay,32,C,,20200927,3,HH06,3,,Marc-Andrea Huesler,L,196,SUI,24.26,221,246,MO55,,,Lucas Miedler,R,183,AUT,24.268,294,149,6-4 7-6(1),3,R32,80,6,3,60,28,25,21,11,0,1,4,2,63,39,28,13,11,6,8,TennisMyLife,2020_challenger.csv,2020,2026-08-23T06:37:21.010456+00:00,1536,4f4a3d23a0834a7e106959fdf4e36fbf,NEW_MATCH,0,,marc andrea huesler,lucas miedler,sibiu,r32,clay
2020-6590,Sibiu,Clay,32,C,,20200927,4,C0AU,4,,Francisco Cerundolo,R,185,ARG,22.125,235,218,PL53,,,Matthieu Perchicot,R,185,FRA,28.082,449,76,6-4 6-3,3,R32,72,2,1,52,35,28,10,9,3,3,2,3,63,29,18,20,10,6,9,TennisMyLife,2020_challenger.csv,2020,2026-08-23T06:37:21.010456+00:00,1537,6fdb9d91bde52baa273ec19dfd122394,NEW_MATCH,0,,francisco cerundolo,matthieu perchicot,sibiu,r32,clay
2020-6590,Sibiu,Clay,32,C,,20200927,5,DF92,,,Corentin Denolly,L,188,FRA,23.31,330,122,KD87,5,,Evgeny Karlovskiy,R,191,RUS,26.141,256,202,6-3 5-7 6-0,3,R32,102,7,6,96,56,41,17,14,4,7,4,17,74,39,24,14,13,2,8,TennisMyLife,2020_challenger.csv,2020,2026-08-23T06:37:21.010456+00:00,1538,ff94a1612871d07a57372fde36c43ea4,NEW_MATCH,0,,corentin denolly,evgeny karlovskiy,sibiu,r32,clay
2020-6590,Sibiu,Clay,32,C,,20200927,6,BS86,,,Tomas Barrios Vera,R,191,CHI,22.798,284,162,MB53,6,,Adrian Menendez-Maceiras,R,183,ESP,34.916,255,202,6-2 6-3,3,R32,77,0,3,49,25,20,13,8,1,2,1,2,56,29,13,12,9,4,9,TennisMyLife,2020_challenger.csv,2020,2026-08-23T06:37:21.010456+00:00,1539,db34079b405cd16cc010d340f616e789,NEW_MATCH,0,,tomas barrios vera,adrian menendez maceiras,sibiu,r32,clay
2020-6590,Sibiu,Clay,32,C,,20200927,7,J267,7,,Malek Jaziri,R,185,TUN,36.687,261,190,Z09D,,,Kacper Zuk,R,183,POL,21.684,276,170,6-4 6-2,3,R32,79,2,1,54,30,22,15,9,3,4,1,4,73,41,23,14,9,7,11,TennisMyLife,2020_challenger.csv,2020,2026-08-23T06:37:21.010456+00:00,1540,951bc9622bff3621e281083a239674a7,NEW_MATCH,0,,malek jaziri,kacper zuk,sibiu,r32,clay
2020-6590,Sibiu,Clay,32,C,,20200927,8,SL92,8,,Shuichi Sekiguchi,R,168,JPN,29.205,274,171,DA13,,,Dragos Dima,R,180,ROU,28.282,760,23,7-5 7-6(6),3,R32,115,5,3,91,47,36,23,12,9,11,1,2,82,67,42,8,12,0,3,TennisMyLife,2020_challenger.csv,2020,2026-08-23T06:37:21.010456+00:00,1541,1cda2ad879f820cf12d7df08ca8dda60,NEW_MATCH,0,,shuichi sekiguchi,dragos dima,sibiu,r32,clay
2020-6590,Sibiu,Clay,32,C,,20200927,9,C0C8,,,Juan Manuel Cerundolo,L,183,ARG,18.867,347,114,MP13,,,Mukund Sasikumar,R,185,IND,23.702,287,157,6-4 7-6(5),3,R32,94,0,4,74,48,27,14,11,2,6,5,2,64,39,26,8,11,2,7,TennisMyLife,2020_challenger.csv,2020,2026-08-23T06:37:21.010456+00:00,1542,9d6e67793aae582cc99c1b9ab48bd776,NEW_MATCH,0,,juan manuel cerundolo,mukund sasikumar,sibiu,r32,clay
2020-6590,Sibiu,Clay,32,C,,20200927,10,CA33,,,Inigo Cervantes,R,180,ESP,30.825,618,36,E811,,,Elmar Ejupovic,R,193,GER,27.652,510,60,6-3 7-6(2),3,R32,107,5,4,67,37,29,18,11,3,4,6,2,79,51,34,12,10,4,6,TennisMyLife,2020_challenger.csv,2020,2026-08-23T06:37:21.010456+00:00,1543,8b46db2296c9b1a70f27d875950f6275,NEW_MATCH,0,,inigo cervantes,elmar ejupovic,sibiu,r32,clay
2020-6590,Sibiu,Clay,32,C,,20200927,11,GH92,,,Borna Gojo,R,196,CRO,22.582,281,164,SP80,,,Nino Serdarusic,R,191,CRO,23.789,301,142,7-5 6-4,3,R32,93,4,3,63,37,29,15,11,2,3,6,6,65,38,27,12,11,0,3,TennisMyLife,2020_challenger.csv,2020,2026-08-23T06:37:21.010456+00:00,1544,37667b9b07d498771d12f548c9bf1146,NEW_MATCH,0,,borna gojo,nino serdarusic,sibiu,r32,clay
2020-6590,Sibiu,Clay,32,C,,20200927,12,G985,,,Carlos Gomez-Herrera,R,191,ESP,30.412,430,81,KI82,,,Vit Kopriva,R,178,CZE,23.285,321,131,6-2 6-3,3,R32,80,0,0,45,34,22,7,8,1,2,1,6,58,37,24,4,9,4,9,TennisMyLife,2020_challenger.csv,2020,2026-08-23T06:37:21.010456+00:00,1545,54a11f18caa231c7a878197c851d1d76,NEW_MATCH,0,,carlos gomez herrera,vit kopriva,sibiu,r32,clay
2020-6590,Sibiu,Clay,32,C,,20200927,13,HB31,,,Johannes Haerteis,L,196,GER,24.597,349,113,I0A7,,,Nicholas David Ionel,R,,ROU,17.96,516,59,7-5 6-2,3,R32,83,3,4,60,38,25,11,10,3,6,1,2,61,38,19,8,10,4,10,TennisMyLife,2020_challenger.csv,2020,2026-08-23T06:37:21.010456+00:00,1546,e11833b8553c8c3910a52e9bb006e273,NEW_MATCH,0,,johannes haerteis,nicholas david ionel,sibiu,r32,clay
2020-6590,Sibiu,Clay,32,C,,20200927,14,LF26,,,Orlando Luz,R,180,BRA,22.634,309,137,CF25,,,Victor Cornea,L,196,ROU,27.009,888,14,6-1 3-6 6-2,3,R32,110,7,4,80,49,35,17,12,1,2,4,7,87,42,29,19,12,12,16,TennisMyLife,2020_challenger.csv,2020,2026-08-23T06:37:21.010456+00:00,1547,5038ddeeb2bcdd508e5e1af407852ca3,NEW_MATCH,0,,orlando luz,victor cornea,sibiu,r32,clay
2020-6590,Sibiu,Clay,32,C,,20200927,15,MW75,,,Felipe Meligeni Alves,R,185,BRA,22.604,316,133,KI48,,,Ergi Kirkin,R,180,TUR,21.667,518,59,6-4 6-3,3,R32,71,2,2,52,31,22,14,9,1,2,1,3,56,30,17,12,10,1,5,TennisMyLife,2020_challenger.csv,2020,2026-08-23T06:37:21.010456+00:00,1548,bdae5c6e802f8c84fb6d32ab209aca6d,NEW_MATCH,0,,felipe meligeni alves,ergi kirkin,sibiu,r32,clay
2020-6590,Sibiu,Clay,32,C,,20200927,16,O340,,,Roberto Ortega-Olmedo,R,168,ESP,29.413,280,166,RB60,,,Oriol Roca Batalla,R,175,ESP,27.411,352,112,6-2 6-4,3,R32,74,0,0,47,20,15,22,9,0,0,1,3,56,38,26,6,9,3,6,TennisMyLife,2020_challenger.csv,2020,2026-08-23T06:37:21.010456+00:00,1549,dfdf924e07d22cc5f2294a6b57b1562e,NEW_MATCH,0,,roberto ortega olmedo,oriol roca batalla,sibiu,r32,clay
2020-6590,Sibiu,Clay,32,C,,20200927,17,HB31,,,Johannes Haerteis,L,196,GER,24.597,349,113,RC91,1,,Arthur Rinderknech,R,196,FRA,25.183,164,350,6-3 3-6 7-6(4),3,R16,127,3,8,90,56,41,18,15,4,8,9,7,91,50,33,23,15,2,6,TennisMyLife,2020_challenger.csv,2020,2026-08-23T06:37:21.010456+00:00,1550,5821372964f862f776103b37223f34b6,NEW_MATCH,0,,johannes haerteis,arthur rinderknech,sibiu,r16,clay
2020-6590,Sibiu,Clay,32,C,,20200927,18,HH06,3,,Marc-Andrea Huesler,L,196,SUI,24.26,221,246,O340,,,Roberto Ortega-Olmedo,R,168,ESP,29.413,280,166,6-2 6-4,3,R16,79,4,0,44,22,17,16,9,0,1,3,3,78,42,24,18,9,4,8,TennisMyLife,2020_challenger.csv,2020,2026-08-23T06:37:21.010456+00:00,1551,def83cc888342a021c98556f936cad9f,NEW_MATCH,0,,marc andrea huesler,roberto ortega olmedo,sibiu,r16,clay
2020-6590,Sibiu,Clay,32,C,,20200927,19,C0AU,4,,Francisco Cerundolo,R,185,ARG,22.125,235,218,CA33,,,Inigo Cervantes,R,180,ESP,30.825,618,36,6-7(7) 6-3 6-4,3,R16,140,1,2,101,59,40,24,16,5,8,5,3,108,56,41,22,15,8,13,TennisMyLife,2020_challenger.csv,2020,2026-08-23T06:37:21.010456+00:00,1552,2852baf020c96c828dbaff3a2a1dfb14,NEW_MATCH,0,,francisco cerundolo,inigo cervantes,sibiu,r16,clay
2020-6590,Sibiu,Clay,32,C,,20200927,20,J267,7,,Malek Jaziri,R,185,TUN,36.687,261,190,LF26,,,Orlando Luz,R,180,BRA,22.634,309,137,6-3 7-6(3),3,R16,99,2,4,70,40,29,17,11,1,3,9,7,71,33,26,14,10,5,8,TennisMyLife,2020_challenger.csv,2020,2026-08-23T06:37:21.010456+00:00,1553,de9dbafb2e3d5d3d5847b7313adeb5eb,NEW_MATCH,0,,malek jaziri,orlando luz,sibiu,r16,clay
2020-6590,Sibiu,Clay,32,C,,20200927,21,MW75,,,Felipe Meligeni Alves,R,185,BRA,22.604,316,133,SL92,8,,Shuichi Sekiguchi,R,168,JPN,29.205,274,171,6-2 6-3,3,R16,73,1,1,55,41,30,9,9,1,1,1,0,54,25,14,17,8,7,10,TennisMyLife,2020_challenger.csv,2020,2026-08-23T06:37:21.010456+00:00,1554,6ce2c5edc93853ca8558f4804373fdd7,NEW_MATCH,0,,felipe meligeni alves,shuichi sekiguchi,sibiu,r16,clay
2020-6590,Sibiu,Clay,32,C,,20200927,22,EA24,,,Tomas Martin Etcheverry,R,196,ARG,21.196,288,156,C0C8,,,Juan Manuel Cerundolo,L,183,ARG,18.867,347,114,6-4 7-6(7),3,R16,103,2,0,71,53,35,7,11,1,4,2,1,73,60,33,9,11,6,10,TennisMyLife,2020_challenger.csv,2020,2026-08-23T06:37:21.010456+00:00,1555,6e076e345dbee67245cb381fbe75e634,NEW_MATCH,0,,tomas martin etcheverry,juan manuel cerundolo,sibiu,r16,clay
2020-6590,Sibiu,Clay,32,C,,20200927,23,GH92,,,Borna Gojo,R,196,CRO,22.582,281,164,BS86,,,Tomas Barrios Vera,R,191,CHI,22.798,284,162,6-1 6-7(1) 6-4,3,R16,119,20,0,85,54,46,15,15,1,1,3,5,90,55,38,19,14,6,9,TennisMyLife,2020_challenger.csv,2020,2026-08-23T06:37:21.010456+00:00,1556,32c5912d00ea554734eda9aef4e95b69,NEW_MATCH,0,,borna gojo,tomas barrios vera,sibiu,r16,clay
2020-6590,Sibiu,Clay,32,C,,20200927,24,G985,,,Carlos Gomez-Herrera,R,191,ESP,30.412,430,81,DF92,,,Corentin Denolly,L,188,FRA,23.31,330,122,3-6 7-6(4) 6-3,3,R16,153,2,3,105,61,47,23,16,5,9,8,9,118,67,44,27,14,8,11,TennisMyLife,2020_challenger.csv,2020,2026-08-23T06:37:21.010456+00:00,1557,d06c568430281cd548882dd88c6a0a67,NEW_MATCH,0,,carlos gomez herrera,corentin denolly,sibiu,r16,clay
2020-6590,Sibiu,Clay,32,C,,20200927,25,HH06,3,,Marc-Andrea Huesler,L,196,SUI,24.26,221,246,GH92,,,Borna Gojo,R,196,CRO,22.582,281,164,6-4 5-7 6-4,3,QF,140,7,2,107,63,42,24,16,4,7,7,6,105,66,46,19,16,10,14,TennisMyLife,2020_challenger.csv,2020,2026-08-23T06:37:21.010456+00:00,1558,d4b0dc3db1479d6d1a2033963b529ee5,NEW_MATCH,0,,marc andrea huesler,borna gojo,sibiu,qf,clay
2020-6590,Sibiu,Clay,32,C,,20200927,26,C0AU,4,,Francisco Cerundolo,R,185,ARG,22.125,235,218,J267,7,,Malek Jaziri,R,185,TUN,36.687,261,190,6-2 6-1,3,QF,59,6,2,44,28,24,9,8,1,1,0,1,49,22,12,11,7,4,8,TennisMyLife,2020_challenger.csv,2020,2026-08-23T06:37:21.010456+00:00,1559,12355ea282f01a1a088422bc1d90d10a,NEW_MATCH,0,,francisco cerundolo,malek jaziri,sibiu,qf,clay
2020-6590,Sibiu,Clay,32,C,,20200927,27,EA24,,,Tomas Martin Etcheverry,R,196,ARG,21.196,288,156,MW75,,,Felipe Meligeni Alves,R,185,BRA,22.604,316,133,6-3 6-0,3,QF,66,7,1,48,38,29,7,8,4,4,1,2,48,29,14,9,7,5,9,TennisMyLife,2020_challenger.csv,2020,2026-08-23T06:37:21.010456+00:00,1560,c7f2569c090ecd4174eb6dcfd7d37b4b,NEW_MATCH,0,,tomas martin etcheverry,felipe meligeni alves,sibiu,qf,clay
2020-6590,Sibiu,Clay,32,C,,20200927,28,G985,,,Carlos Gomez-Herrera,R,191,ESP,30.412,430,81,HB31,,,Johannes Haerteis,L,196,GER,24.597,349,113,6-3 6-7(8) 6-2,3,QF,158,4,4,112,74,50,16,14,9,11,8,8,105,66,46,12,15,6,12,TennisMyLife,2020_challenger.csv,2020,2026-08-23T06:37:21.010456+00:00,1561,d38b7fab6133e77670b46817af0601af,NEW_MATCH,0,,carlos gomez herrera,johannes haerteis,sibiu,qf,clay
2020-6590,Sibiu,Clay,32,C,,20200927,29,HH06,3,,Marc-Andrea Huesler,L,196,SUI,24.26,221,246,G985,,,Carlos Gomez-Herrera,R,191,ESP,30.412,430,81,7-6(5) 6-7(6) 6-4,3,SF,177,14,5,121,68,48,32,17,3,6,3,7,121,62,48,27,17,11,15,TennisMyLife,2020_challenger.csv,2020,2026-08-23T06:37:21.010456+00:00,1562,56d3eab74d94c42c2fba77add60aa1ce,NEW_MATCH,0,,marc andrea huesler,carlos gomez herrera,sibiu,sf,clay
2020-6590,Sibiu,Clay,32,C,,20200927,30,EA24,,,Tomas Martin Etcheverry,R,196,ARG,21.196,288,156,C0AU,4,,Francisco Cerundolo,R,185,ARG,22.125,235,218,6-3 6-0,3,SF,75,3,0,57,46,29,7,7,5,5,0,0,50,33,16,8,8,4,9,TennisMyLife,2020_challenger.csv,2020,2026-08-23T06:37:21.010456+00:00,1563,6174d006dd84279ac8bfd6863a2a9a0e,NEW_MATCH,0,,tomas martin etcheverry,francisco cerundolo,sibiu,sf,clay
2020-6590,Sibiu,Clay,32,C,,20200927,31,HH06,3,,Marc-Andrea Huesler,L,196,SUI,24.26,221,246,EA24,,,Tomas Martin Etcheverry,R,196,ARG,21.196,288,156,7-5 6-0,3,F,92,2,3,73,41,28,16,9,6,7,4,4,67,41,27,6,9,5,10,TennisMyLife,2020_challenger.csv,2020,2026-08-23T06:37:21.010456+00:00,1564,5ca85f34abaa0fd13c5cd483d4a14d67,NEW_MATCH,0,,marc andrea huesler,tomas martin etcheverry,sibiu,f,clay
2020-7085,Biella,Clay,32,C,,20200928,1,RA51,,,Blaz Rola,L,193,SLO,29.982,148,387,SX91,1,,Thiago Seyboth Wild,R,185,BRA,20.553,107,586,7-6(6) 7-6(3),3,R32,136,8,0,92,68,51,13,12,5,6,8,2,90,51,40,20,12,3,4,TennisMyLife,2020_challenger.csv,2020,2026-08-23T06:37:21.010456+00:00,1565,07072a07b6977b18ea204f33f9e936cd,NEW_MATCH,0,,blaz rola,thiago seyboth wild,biella,r32,clay
2020-7085,Biella,Clay,32,C,,20200928,2,O483,2,,Christopher O'Connell,R,183,AUS,26.322,112,536,RB56,,,Ramkumar Ramanathan,R,188,IND,25.889,199,278,6-4 6-2,3,R32,72,4,0,48,34,26,9,9,1,2,1,1,61,41,25,6,9,6,10,TennisMyLife,2020_challenger.csv,2020,2026-08-23T06:37:21.010456+00:00,1566,c0f465d1022fd258834ea5a243f87ed8,NEW_MATCH,0,,christopher o connell,ramkumar ramanathan,biella,r32,clay
2020-7085,Biella,Clay,32,C,,20200928,3,K834,,,Blaz Kavcic,R,188,SLO,33.569,298,148,N897,3,,Sumit Nagal,R,178,IND,23.118,127,458,7-6(4) 6-4,3,R32,107,2,1,76,59,36,11,11,4,7,2,4,71,53,35,5,11,4,8,TennisMyLife,2020_challenger.csv,2020,2026-08-23T06:37:21.010456+00:00,1567,2da5474995ff4067d9b16c049362719e,NEW_MATCH,0,,blaz kavcic,sumit nagal,biella,r32,clay
2020-7085,Biella,Clay,32,C,,20200928,4,BF23,4,,Facundo Bagnis,L,183,ARG,30.585,129,453,CF88,,,Roberto Cid Subervi,R,193,DOM,27.08,214,252,7-5 6-1,3,R32,72,4,3,46,25,20,14,10,0,2,0,1,54,31,15,12,9,4,9,TennisMyLife,2020_challenger.csv,2020,2026-08-23T06:37:21.010456+00:00,1568,d4c5fdfed415db0c6951e6fe21f45ebe,NEW_MATCH,0,,facundo bagnis,roberto cid subervi,biella,r32,clay
2020-7085,Biella,Clay,32,C,,20200928,5,N679,,,Stefano Napolitano,R,196,ITA,25.467,268,182,L503,5,,Paolo Lorenzi,R,183,ITA,38.787,130,447,6-4 6-3,3,R32,109,3,0,57,31,25,14,10,1,2,2,2,73,46,29,11,9,4,7,TennisMyLife,2020_challenger.csv,2020,2026-08-23T06:37:21.010456+00:00,1569,8d0bad998f8046f2008d7ac0850d2bd2,NEW_MATCH,0,,stefano napolitano,paolo lorenzi,biella,r32,clay
2020-7085,Biella,Clay,32,C,,20200928,6,V490,,,Matteo Viola,R,185,ITA,33.229,229,233,GB53,6,,Federico Gaio,R,178,ITA,28.567,132,444,4-6 7-6(5) 6-2,3,R32,128,1,5,99,63,46,20,15,5,7,6,3,91,61,45,15,15,4,7,TennisMyLife,2020_challenger.csv,2020,2026-08-23T06:37:21.010456+00:00,1570,d05d626fa98faa3721f11455df2c96a5,NEW_MATCH,0,,matteo viola,federico gaio,biella,r32,clay
2020-7085,Biella,Clay,32,C,,20200928,7,C0BC,,,Maxime Cressy,R,201,USA,23.392,159,362,GA94,7,,Prajnesh Gunneswaran,L,188,IND,30.877,142,405,7-6(5) 6-4,3,R32,99,15,10,71,42,34,15,11,2,3,1,5,82,48,38,15,11,6,8,TennisMyLife,2020_challenger.csv,2020,2026-08-23T06:37:21.010456+00:00,1571,66fc6124acdd3f58ce0ebdcc6db6f856,NEW_MATCH,0,,maxime cressy,prajnesh gunneswaran,biella,r32,clay
2020-7085,Biella,Clay,32,C,,20200928,8,A0E2,,,Carlos Alcaraz,R,183,ESP,17.402,189,297,V836,8,,Juan Pablo Varillas,R,185,PER,24.98,143,403,2-6 7-6(8) 7-6(2),3,R32,187,2,2,136,92,53,24,16,12,17,5,2,115,63,40,29,16,6,9,TennisMyLife,2020_challenger.csv,2020,2026-08-23T06:37:21.010456+00:00,1572,44ab2aa489d64c73e1878f31a572739a,NEW_MATCH,0,,carlos alcaraz,juan pablo varillas,biella,r32,clay
2020-7085,Biella,Clay,32,C,,20200928,9,BU70,,,Remy Bertola,R,175,SUI,22.078,845,17,R419,,,Tommy Robredo,R,180,ESP,38.412,221,247,7-5 7-5,3,R32,110,3,3,96,60,40,19,12,8,10,3,2,73,53,33,9,12,1,5,TennisMyLife,2020_challenger.csv,2020,2026-08-23T06:37:21.010456+00:00,1573,e86923294c4ad2c39cd848f9cb281a43,NEW_MATCH,0,,remy bertola,tommy robredo,biella,r32,clay
2020-7085,Biella,Clay,32,C,,20200928,10,CC66,,,Andrea Collarini,L,183,ARG,28.66,198,279,A622,,,Andrea Arnaboldi,L,180,ITA,32.756,286,160,6-2 4-6 6-2,3,R32,118,2,3,73,47,38,12,13,1,3,4,1,87,64,36,10,13,4,9,TennisMyLife,2020_challenger.csv,2020,2026-08-23T06:37:21.010456+00:00,1574,4fe5e660b2c73dac09d6d1af775c0698,NEW_MATCH,0,,andrea collarini,andrea arnaboldi,biella,r32,clay
2020-7085,Biella,Clay,32,C,,20200928,11,FA43,,,Juan Pablo Ficovich,R,188,ARG,23.677,206,270,G476,,,Guillermo Garcia-Lopez,R,185,ESP,37.32,215,251,6-3 6-2,3,R32,83,6,1,59,40,30,11,9,6,7,0,5,58,39,25,5,8,5,9,TennisMyLife,2020_challenger.csv,2020,2026-08-23T06:37:21.010456+00:00,1575,b8a8960370c692fe6baa4a19283e7671,NEW_MATCH,0,,juan pablo ficovich,guillermo garcia lopez,biella,r32,clay
2020-7085,Biella,Clay,32,C,,20200928,12,HA28,,,Filip Horansky,R,191,SVK,27.723,177,327,L797,,,Lukas Lacko,R,188,SVK,32.903,180,322,6-2 6-2,3,R32,63,3,0,44,29,17,12,8,0,2,4,1,66,47,21,8,8,8,14,TennisMyLife,2020_challenger.csv,2020,2026-08-23T06:37:21.010456+00:00,1576,2ff56dbbaab0c936d5c58757e1d9cf60,NEW_MATCH,0,,filip horansky,lukas lacko,biella,r32,clay
2020-7085,Biella,Clay,32,C,,20200928,13,I165,,,Denis Istomin,R,185,UZB,34.059,169,339,ME89,,,Illya Marchenko,R,185,UKR,33.057,210,255,7-6(0) 6-2,3,R32,108,4,1,62,48,37,8,10,2,3,3,3,84,47,30,14,10,3,6,TennisMyLife,2020_challenger.csv,2020,2026-08-23T06:37:21.010456+00:00,1577,c3ac7911279c0d86c474895a54d89450,NEW_MATCH,0,,denis istomin,illya marchenko,biella,r32,clay
2020-7085,Biella,Clay,32,C,,20200928,14,MP20,,,Alexandre Muller,R,183,FRA,23.655,238,215,F0BC,,,Gabriele Felline,,,ITA,19.54,,,6-0 6-1,3,R32,55,1,3,43,30,21,7,6,8,9,0,1,35,19,5,2,7,3,10,TennisMyLife,2020_challenger.csv,2020,2026-08-23T06:37:21.010456+00:00,1578,90c8ef5a9c9aa0aff8f16fbfc40ebbb9,NEW_MATCH,0,,alexandre muller,gabriele felline,biella,r32,clay
2020-7085,Biella,Clay,32,C,,20200928,15,PH64,,,Andrea Pellegrino,R,185,ITA,23.518,296,149,MP83,,,Gian Marco Moroni,R,185,ITA,22.623,222,245,7-5 3-6 6-3,3,R32,155,4,2,101,67,40,19,15,8,12,2,4,103,70,43,14,15,4,9,TennisMyLife,2020_challenger.csv,2020,2026-08-23T06:37:21.010456+00:00,1579,e8a5601ad7fbd8042134c6bfffd287fc,NEW_MATCH,0,,andrea pellegrino,gian marco moroni,biella,r32,clay
2020-7085,Biella,Clay,32,C,,20200928,16,T0AP,,,Chun-Hsin Tseng,R,175,TPE,19.14,287,159,HB29,,,Andrew Harris,R,183,AUS,26.563,216,251,6-1 6-2,3,R32,82,4,1,56,33,23,14,8,6,6,1,2,58,40,22,6,7,1,5,TennisMyLife,2020_challenger.csv,2020,2026-08-23T06:37:21.010456+00:00,1580,3d7a2da99b00bedc103d0ee413b4fb5a,NEW_MATCH,0,,chun hsin tseng,andrew harris,biella,r32,clay
2020-7085,Biella,Clay,32,C,,20200928,17,O483,2,,Christopher O'Connell,R,183,AUS,26.322,112,536,FA43,,,Juan Pablo Ficovich,R,188,ARG,23.677,206,270,5-7 6-4 6-1,3,R16,116,6,0,85,51,44,13,14,5,8,4,1,77,46,31,13,15,1,7,TennisMyLife,2020_challenger.csv,2020,2026-08-23T06:37:21.010456+00:00,1581,6144634853753bd5e106f1bf01822e82,NEW_MATCH,0,,christopher o connell,juan pablo ficovich,biella,r16,clay
2020-7085,Biella,Clay,32,C,,20200928,18,BF23,4,,Facundo Bagnis,L,183,ARG,30.585,129,453,MP20,,,Alexandre Muller,R,183,FRA,23.655,238,215,6-3 6-4,3,R16,79,3,3,47,32,28,9,10,1,2,1,2,59,34,21,12,9,1,4,TennisMyLife,2020_challenger.csv,2020,2026-08-23T06:37:21.010456+00:00,1582,c997711fb66d8c492bc2ab2441494c26,NEW_MATCH,0,,facundo bagnis,alexandre muller,biella,r16,clay
2020-7085,Biella,Clay,32,C,,20200928,19,C0BC,,,Maxime Cressy,R,201,USA,23.392,159,362,PH64,,,Andrea Pellegrino,R,185,ITA,23.518,296,149,6-7(3) 7-6(8) 6-0,3,R16,130,17,9,98,53,43,28,15,3,3,5,2,91,70,51,11,15,1,4,TennisMyLife,2020_challenger.csv,2020,2026-08-23T06:37:21.010456+00:00,1583,a6e51b94f942664351f86ea85e7c003f,NEW_MATCH,0,,maxime cressy,andrea pellegrino,biella,r16,clay
2020-7085,Biella,Clay,32,C,,20200928,20,HA28,,,Filip Horansky,R,191,SVK,27.723,177,327,A0E2,,,Carlos Alcaraz,R,183,ESP,17.402,189,297,6-3 6-4,3,R16,76,0,2,55,35,26,11,9,6,7,3,3,57,31,19,12,10,0,4,TennisMyLife,2020_challenger.csv,2020,2026-08-23T06:37:21.010456+00:00,1584,fef4c4ce85bb282ab3cab78f7dafcd0d,NEW_MATCH,0,,filip horansky,carlos alcaraz,biella,r16,clay
2020-7085,Biella,Clay,32,C,,20200928,21,I165,,,Denis Istomin,R,185,UZB,34.059,169,339,N679,,,Stefano Napolitano,R,196,ITA,25.467,268,182,6-3 6-4,3,R16,85,5,3,67,48,33,12,10,3,4,7,1,52,36,22,10,9,3,6,TennisMyLife,2020_challenger.csv,2020,2026-08-23T06:37:21.010456+00:00,1585,33fc62ef127930ed56cf9ed2a80efba1,NEW_MATCH,0,,denis istomin,stefano napolitano,biella,r16,clay
2020-7085,Biella,Clay,32,C,,20200928,22,K834,,,Blaz Kavcic,R,188,SLO,33.569,298,148,T0AP,,,Chun-Hsin Tseng,R,175,TPE,19.14,287,159,3-6 6-3 6-3,3,R16,137,5,10,86,63,43,6,13,4,8,1,3,95,45,26,23,14,4,10,TennisMyLife,2020_challenger.csv,2020,2026-08-23T06:37:21.010456+00:00,1586,73c04a88846a31022ff896c963d004e0,NEW_MATCH,0,,blaz kavcic,chun hsin tseng,biella,r16,clay
2020-7085,Biella,Clay,32,C,,20200928,23,RA51,,,Blaz Rola,L,193,SLO,29.982,148,387,CC66,,,Andrea Collarini,L,183,ARG,28.66,198,279,6-0 6-3,3,R16,66,1,2,47,31,23,9,8,2,3,0,0,45,31,13,6,7,3,8,TennisMyLife,2020_challenger.csv,2020,2026-08-23T06:37:21.010456+00:00,1587,ec9870e6b8f1a80753a10ac366f3f9be,NEW_MATCH,0,,blaz rola,andrea collarini,biella,r16,clay
2020-7085,Biella,Clay,32,C,,20200928,24,V490,,,Matteo Viola,R,185,ITA,33.229,229,233,BU70,,,Remy Bertola,R,175,SUI,22.078,845,17,6-1 7-5,3,R16,86,0,6,76,44,30,15,10,7,10,1,6,47,20,10,7,9,4,10,TennisMyLife,2020_challenger.csv,2020,2026-08-23T06:37:21.010456+00:00,1588,524eafca1293439b8a81ba4ef1c2f397,NEW_MATCH,0,,matteo viola,remy bertola,biella,r16,clay
2020-7085,Biella,Clay,32,C,,20200928,25,O483,2,,Christopher O'Connell,R,183,AUS,26.322,112,536,I165,,,Denis Istomin,R,185,UZB,34.059,169,339,6-3 6-3,3,QF,67,4,2,42,27,24,9,9,0,1,1,1,62,39,20,13,9,5,9,TennisMyLife,2020_challenger.csv,2020,2026-08-23T06:37:21.010456+00:00,1589,8febec3272e5515fcdc9f73f36437596,NEW_MATCH,0,,christopher o connell,denis istomin,biella,qf,clay
2020-7085,Biella,Clay,32,C,,20200928,26,BF23,4,,Facundo Bagnis,L,183,ARG,30.585,129,453,HA28,,,Filip Horansky,R,191,SVK,27.723,177,327,7-5 6-1,3,QF,96,2,5,68,42,33,9,10,3,5,2,6,60,32,17,13,9,3,8,TennisMyLife,2020_challenger.csv,2020,2026-08-23T06:37:21.010456+00:00,1590,f61e8b2c8c076aef11b3e860a9ac7eb2,NEW_MATCH,0,,facundo bagnis,filip horansky,biella,qf,clay
2020-7085,Biella,Clay,32,C,,20200928,27,K834,,,Blaz Kavcic,R,188,SLO,33.569,298,148,C0BC,,,Maxime Cressy,R,201,USA,23.392,159,362,6-4 6-4,3,QF,86,1,2,69,55,39,7,10,4,4,8,9,65,40,23,15,10,4,6,TennisMyLife,2020_challenger.csv,2020,2026-08-23T06:37:21.010456+00:00,1591,0e6f27580e6c4495781240b465ff1844,NEW_MATCH,0,,blaz kavcic,maxime cressy,biella,qf,clay
2020-7085,Biella,Clay,32,C,,20200928,28,RA51,,,Blaz Rola,L,193,SLO,29.982,148,387,V490,,,Matteo Viola,R,185,ITA,33.229,229,233,6-2 7-5,3,QF,74,3,1,54,34,26,12,10,2,3,0,4,60,41,26,7,10,2,6,TennisMyLife,2020_challenger.csv,2020,2026-08-23T06:37:21.010456+00:00,1592,9599932c0f0095208ca631b8de656799,NEW_MATCH,0,,blaz rola,matteo viola,biella,qf,clay
2020-7085,Biella,Clay,32,C,,20200928,29,BF23,4,,Facundo Bagnis,L,183,ARG,30.585,129,453,O483,2,,Christopher O'Connell,R,183,AUS,26.322,112,536,6-4 6-4,3,SF,94,5,1,65,47,32,10,10,4,5,5,0,67,39,23,14,10,3,6,TennisMyLife,2020_challenger.csv,2020,2026-08-23T06:37:21.010456+00:00,1593,62fc019ef64dfc0b847c3af1f03fbba7,NEW_MATCH,0,,facundo bagnis,christopher o connell,biella,sf,clay
2020-7085,Biella,Clay,32,C,,20200928,30,K834,,,Blaz Kavcic,R,188,SLO,33.569,298,148,RA51,,,Blaz Rola,L,193,SLO,29.982,148,387,5-7 6-4 6-1,3,SF,139,4,1,87,55,35,20,14,7,10,4,1,89,60,33,15,15,4,10,TennisMyLife,2020_challenger.csv,2020,2026-08-23T06:37:21.010456+00:00,1594,488d7ed3d73b1cf6d28152ecb575e75e,NEW_MATCH,0,,blaz kavcic,blaz rola,biella,sf,clay
2020-7085,Biella,Clay,32,C,,20200928,31,BF23,4,,Facundo Bagnis,L,183,ARG,30.585,129,453,K834,,,Blaz Kavcic,R,188,SLO,33.569,298,148,6-7(4) 6-4 RET,3,F,167,3,2,83,53,35,15,11,8,10,2,3,72,47,32,14,11,3,6,TennisMyLife,2020_challenger.csv,2020,2026-08-23T06:37:21.010456+00:00,1595,bf479a90ddb5f15cefcdd5c2d04697c1,NEW_MATCH,0,,facundo bagnis,blaz kavcic,biella,f,clay
2020-8388,Split,Clay,32,C,,20200928,1,S483,1,,Pedro Sousa,R,180,POR,32.339,113,528,GF95,,,Hugo Grenier,R,196,FRA,24.517,249,208,6-4 6-4,3,R32,88,0,1,51,36,23,11,10,1,3,4,2,74,44,29,10,10,8,12,TennisMyLife,2020_challenger.csv,2020,2026-08-23T06:37:21.010456+00:00,1596,8a6875761db33a34b8f9aa55a5b365ad,NEW_MATCH,0,,pedro sousa,hugo grenier,split,r32,clay
2020-8388,Split,Clay,32,C,,20200928,2,KC04,2,,Jozef Kovalik,R,183,SVK,27.899,124,479,J267,,,Malek Jaziri,R,185,TUN,36.69,252,205,6-4 6-7(0) 6-0,3,R32,144,6,4,85,50,41,18,14,2,3,1,2,100,76,46,11,14,9,14,TennisMyLife,2020_challenger.csv,2020,2026-08-23T06:37:21.010456+00:00,1597,76dc9aaf1fa5d0393edfb065ff880c4b,NEW_MATCH,0,,jozef kovalik,malek jaziri,split,r32,clay
2020-8388,Split,Clay,32,C,,20200928,3,KA98,3,,Bradley Klahn,L,183,USA,30.108,134,436,PB22,,,Peter Polansky,R,183,CAN,32.287,205,270,6-7(8) 6-4 7-6(3),3,R32,158,9,5,111,76,59,19,17,4,5,6,4,119,66,44,32,17,3,5,TennisMyLife,2020_challenger.csv,2020,2026-08-23T06:37:21.010456+00:00,1598,661f5dec367cd9b51f4278cd83e42676,NEW_MATCH,0,,bradley klahn,peter polansky,split,r32,clay
2020-8388,Split,Clay,32,C,,20200928,4,TE16,4,,Carlos Taberner,R,183,ESP,23.14,149,387,MJ98,,,Facundo Mena,R,183,ARG,28.016,231,222,6-3 6-1,3,R32,66,1,2,43,27,22,10,8,0,0,5,1,52,27,18,8,8,5,9,TennisMyLife,2020_challenger.csv,2020,2026-08-23T06:37:21.010456+00:00,1599,d2ea2dd81d7132d09a52a9b32236ce68,NEW_MATCH,0,,carlos taberner,facundo mena,split,r32,clay
2020-8388,Split,Clay,32,C,,20200928,5,N0AE,,,Brandon Nakashima,R,188,USA,19.154,201,274,PE02,5,,Danilo Petrovic,R,203,SRB,28.679,160,362,7-5 2-6 7-6(5),3,R32,140,7,2,95,66,47,14,16,1,5,11,7,107,67,48,19,16,2,5,TennisMyLife,2020_challenger.csv,2020,2026-08-23T06:37:21.010456+00:00,1600,37a64ecfd2fc19a6bdfc5eb5ee89a289,NEW_MATCH,0,,brandon nakashima,danilo petrovic,split,r32,clay
2020-8388,Split,Clay,32,C,,20200928,6,K966,6,,Martin Klizan,L,191,SVK,31.217,164,352,LB66,,,Constant Lestienne,R,180,FRA,28.35,225,240,4-6 6-3 6-4,3,R32,121,3,2,90,52,29,25,15,4,8,7,3,81,55,39,7,14,6,11,TennisMyLife,2020_challenger.csv,2020,2026-08-23T06:37:21.010456+00:00,1601,7a61c450a1b0e0a558dea8ac95a27b34,NEW_MATCH,0,,martin klizan,constant lestienne,split,r32,clay
2020-8388,Split,Clay,32,C,,20200928,7,V812,7,,Botic van de Zandschulp,R,191,NED,24.986,166,343,KD70,,,Pedja Krstin,R,183,SRB,26.07,255,203,6-1 6-1,3,R32,55,6,1,37,26,22,7,7,2,2,1,0,54,41,19,4,7,5,10,TennisMyLife,2020_challenger.csv,2020,2026-08-23T06:37:21.010456+00:00,1602,c44476bb4e988536c40fc49c5d01dc89,NEW_MATCH,0,,botic van de zandschulp,pedja krstin,split,r32,clay
2020-8388,Split,Clay,32,C,,20200928,8,T840,,,Viktor Troicki,R,193,SRB,34.631,192,291,I230,8,,Tatsuma Ito,R,180,JPN,32.364,167,342,6-2 6-4,3,R32,68,5,0,56,37,28,12,9,3,3,2,2,50,36,26,4,9,4,7,TennisMyLife,2020_challenger.csv,2020,2026-08-23T06:37:21.010456+00:00,1603,aec0c65755ddc5424e3f7aac7c8ba8d6,NEW_MATCH,0,,viktor troicki,tatsuma ito,split,r32,clay
2020-8388,Split,Clay,32,C,,20200928,9,A0CJ,,,Duje Ajdukovic,R,188,CRO,19.644,462,71,MN70,,,Joao Menezes,R,185,BRA,23.781,190,297,6-4 3-6 6-3,3,R32,131,2,5,96,40,32,25,14,8,11,4,3,93,67,42,13,14,9,13,TennisMyLife,2020_challenger.csv,2020,2026-08-23T06:37:21.010456+00:00,1604,1b2d65045275bf64198bee0ce2540132,NEW_MATCH,0,,duje ajdukovic,joao menezes,split,r32,clay
2020-8388,Split,Clay,32,C,,20200928,10,C0AU,,,Francisco Cerundolo,R,185,ARG,22.127,223,242,E873,,,Ernesto Escobedo,R,185,MEX,24.235,175,329,5-7 7-6(4) 6-3,3,R32,130,7,2,107,78,55,17,17,11,15,3,4,92,50,36,21,16,2,6,TennisMyLife,2020_challenger.csv,2020,2026-08-23T06:37:21.010456+00:00,1605,2c6dae49acc86e3b5fa91c2f38fad0ce,NEW_MATCH,0,,francisco cerundolo,ernesto escobedo,split,r32,clay
2020-8388,Split,Clay,32,C,,20200928,11,EA24,,,Tomas Martin Etcheverry,R,196,ARG,21.199,258,201,CH05,,,Altug Celikbilek,R,183,TUR,24.057,336,121,6-4 6-0,3,R32,71,6,0,39,29,24,8,8,0,0,2,1,54,31,16,10,8,4,8,TennisMyLife,2020_challenger.csv,2020,2026-08-23T06:37:21.010456+00:00,1606,71a4b2b2436a28debfcc96859886acc2,NEW_MATCH,0,,tomas martin etcheverry,altug celikbilek,split,r32,clay
2020-8388,Split,Clay,32,C,,20200928,12,SN54,,,Frederico Ferreira Silva,L,178,POR,25.533,196,285,BV27,,,Ulises Blanch,R,188,USA,22.513,250,207,7-6(4) 6-4,3,R32,97,6,2,72,50,42,11,11,5,5,8,2,70,45,32,15,11,3,4,TennisMyLife,2020_challenger.csv,2020,2026-08-23T06:37:21.010456+00:00,1607,ce376a50f8c70d6d74604781ed8225cf,NEW_MATCH,0,,frederico ferreira silva,ulises blanch,split,r32,clay
2020-8388,Split,Clay,32,C,,20200928,13,G983,,,Alessandro Giannessi,L,185,ITA,30.333,172,334,SP80,,,Nino Serdarusic,R,191,CRO,23.792,307,142,6-4 6-4,3,R32,84,5,2,53,36,30,10,10,2,3,5,4,59,28,18,17,10,0,3,TennisMyLife,2020_challenger.csv,2020,2026-08-23T06:37:21.010456+00:00,1608,7b3bc4828a483cf1b1a394dcbf0f4cea,NEW_MATCH,0,,alessandro giannessi,nino serdarusic,split,r32,clay
2020-8388,Split,Clay,32,C,,20200928,14,GH92,,,Borna Gojo,R,196,CRO,22.585,270,179,BS86,,,Tomas Barrios Vera,R,191,CHI,22.801,282,168,4-6 6-3 6-4,3,R32,130,11,4,91,51,39,20,15,1,3,0,3,80,55,35,16,14,1,4,TennisMyLife,2020_challenger.csv,2020,2026-08-23T06:37:21.010456+00:00,1609,24d01bba75a56eff9b0f96e20f9a75e0,NEW_MATCH,0,,borna gojo,tomas barrios vera,split,r32,clay
2020-8388,Split,Clay,32,C,,20200928,15,KH56,,,Zdenek Kolar,R,183,CZE,23.97,219,249,KC12,,,Mitchell Krueger,R,188,USA,26.71,187,301,6-2 6-3,3,R32,80,5,4,43,26,18,10,8,1,3,2,4,65,46,23,6,9,5,11,TennisMyLife,2020_challenger.csv,2020,2026-08-23T06:37:21.010456+00:00,1610,5028355ada000963a2ddfdbff2176e93,NEW_MATCH,0,,zdenek kolar,mitchell krueger,split,r32,clay
2020-8388,Split,Clay,32,C,,20200928,16,MN13,,,Maximilian Marterer,L,188,GER,25.29,267,183,Y218,,,Elias Ymer,R,185,SWE,24.468,188,299,6-2 6-2,3,R32,81,1,0,45,28,21,10,8,0,1,0,4,56,29,15,11,8,5,10,TennisMyLife,2020_challenger.csv,2020,2026-08-23T06:37:21.010456+00:00,1611,0af371f8df48818db434a7dd44fd83bf,NEW_MATCH,0,,maximilian marterer,elias ymer,split,r32,clay
2020-8388,Split,Clay,32,C,,20200928,17,S483,1,,Pedro Sousa,R,180,POR,32.339,113,528,KH56,,,Zdenek Kolar,R,183,CZE,23.97,219,249,6-1 3-6 6-2,3,R16,116,5,2,98,69,42,12,12,9,13,2,5,74,41,24,12,12,2,9,TennisMyLife,2020_challenger.csv,2020,2026-08-23T06:37:21.010456+00:00,1612,e203062d236b30ec6bfd791963adda02,NEW_MATCH,0,,pedro sousa,zdenek kolar,split,r16,clay
2020-8388,Split,Clay,32,C,,20200928,18,KC04,2,,Jozef Kovalik,R,183,SVK,27.899,124,479,SN54,,,Frederico Ferreira Silva,L,178,POR,25.533,196,285,2-6 6-2 7-5,3,R16,153,7,4,92,48,32,21,14,8,13,1,2,100,73,40,12,14,12,18,TennisMyLife,2020_challenger.csv,2020,2026-08-23T06:37:21.010456+00:00,1613,dfa4cb4e93aef885fbc99adc67a7d55b,NEW_MATCH,0,,jozef kovalik,frederico ferreira silva,split,r16,clay
2020-8388,Split,Clay,32,C,,20200928,19,G983,,,Alessandro Giannessi,L,185,ITA,30.333,172,334,KA98,3,,Bradley Klahn,L,183,USA,30.108,134,436,7-6(7) 3-0 RET,3,R16,73,1,1,50,34,24,11,8,0,1,1,0,49,31,18,10,7,3,5,TennisMyLife,2020_challenger.csv,2020,2026-08-23T06:37:21.010456+00:00,1614,5d9d0138b0952b6835ebcb4dc20b44a8,NEW_MATCH,0,,alessandro giannessi,bradley klahn,split,r16,clay
2020-8388,Split,Clay,32,C,,20200928,20,MN13,,,Maximilian Marterer,L,188,GER,25.29,267,183,TE16,4,,Carlos Taberner,R,183,ESP,23.14,149,387,3-6 7-5 6-4,3,R16,165,9,5,102,62,46,17,16,5,8,5,2,99,67,47,14,15,2,5,TennisMyLife,2020_challenger.csv,2020,2026-08-23T06:37:21.010456+00:00,1615,d5e060d2b2db31fa61ba9eff236d991a,NEW_MATCH,0,,maximilian marterer,carlos taberner,split,r16,clay
2020-8388,Split,Clay,32,C,,20200928,21,A0CJ,,,Duje Ajdukovic,R,188,CRO,19.644,462,71,K966,6,,Martin Klizan,L,191,SVK,31.217,164,352,6-0 6-4,3,R16,70,3,2,55,29,21,14,8,5,6,0,1,57,37,18,10,8,4,9,TennisMyLife,2020_challenger.csv,2020,2026-08-23T06:37:21.010456+00:00,1616,6c1e50c7e436e526a7fdaebc9908a522,NEW_MATCH,0,,duje ajdukovic,martin klizan,split,r16,clay
2020-8388,Split,Clay,32,C,,20200928,22,GH92,,,Borna Gojo,R,196,CRO,22.585,270,179,V812,7,,Botic van de Zandschulp,R,191,NED,24.986,166,343,7-6(8) 2-6 6-4,3,R16,155,8,2,96,58,37,19,15,5,9,3,8,113,77,50,20,15,6,9,TennisMyLife,2020_challenger.csv,2020,2026-08-23T06:37:21.010456+00:00,1617,77c3b53b44ff60f5987da99c0a3b33d2,NEW_MATCH,0,,borna gojo,botic van de zandschulp,split,r16,clay
2020-8388,Split,Clay,32,C,,20200928,23,C0AU,,,Francisco Cerundolo,R,185,ARG,22.127,223,242,N0AE,,,Brandon Nakashima,R,188,USA,19.154,201,274,6-3 6-1,3,R16,64,3,1,50,32,27,8,8,2,2,1,1,46,29,15,7,8,1,5,TennisMyLife,2020_challenger.csv,2020,2026-08-23T06:37:21.010456+00:00,1618,a35065dd68e038b9b3cb3e91600c391b,NEW_MATCH,0,,francisco cerundolo,brandon nakashima,split,r16,clay
2020-8388,Split,Clay,32,C,,20200928,24,EA24,,,Tomas Martin Etcheverry,R,196,ARG,21.199,258,201,T840,,,Viktor Troicki,R,193,SRB,34.631,192,291,6-1 6-1,3,R16,61,2,1,41,32,26,5,7,1,1,2,2,45,28,14,4,7,1,6,TennisMyLife,2020_challenger.csv,2020,2026-08-23T06:37:21.010456+00:00,1619,2c3b25c7dfa70ca532dc142a445177a4,NEW_MATCH,0,,tomas martin etcheverry,viktor troicki,split,r16,clay
2020-8388,Split,Clay,32,C,,20200928,25,S483,1,,Pedro Sousa,R,180,POR,32.339,113,528,EA24,,,Tomas Martin Etcheverry,R,196,ARG,21.199,258,201,6-4 7-6(7),3,QF,103,0,1,78,67,38,5,11,1,4,2,1,66,41,22,13,11,1,5,TennisMyLife,2020_challenger.csv,2020,2026-08-23T06:37:21.010456+00:00,1620,01507832ec7abd908cdb5227563a3a54,NEW_MATCH,0,,pedro sousa,tomas martin etcheverry,split,qf,clay
2020-8388,Split,Clay,32,C,,20200928,26,A0CJ,,,Duje Ajdukovic,R,188,CRO,19.644,462,71,KC04,2,,Jozef Kovalik,R,183,SVK,27.899,124,479,6-2 6-4,3,QF,72,1,1,57,36,24,12,9,2,4,1,0,51,35,18,8,9,4,9,TennisMyLife,2020_challenger.csv,2020,2026-08-23T06:37:21.010456+00:00,1621,1c4ffe9414ec2c4e44ca8a86e9f4bc17,NEW_MATCH,0,,duje ajdukovic,jozef kovalik,split,qf,clay
2020-8388,Split,Clay,32,C,,20200928,27,C0AU,,,Francisco Cerundolo,R,185,ARG,22.127,223,242,MN13,,,Maximilian Marterer,L,188,GER,25.29,267,183,7-6(6) 3-6 7-6(2),3,QF,157,1,4,129,98,66,11,17,5,11,1,0,98,62,41,22,16,3,7,TennisMyLife,2020_challenger.csv,2020,2026-08-23T06:37:21.010456+00:00,1622,d1a9dc351d28a28028cb7f9c92840227,NEW_MATCH,0,,francisco cerundolo,maximilian marterer,split,qf,clay
2020-8388,Split,Clay,32,C,,20200928,28,GH92,,,Borna Gojo,R,196,CRO,22.585,270,179,G983,,,Alessandro Giannessi,L,185,ITA,30.333,172,334,6-3 6-3,3,QF,71,4,2,45,28,22,9,9,2,4,0,4,51,36,22,3,9,3,8,TennisMyLife,2020_challenger.csv,2020,2026-08-23T06:37:21.010456+00:00,1623,353497292f4ce5c91d9cea93f2ae1e9b,NEW_MATCH,0,,borna gojo,alessandro giannessi,split,qf,clay
2020-8388,Split,Clay,32,C,,20200928,29,S483,1,,Pedro Sousa,R,180,POR,32.339,113,528,GH92,,,Borna Gojo,R,196,CRO,22.585,270,179,6-4 5-7 6-2,3,SF,116,0,2,86,71,47,9,15,7,10,8,5,94,60,41,14,15,5,10,TennisMyLife,2020_challenger.csv,2020,2026-08-23T06:37:21.010456+00:00,1624,d62dfdd1993143b8cbe1ad69398d6de8,NEW_MATCH,0,,pedro sousa,borna gojo,split,sf,clay
2020-8388,Split,Clay,32,C,,20200928,30,C0AU,,,Francisco Cerundolo,R,185,ARG,22.127,223,242,A0CJ,,,Duje Ajdukovic,R,188,CRO,19.644,462,71,6-7(2) 6-4 6-3,3,SF,133,3,1,108,83,52,10,15,6,10,3,3,106,70,42,16,16,13,20,TennisMyLife,2020_challenger.csv,2020,2026-08-23T06:37:21.010456+00:00,1625,2e6d331d5276b1b6847a7cf8500e104c,NEW_MATCH,0,,francisco cerundolo,duje ajdukovic,split,sf,clay
2020-8388,Split,Clay,32,C,,20200928,31,C0AU,,,Francisco Cerundolo,R,185,ARG,22.127,223,242,S483,1,,Pedro Sousa,R,180,POR,32.339,113,528,4-6 6-3 7-6(4),3,F,110,2,0,93,65,38,18,16,2,7,2,0,94,74,45,11,15,9,14,TennisMyLife,2020_challenger.csv,2020,2026-08-23T06:37:21.010456+00:00,1626,24ad7709bfcb992efad0b8afd1a4d7e2,NEW_MATCH,0,,francisco cerundolo,pedro sousa,split,f,clay
2020-9132,Barcelona,Clay,32,C,,20201011,1,MU94,1,,Jaume Munar,R,183,ESP,23.436,109,563,V812,,,Botic van de Zandschulp,R,191,NED,25.021,166,343,7-5 6-1,3,R32,72,2,0,55,38,25,10,10,0,3,0,6,58,37,18,7,9,5,11,TennisMyLife,2020_challenger.csv,2020,2026-08-23T06:37:21.010456+00:00,1627,869a1f2cf438aac6600c345672d372eb,NEW_MATCH,0,,jaume munar,botic van de zandschulp,barcelona,r32,clay
2020-9132,Barcelona,Clay,32,C,,20201011,2,O483,2,,Christopher O'Connell,R,183,AUS,26.357,112,536,BI81,,,Alex Bolt,L,183,AUS,27.765,151,380,6-1 6-2,3,R32,62,2,1,42,23,19,11,8,2,3,0,2,56,34,18,8,7,4,9,TennisMyLife,2020_challenger.csv,2020,2026-08-23T06:37:21.010456+00:00,1628,0934d0c431db3a8db0a0f663b9a5523c,NEW_MATCH,0,,christopher o connell,alex bolt,barcelona,r32,clay
2020-9132,Barcelona,Clay,32,C,,20201011,3,A0E2,,,Carlos Alcaraz,R,183,ESP,17.437,189,297,S483,3,,Pedro Sousa,R,180,POR,32.375,113,528,6-3 6-3,3,R32,71,0,1,52,29,19,13,9,2,4,2,4,66,31,13,19,9,3,8,TennisMyLife,2020_challenger.csv,2020,2026-08-23T06:37:21.010456+00:00,1629,9b8ef5cda85a9c46771af49647a6328d,NEW_MATCH,0,,carlos alcaraz,pedro sousa,barcelona,r32,clay
2020-9132,Barcelona,Clay,32,C,,20201011,4,D923,4,,Damir Dzumhur,R,175,BIH,28.394,114,524,MN13,,,Maximilian Marterer,L,188,GER,25.325,267,183,6-2 6-0,3,R32,66,1,2,47,23,16,15,7,4,5,1,5,50,30,14,4,7,6,12,TennisMyLife,2020_challenger.csv,2020,2026-08-23T06:37:21.010456+00:00,1630,1a43eb9e72a811667b95d71c791eb224,NEW_MATCH,0,,damir dzumhur,maximilian marterer,barcelona,r32,clay
2020-9132,Barcelona,Clay,32,C,,20201011,5,BF23,5,,Facundo Bagnis,L,183,ARG,30.62,129,453,D985,,,Joao Domingues,R,,POR,27.017,161,357,7-6(5) 6-4,3,R32,112,1,4,68,38,31,13,11,1,4,1,3,77,40,26,16,11,5,9,TennisMyLife,2020_challenger.csv,2020,2026-08-23T06:37:21.010456+00:00,1631,66c1e748edc32af1293916cfd2edbcbc,NEW_MATCH,0,,facundo bagnis,joao domingues,barcelona,r32,clay
2020-9132,Barcelona,Clay,32,C,,20201011,6,HA28,,,Filip Horansky,R,191,SVK,27.759,177,327,Z419,7,,Bernabe Zapata Miralles,R,183,ESP,23.745,145,392,7-5 2-6 6-2,3,R32,107,0,6,74,52,30,7,14,3,10,0,7,97,68,38,7,14,9,17,TennisMyLife,2020_challenger.csv,2020,2026-08-23T06:37:21.010456+00:00,1632,e51944d26d88501d261d6af9c3e1558e,NEW_MATCH,0,,filip horansky,bernabe zapata miralles,barcelona,r32,clay
2020-9132,Barcelona,Clay,32,C,,20201011,7,J620,,,Maxime Janvier,R,196,FRA,23.981,204,270,TE16,8,,Carlos Taberner,R,183,ESP,23.176,149,387,6-7(5) 6-2 6-1,3,R32,138,1,7,91,56,38,14,14,4,10,0,5,98,53,24,18,13,10,20,TennisMyLife,2020_challenger.csv,2020,2026-08-23T06:37:21.010456+00:00,1633,8554da107f05d881ecaf3be37beb875c,NEW_MATCH,0,,maxime janvier,carlos taberner,barcelona,r32,clay
2020-9132,Barcelona,Clay,32,C,,20201011,8,BS86,,,Tomas Barrios Vera,R,191,CHI,22.836,282,168,E873,,,Ernesto Escobedo,R,185,MEX,24.271,175,329,7-6(2) 6-3,3,R32,102,3,2,79,48,37,20,11,7,7,0,3,72,39,28,18,10,3,4,TennisMyLife,2020_challenger.csv,2020,2026-08-23T06:37:21.010456+00:00,1634,5aa7248d8230f77e36db2722f30faff2,NEW_MATCH,0,,tomas barrios vera,ernesto escobedo,barcelona,r32,clay
2020-9132,Barcelona,Clay,32,C,,20201011,9,CC66,,,Andrea Collarini,L,183,ARG,28.695,198,279,GA36,,,Emilio Gomez,R,185,ECU,28.871,156,365,7-6(5) 7-5,3,R32,132,2,0,79,41,26,25,12,5,8,2,5,84,47,26,21,12,2,6,TennisMyLife,2020_challenger.csv,2020,2026-08-23T06:37:21.010456+00:00,1635,31a920ffc0ba01c63e6629d9e031909c,NEW_MATCH,0,,andrea collarini,emilio gomez,barcelona,r32,clay
2020-9132,Barcelona,Clay,32,C,,20201011,10,CG33,,,Kimmer Coppejans,R,178,BEL,26.675,163,353,RB56,,,Ramkumar Ramanathan,R,188,IND,25.925,199,278,6-2 7-5,3,R32,90,0,3,63,35,24,11,10,4,7,0,2,67,42,19,10,10,3,9,TennisMyLife,2020_challenger.csv,2020,2026-08-23T06:37:21.010456+00:00,1636,e292d7b50e037e915a1cf0a85dcd9029,NEW_MATCH,0,,kimmer coppejans,ramkumar ramanathan,barcelona,r32,clay
2020-9132,Barcelona,Clay,32,C,,20201011,11,G983,,,Alessandro Giannessi,L,185,ITA,30.368,172,334,PB22,,,Peter Polansky,R,183,CAN,32.323,205,270,6-2 6-4,3,R32,75,2,1,46,31,23,11,9,0,1,1,4,68,37,26,10,9,5,9,TennisMyLife,2020_challenger.csv,2020,2026-08-23T06:37:21.010456+00:00,1637,34dcf5449b785de1acf5914b925ee889,NEW_MATCH,0,,alessandro giannessi,peter polansky,barcelona,r32,clay
2020-9132,Barcelona,Clay,32,C,,20201011,12,G0AV,,,Carlos Gimeno Valero,R,191,ESP,19.296,534,53,CG94,,,Enzo Couacaud,R,183,FRA,25.615,195,286,6-3 6-2,3,R32,70,1,5,46,31,17,7,8,3,6,2,3,66,32,18,9,9,3,10,TennisMyLife,2020_challenger.csv,2020,2026-08-23T06:37:21.010456+00:00,1638,26c602c15e40a39887342e8e78c2bab9,NEW_MATCH,0,,carlos gimeno valero,enzo couacaud,barcelona,r32,clay
2020-9132,Barcelona,Clay,32,C,,20201011,13,GA79,,,Lorenzo Giustino,R,180,ITA,29.087,157,363,C0AU,,,Francisco Cerundolo,R,185,ARG,22.163,223,242,6-1 6-4,3,R32,68,1,3,49,27,21,10,9,0,2,2,2,51,37,18,5,8,2,7,TennisMyLife,2020_challenger.csv,2020,2026-08-23T06:37:21.010456+00:00,1639,21d28e8e8914e19c9fe51be87b1dbae9,NEW_MATCH,0,,lorenzo giustino,francisco cerundolo,barcelona,r32,clay
2020-9132,Barcelona,Clay,32,C,,20201011,14,N0AE,,,Brandon Nakashima,R,188,USA,19.19,201,274,O376,,,Renzo Olivo,R,178,ARG,28.575,209,256,6-2 6-3,3,R32,81,2,1,46,24,17,13,9,1,3,4,10,67,37,23,8,8,2,7,TennisMyLife,2020_challenger.csv,2020,2026-08-23T06:37:21.010456+00:00,1640,c273b404c6ba9a667c7f0d91fafd9d53,NEW_MATCH,0,,brandon nakashima,renzo olivo,barcelona,r32,clay
2020-9132,Barcelona,Clay,32,C,,20201011,15,PG20,,,Dmitry Popko,R,191,KAZ,23.964,171,336,KI74,,,Nicola Kuhn,R,185,GER,20.561,242,212,7-5 6-4,3,R32,111,1,6,70,44,25,9,11,6,11,0,2,72,42,21,13,11,4,11,TennisMyLife,2020_challenger.csv,2020,2026-08-23T06:37:21.010456+00:00,1641,c47ec30713ba5b0cfdb0751ef43f9f6c,NEW_MATCH,0,,dmitry popko,nicola kuhn,barcelona,r32,clay
2020-9132,Barcelona,Clay,32,C,,20201011,16,V824,,,Mario Vilella Martinez,R,178,ESP,25.276,183,316,V832,,,Aleksandar Vukic,R,188,AUS,24.515,193,287,2-6 6-3 7-6(5),3,R32,121,3,5,102,62,40,22,15,6,11,3,4,81,45,32,19,14,3,7,TennisMyLife,2020_challenger.csv,2020,2026-08-23T06:37:21.010456+00:00,1642,9b8a96342bdcad5cafdb826cd12c9557,NEW_MATCH,0,,mario vilella martinez,aleksandar vukic,barcelona,r32,clay
2020-9132,Barcelona,Clay,32,C,,20201011,17,MU94,1,,Jaume Munar,R,183,ESP,23.436,109,563,BS86,,,Tomas Barrios Vera,R,191,CHI,22.836,282,168,3-6 7-5 6-1,3,R16,119,1,1,81,51,27,17,14,2,8,1,4,82,47,24,14,14,6,14,TennisMyLife,2020_challenger.csv,2020,2026-08-23T06:37:21.010456+00:00,1643,2bcf2ca88d7f74564397d36df5a7e495,NEW_MATCH,0,,jaume munar,tomas barrios vera,barcelona,r16,clay
2020-9132,Barcelona,Clay,32,C,,20201011,18,G0AV,,,Carlos Gimeno Valero,R,191,ESP,19.296,534,53,O483,2,,Christopher O'Connell,R,183,AUS,26.357,112,536,6-7(5) 2-5 RET,3,R16,115,1,8,67,45,24,5,10,4,10,5,6,83,40,26,17,9,8,12,TennisMyLife,2020_challenger.csv,2020,2026-08-23T06:37:21.010456+00:00,1644,9279e08154e8482082b426e14511383a,NEW_MATCH,0,,carlos gimeno valero,christopher o connell,barcelona,r16,clay
2020-9132,Barcelona,Clay,32,C,,20201011,19,D923,4,,Damir Dzumhur,R,175,BIH,28.394,114,524,CG33,,,Kimmer Coppejans,R,178,BEL,26.675,163,353,6-2 6-3,3,R16,81,0,4,50,30,19,9,8,2,5,0,2,71,42,19,10,9,6,13,TennisMyLife,2020_challenger.csv,2020,2026-08-23T06:37:21.010456+00:00,1645,e63135900aa7ce3d6463eb05e8d6fa92,NEW_MATCH,0,,damir dzumhur,kimmer coppejans,barcelona,r16,clay
2020-9132,Barcelona,Clay,32,C,,20201011,20,BF23,5,,Facundo Bagnis,L,183,ARG,30.62,129,453,PG20,,,Dmitry Popko,R,191,KAZ,23.964,171,336,7-5 6-2,3,R16,122,4,6,73,45,32,15,10,4,5,1,5,76,45,27,14,10,4,8,TennisMyLife,2020_challenger.csv,2020,2026-08-23T06:37:21.010456+00:00,1646,a3c48b669954b661aed482e547b0100f,NEW_MATCH,0,,facundo bagnis,dmitry popko,barcelona,r16,clay
2020-9132,Barcelona,Clay,32,C,,20201011,21,A0E2,,,Carlos Alcaraz,R,183,ESP,17.437,189,297,V824,,,Mario Vilella Martinez,R,178,ESP,25.276,183,316,6-3 4-6 6-2,3,R16,132,0,4,85,47,31,20,14,10,14,3,9,93,48,30,20,13,10,16,TennisMyLife,2020_challenger.csv,2020,2026-08-23T06:37:21.010456+00:00,1647,a96acdc947c958aacd0cbe933aa18648,NEW_MATCH,0,,carlos alcaraz,mario vilella martinez,barcelona,r16,clay
2020-9132,Barcelona,Clay,32,C,,20201011,22,CC66,,,Andrea Collarini,L,183,ARG,28.695,198,279,N0AE,,,Brandon Nakashima,R,188,USA,19.19,201,274,7-5 7-5,3,R16,109,2,6,73,40,28,14,12,3,7,3,0,63,35,22,10,12,1,7,TennisMyLife,2020_challenger.csv,2020,2026-08-23T06:37:21.010456+00:00,1648,a20bf5a118a07d7554cf943b7837d632,NEW_MATCH,0,,andrea collarini,brandon nakashima,barcelona,r16,clay
2020-9132,Barcelona,Clay,32,C,,20201011,23,HA28,,,Filip Horansky,R,191,SVK,27.759,177,327,GA79,,,Lorenzo Giustino,R,180,ITA,29.087,157,363,6-3 3-6 6-2,3,R16,140,1,2,88,63,33,15,13,4,9,1,6,95,45,25,19,13,8,15,TennisMyLife,2020_challenger.csv,2020,2026-08-23T06:37:21.010456+00:00,1649,77920318881b9d08f549fd4e171e96f7,NEW_MATCH,0,,filip horansky,lorenzo giustino,barcelona,r16,clay
2020-9132,Barcelona,Clay,32,C,,20201011,24,J620,,,Maxime Janvier,R,196,FRA,23.981,204,270,G983,,,Alessandro Giannessi,L,185,ITA,30.368,172,334,6-4 3-6 6-2,3,R16,136,2,6,99,64,42,16,13,3,6,2,3,94,64,33,17,14,6,11,TennisMyLife,2020_challenger.csv,2020,2026-08-23T06:37:21.010456+00:00,1650,7fa34e75704b701f09529a0171c07b2e,NEW_MATCH,0,,maxime janvier,alessandro giannessi,barcelona,r16,clay
2020-9132,Barcelona,Clay,32,C,,20201011,25,CC66,,,Andrea Collarini,L,183,ARG,28.695,198,279,MU94,1,,Jaume Munar,R,183,ESP,23.436,109,563,7-5 6-4,3,QF,119,2,6,68,37,27,12,11,4,7,2,2,69,46,26,11,11,1,6,TennisMyLife,2020_challenger.csv,2020,2026-08-23T06:37:21.010456+00:00,1651,bd4d288f2eaea54538855f5320a57821,NEW_MATCH,0,,andrea collarini,jaume munar,barcelona,qf,clay
2020-9132,Barcelona,Clay,32,C,,20201011,26,D923,4,,Damir Dzumhur,R,175,BIH,28.394,114,524,J620,,,Maxime Janvier,R,196,FRA,23.981,204,270,3-6 6-1 6-3,3,QF,114,0,1,76,51,36,13,12,5,7,0,2,80,49,27,17,13,2,7,TennisMyLife,2020_challenger.csv,2020,2026-08-23T06:37:21.010456+00:00,1652,3ee256eb5dcd457003cb999e285ebe4e,NEW_MATCH,0,,damir dzumhur,maxime janvier,barcelona,qf,clay
2020-9132,Barcelona,Clay,32,C,,20201011,27,G0AV,,,Carlos Gimeno Valero,R,191,ESP,19.296,534,53,BF23,5,,Facundo Bagnis,L,183,ARG,30.62,129,453,6-0 6-2,3,QF,57,1,4,44,32,26,4,7,2,2,1,7,48,23,11,9,7,6,11,TennisMyLife,2020_challenger.csv,2020,2026-08-23T06:37:21.010456+00:00,1653,1691b73a4fe441a72af53d0de020e88d,NEW_MATCH,0,,carlos gimeno valero,facundo bagnis,barcelona,qf,clay
2020-9132,Barcelona,Clay,32,C,,20201011,28,A0E2,,,Carlos Alcaraz,R,183,ESP,17.437,189,297,HA28,,,Filip Horansky,R,191,SVK,27.759,177,327,7-5 4-6 6-4,3,QF,133,2,2,105,65,40,19,16,8,13,1,3,92,73,42,8,16,1,7,TennisMyLife,2020_challenger.csv,2020,2026-08-23T06:37:21.010456+00:00,1654,2b087cca10f2cd100e6972656f9b0e52,NEW_MATCH,0,,carlos alcaraz,filip horansky,barcelona,qf,clay
2020-9132,Barcelona,Clay,32,C,,20201011,29,D923,4,,Damir Dzumhur,R,175,BIH,28.394,114,524,G0AV,,,Carlos Gimeno Valero,R,191,ESP,19.296,534,53,6-0 6-3,3,SF,62,0,3,48,37,27,4,8,4,5,0,7,45,29,17,1,7,4,9,TennisMyLife,2020_challenger.csv,2020,2026-08-23T06:37:21.010456+00:00,1655,7de81032210e0cbd81dc38ae2e35cb1f,NEW_MATCH,0,,damir dzumhur,carlos gimeno valero,barcelona,sf,clay
2020-9132,Barcelona,Clay,32,C,,20201011,30,A0E2,,,Carlos Alcaraz,R,183,ESP,17.437,189,297,CC66,,,Andrea Collarini,L,183,ARG,28.695,198,279,6-3 7-5,3,SF,103,1,6,73,44,25,14,11,6,10,2,3,62,38,16,12,10,1,7,TennisMyLife,2020_challenger.csv,2020,2026-08-23T06:37:21.010456+00:00,1656,92b8b34d6f9029400b00681799efe338,NEW_MATCH,0,,carlos alcaraz,andrea collarini,barcelona,sf,clay
2020-9132,Barcelona,Clay,32,C,,20201011,31,A0E2,,,Carlos Alcaraz,R,183,ESP,17.437,189,297,D923,4,,Damir Dzumhur,R,175,BIH,28.394,114,524,4-6 6-2 6-1,3,F,108,1,3,91,69,48,9,13,5,6,1,2,73,50,34,9,12,3,7,TennisMyLife,2020_challenger.csv,2020,2026-08-23T06:37:21.010456+00:00,1657,d4da47d151292136439b05e3127bfabf,NEW_MATCH,0,,carlos alcaraz,damir dzumhur,barcelona,f,clay
2020-9190,Parma,Clay,33,C,,20201011,1,TD51,1,,Frances Tiafoe,R,188,USA,22.724,67,845,RA51,,,Blaz Rola,L,193,SLO,30.018,148,387,7-6(1) 6-3,3,R32,93,6,1,76,47,35,15,11,6,8,5,2,63,44,28,10,10,4,7,TennisMyLife,2020_challenger.csv,2020,2026-08-23T06:37:21.010456+00:00,1658,27b880c40a193c8734d9c630469ccb04,NEW_MATCH,0,,frances tiafoe,blaz rola,parma,r32,clay
2020-9190,Parma,Clay,33,C,,20201011,2,P09Z,,,Alexei Popyrin,R,196,AUS,21.185,108,576,LB84,2,,Juan Ignacio Londero,R,180,ARG,27.157,69,832,1-6 2-1 RET,3,R32,44,3,1,39,20,14,5,5,5,8,2,1,23,15,11,5,5,0,1,TennisMyLife,2020_challenger.csv,2020,2026-08-23T06:37:21.010456+00:00,1659,e2598c7efbe952309ff4d93f420af6c8,NEW_MATCH,0,,alexei popyrin,juan ignacio londero,parma,r32,clay
2020-9190,Parma,Clay,33,C,,20201011,3,DB63,3,,Laslo Djere,R,188,SRB,25.361,73,797,J380,,,Jason Jung,R,180,TPE,31.324,125,464,6-2 6-4,3,R32,71,6,0,55,30,22,17,9,2,2,0,2,53,39,24,7,9,2,5,TennisMyLife,2020_challenger.csv,2020,2026-08-23T06:37:21.010456+00:00,1660,d79824288f30679ab5a27eca7e607a6c,NEW_MATCH,0,,laslo djere,jason jung,parma,r32,clay
2020-9190,Parma,Clay,33,C,,20201011,4,D874,4,,Federico Delbonis,L,193,ARG,30.018,81,758,SA93,,,Andreas Seppi,R,191,ITA,36.638,98,679,6-1 7-6(6),3,R32,88,3,1,65,49,38,9,10,2,2,1,0,68,35,21,20,9,3,5,TennisMyLife,2020_challenger.csv,2020,2026-08-23T06:37:21.010456+00:00,1661,6f247f47a04fd0788346fb31d627ef4b,NEW_MATCH,0,,federico delbonis,andreas seppi,parma,r32,clay
2020-9190,Parma,Clay,33,C,,20201011,5,CE25,5,,Salvatore Caruso,R,185,ITA,27.822,85,742,GF95,,,Hugo Grenier,R,196,FRA,24.553,249,208,4-6 6-3 6-4,3,R32,140,2,1,82,56,37,16,14,8,11,6,2,90,52,36,15,15,4,9,TennisMyLife,2020_challenger.csv,2020,2026-08-23T06:37:21.010456+00:00,1662,9201e5af6a07b9733d04e64659fa9cec,NEW_MATCH,0,,salvatore caruso,hugo grenier,parma,r32,clay
2020-9190,Parma,Clay,33,C,,20201011,6,K435,6,,Philipp Kohlschreiber,R,178,GER,36.988,86,729,SX91,,,Thiago Seyboth Wild,R,185,BRA,20.589,107,586,6-3 6-1,3,R32,63,1,0,37,30,26,6,8,0,0,0,0,61,49,24,7,8,7,11,TennisMyLife,2020_challenger.csv,2020,2026-08-23T06:37:21.010456+00:00,1663,4091f953af97bdbfb70dca262f941c16,NEW_MATCH,0,,philipp kohlschreiber,thiago seyboth wild,parma,r32,clay
2020-9190,Parma,Clay,33,C,,20201011,7,ML57,7,,Gianluca Mager,R,188,ITA,25.862,89,713,H997,,,Yannick Hanfmann,R,193,GER,28.912,97,682,7-5 7-6(5),3,R32,108,7,1,74,50,38,16,12,0,1,1,5,96,58,36,22,12,10,12,TennisMyLife,2020_challenger.csv,2020,2026-08-23T06:37:21.010456+00:00,1664,d756baae48c592be5009549aeb247102,NEW_MATCH,0,,gianluca mager,yannick hanfmann,parma,r32,clay
2020-9190,Parma,Clay,33,C,,20201011,8,BM03,,,Filippo Baldi,R,180,ITA,24.753,259,199,DA81,,,Taro Daniel,R,191,JPN,27.704,117,511,5-7 7-6(5) 6-1,3,R32,173,2,3,102,74,41,14,15,7,13,1,8,127,86,45,17,16,13,21,TennisMyLife,2020_challenger.csv,2020,2026-08-23T06:37:21.010456+00:00,1665,a9eaf3db3def12038a8f6c83939dfd2c,NEW_MATCH,0,,filippo baldi,taro daniel,parma,r32,clay
2020-9190,Parma,Clay,33,C,,20201011,9,CF01,,,Marco Cecchinato,R,185,ITA,28.03,110,551,MQ75,,,Kamil Majchrzak,R,183,POL,24.745,100,650,6-3 6-4,3,R32,82,2,2,75,49,34,13,10,6,7,1,4,47,29,23,6,9,1,4,TennisMyLife,2020_challenger.csv,2020,2026-08-23T06:37:21.010456+00:00,1666,d3fbe36607c45762869e29cf3a40c1e4,NEW_MATCH,0,,marco cecchinato,kamil majchrzak,parma,r32,clay
2020-9190,Parma,Clay,33,C,,20201011,10,FA43,,,Juan Pablo Ficovich,R,188,ARG,23.713,206,270,PE02,,,Danilo Petrovic,R,203,SRB,28.715,160,362,6-3 7-6(5),3,R32,99,3,0,70,52,38,9,11,4,6,5,1,76,49,29,13,10,5,8,TennisMyLife,2020_challenger.csv,2020,2026-08-23T06:37:21.010456+00:00,1667,7955cd0f963f957050c07ba9336aa32c,NEW_MATCH,0,,juan pablo ficovich,danilo petrovic,parma,r32,clay
2020-9190,Parma,Clay,33,C,,20201011,11,KC12,,,Mitchell Krueger,R,188,USA,26.746,187,301,I165,,,Denis Istomin,R,185,UZB,34.094,169,339,6-4 6-4,3,R32,81,3,0,46,30,27,13,10,0,0,5,4,72,46,32,12,10,5,7,TennisMyLife,2020_challenger.csv,2020,2026-08-23T06:37:21.010456+00:00,1668,59c5f18d323f144cad700cdd89358e92,NEW_MATCH,0,,mitchell krueger,denis istomin,parma,r32,clay
2020-9190,Parma,Clay,33,C,,20201011,12,L503,,,Paolo Lorenzi,R,183,ITA,38.823,130,447,GA94,,,Prajnesh Gunneswaran,L,188,IND,30.913,142,405,7-6(5) 6-2,3,R32,132,6,3,74,43,28,16,10,5,7,1,4,92,54,30,18,10,12,16,TennisMyLife,2020_challenger.csv,2020,2026-08-23T06:37:21.010456+00:00,1669,2f4b13c5309e2652cd9e6c6a00165d45,NEW_MATCH,0,,paolo lorenzi,prajnesh gunneswaran,parma,r32,clay
2020-9190,Parma,Clay,33,C,,20201011,13,M0FH,,,Tomas Machac,R,183,CZE,19.995,253,205,V836,,,Juan Pablo Varillas,R,185,PER,25.016,143,403,6-2 4-2 RET,3,R32,55,2,0,40,26,20,6,7,0,2,3,2,35,18,8,3,7,1,6,TennisMyLife,2020_challenger.csv,2020,2026-08-23T06:37:21.010456+00:00,1670,15ef2ab842dfdf7f21508de8b011c35e,NEW_MATCH,0,,tomas machac,juan pablo varillas,parma,r32,clay
2020-9190,Parma,Clay,33,C,,20201011,14,MP20,,,Alexandre Muller,R,183,FRA,23.691,238,215,C0BC,,,Maxime Cressy,R,201,USA,23.428,159,362,6-3 4-6 6-3,3,R32,100,1,0,75,67,49,7,14,2,3,11,11,77,47,39,11,14,3,6,TennisMyLife,2020_challenger.csv,2020,2026-08-23T06:37:21.010456+00:00,1671,3def1b90c06fa23404e83922f09219eb,NEW_MATCH,0,,alexandre muller,maxime cressy,parma,r32,clay
2020-9190,Parma,Clay,33,C,,20201011,15,M0EJ,,,Lorenzo Musetti,R,185,ITA,18.609,138,416,GB53,,,Federico Gaio,R,178,ITA,28.602,132,444,6-3 6-2,3,R32,68,1,0,40,31,25,8,8,1,1,2,3,56,33,19,12,9,6,10,TennisMyLife,2020_challenger.csv,2020,2026-08-23T06:37:21.010456+00:00,1672,33ad7f8ccb8cd4a21f79c61e39ad89c2,NEW_MATCH,0,,lorenzo musetti,federico gaio,parma,r32,clay
2020-9190,Parma,Clay,33,C,,20201011,16,N897,,,Sumit Nagal,R,178,IND,23.154,127,458,Z0A1,,,Giulio Zeppieri,L,183,ITA,18.845,316,135,6-4 6-4,3,R32,83,1,2,58,49,37,3,10,4,5,0,2,69,43,26,14,10,6,9,TennisMyLife,2020_challenger.csv,2020,2026-08-23T06:37:21.010456+00:00,1673,75cafbf13f0162e7a565cf929b7584d4,NEW_MATCH,0,,sumit nagal,giulio zeppieri,parma,r32,clay
2020-9190,Parma,Clay,33,C,,20201011,17,TD51,1,,Frances Tiafoe,R,188,USA,22.724,67,845,M0EJ,,,Lorenzo Musetti,R,185,ITA,18.609,138,416,6-3 3-6 6-3,3,R16,102,2,0,77,48,36,19,14,1,2,3,2,70,40,32,17,13,1,3,TennisMyLife,2020_challenger.csv,2020,2026-08-23T06:37:21.010456+00:00,1674,10762be1fc7bcad43e1a81383255ae5e,NEW_MATCH,0,,frances tiafoe,lorenzo musetti,parma,r16,clay
2020-9190,Parma,Clay,33,C,,20201011,18,DB63,3,,Laslo Djere,R,188,SRB,25.361,73,797,N897,,,Sumit Nagal,R,178,IND,23.154,127,458,7-5 4-6 6-4,3,R16,165,4,4,111,70,43,15,16,6,13,1,0,102,79,43,9,16,3,11,TennisMyLife,2020_challenger.csv,2020,2026-08-23T06:37:21.010456+00:00,1675,d7e29ba62d94778cf2561bc7f6d400d8,NEW_MATCH,0,,laslo djere,sumit nagal,parma,r16,clay
2020-9190,Parma,Clay,33,C,,20201011,19,D874,4,,Federico Delbonis,L,193,ARG,30.018,81,758,L503,,,Paolo Lorenzi,R,183,ITA,38.823,130,447,6-1 6-4,3,R16,90,2,1,45,27,20,14,9,0,1,1,1,73,47,26,11,8,10,14,TennisMyLife,2020_challenger.csv,2020,2026-08-23T06:37:21.010456+00:00,1676,cc987d20a66b0ef68b0468d86843772d,NEW_MATCH,0,,federico delbonis,paolo lorenzi,parma,r16,clay
2020-9190,Parma,Clay,33,C,,20201011,20,CE25,5,,Salvatore Caruso,R,185,ITA,27.822,85,742,M0FH,,,Tomas Machac,R,183,CZE,19.995,253,205,6-2 7-5,3,R16,102,2,0,61,36,25,18,10,3,4,2,1,82,55,27,16,10,7,11,TennisMyLife,2020_challenger.csv,2020,2026-08-23T06:37:21.010456+00:00,1677,a68ca9960a7fabbf148ce89ca8465c3e,NEW_MATCH,0,,salvatore caruso,tomas machac,parma,r16,clay
2020-9190,Parma,Clay,33,C,,20201011,21,CF01,,,Marco Cecchinato,R,185,ITA,28.03,110,551,K435,6,,Philipp Kohlschreiber,R,178,GER,36.988,86,729,7-5 6-3,3,R16,84,1,1,69,47,35,12,11,4,5,1,2,57,39,25,9,10,3,6,TennisMyLife,2020_challenger.csv,2020,2026-08-23T06:37:21.010456+00:00,1678,2bc29e02450c106d0323d8b8ce5cdf85,NEW_MATCH,0,,marco cecchinato,philipp kohlschreiber,parma,r16,clay
2020-9190,Parma,Clay,33,C,,20201011,22,BM03,,,Filippo Baldi,R,180,ITA,24.753,259,199,ML57,7,,Gianluca Mager,R,188,ITA,25.862,89,713,4-6 6-3 3-1 RET,3,R16,104,2,2,79,61,39,9,12,6,9,5,3,74,47,32,10,11,6,10,TennisMyLife,2020_challenger.csv,2020,2026-08-23T06:37:21.010456+00:00,1679,a64f462c450402ba90b325698a8b6248,NEW_MATCH,0,,filippo baldi,gianluca mager,parma,r16,clay
2020-9190,Parma,Clay,33,C,,20201011,23,FA43,,,Juan Pablo Ficovich,R,188,ARG,23.713,206,270,KC12,,,Mitchell Krueger,R,188,USA,26.746,187,301,6-1 6-4,3,R16,94,5,0,61,35,25,15,9,4,5,4,3,68,48,29,5,8,5,9,TennisMyLife,2020_challenger.csv,2020,2026-08-23T06:37:21.010456+00:00,1680,a93b0c36a2952896467274a08f938fbe,NEW_MATCH,0,,juan pablo ficovich,mitchell krueger,parma,r16,clay
2020-9190,Parma,Clay,33,C,,20201011,24,P09Z,,,Alexei Popyrin,R,196,AUS,21.185,108,576,MP20,,,Alexandre Muller,R,183,FRA,23.691,238,215,6-4 6-4,3,R16,77,6,2,60,42,33,9,10,0,0,2,2,63,36,25,15,10,3,5,TennisMyLife,2020_challenger.csv,2020,2026-08-23T06:37:21.010456+00:00,1681,5f575750592e7c432b9f47c7220ef6bf,NEW_MATCH,0,,alexei popyrin,alexandre muller,parma,r16,clay
2020-9190,Parma,Clay,33,C,,20201011,25,TD51,1,,Frances Tiafoe,R,188,USA,22.724,67,845,BM03,,,Filippo Baldi,R,180,ITA,24.753,259,199,7-6(3) 7-5,3,QF,108,4,3,86,53,37,20,12,6,7,4,1,69,54,37,9,12,3,5,TennisMyLife,2020_challenger.csv,2020,2026-08-23T06:37:21.010456+00:00,1682,2e9c21c5ea22aee34d038192e81a8867,NEW_MATCH,0,,frances tiafoe,filippo baldi,parma,qf,clay
2020-9190,Parma,Clay,33,C,,20201011,26,CE25,5,,Salvatore Caruso,R,185,ITA,27.822,85,742,DB63,3,,Laslo Djere,R,188,SRB,25.361,73,797,6-4 2-6 6-4,3,QF,120,1,5,78,45,28,16,14,5,11,6,6,75,44,32,10,14,3,9,TennisMyLife,2020_challenger.csv,2020,2026-08-23T06:37:21.010456+00:00,1683,33b2038bbf4ccd26c09b2ca68adb9ef2,NEW_MATCH,0,,salvatore caruso,laslo djere,parma,qf,clay
2020-9190,Parma,Clay,33,C,,20201011,27,D874,4,,Federico Delbonis,L,193,ARG,30.018,81,758,CF01,,,Marco Cecchinato,R,185,ITA,28.03,110,551,4-6 6-2 6-2,3,QF,93,3,1,68,47,38,14,13,1,2,1,2,63,41,29,12,13,1,5,TennisMyLife,2020_challenger.csv,2020,2026-08-23T06:37:21.010456+00:00,1684,cef2bf2301900b8ba430f136201960b5,NEW_MATCH,0,,federico delbonis,marco cecchinato,parma,qf,clay
2020-9190,Parma,Clay,33,C,,20201011,28,P09Z,,,Alexei Popyrin,R,196,AUS,21.185,108,576,FA43,,,Juan Pablo Ficovich,R,188,ARG,23.713,206,270,6-7(6) 6-4 7-5,3,QF,164,6,3,114,56,42,31,17,8,10,10,3,117,66,46,25,17,6,10,TennisMyLife,2020_challenger.csv,2020,2026-08-23T06:37:21.010456+00:00,1685,4145d03ae1d954c134a4d3bdc8cd1e49,NEW_MATCH,0,,alexei popyrin,juan pablo ficovich,parma,qf,clay
2020-9190,Parma,Clay,33,C,,20201011,29,TD51,1,,Frances Tiafoe,R,188,USA,22.724,67,845,D874,4,,Federico Delbonis,L,193,ARG,30.018,81,758,3-6 6-3 6-4,3,SF,115,4,0,88,50,39,19,14,5,7,7,2,72,48,38,12,14,3,6,TennisMyLife,2020_challenger.csv,2020,2026-08-23T06:37:21.010456+00:00,1686,668ef5907f53170f1ac027204673a050,NEW_MATCH,0,,frances tiafoe,federico delbonis,parma,sf,clay
2020-9190,Parma,Clay,33,C,,20201011,30,CE25,5,,Salvatore Caruso,R,185,ITA,27.822,85,742,P09Z,,,Alexei Popyrin,R,196,AUS,21.185,108,576,6-4 6-4,3,SF,104,6,3,77,49,31,14,10,6,8,4,5,72,38,26,15,10,4,8,TennisMyLife,2020_challenger.csv,2020,2026-08-23T06:37:21.010456+00:00,1687,c4c9cb520f01b19a114fa9f1625f24e7,NEW_MATCH,0,,salvatore caruso,alexei popyrin,parma,sf,clay
2020-9190,Parma,Clay,33,C,,20201011,31,TD51,1,,Frances Tiafoe,R,188,USA,22.724,67,845,CE25,5,,Salvatore Caruso,R,185,ITA,27.822,85,742,6-3 3-6 6-4,3,F,,,,,,,,,,,,,,,,,,,,TennisMyLife,2020_challenger.csv,2020,2026-08-23T06:37:21.010456+00:00,1688,1b460bc56c14dd0e4b3f0f14761ab1c9,NEW_MATCH,0,,frances tiafoe,salvatore caruso,parma,f,clay
2020-9190,Parma,Clay,33,C,,20201011,32,TD51,1,,Frances Tiafoe,R,188,USA,22.724,67,845,CE25,5,,Salvatore Caruso,R,185,ITA,27.822,85,742,6-3 3-6 6-4,3,F,121,5,1,88,49,31,23,14,5,8,3,0,81,45,29,18,14,4,8,TennisMyLife,2020_challenger.csv,2020,2026-08-23T06:37:21.010456+00:00,1689,7f98eacbd228c8025676a663f998a4cf,NEW_MATCH,0,,frances tiafoe,salvatore caruso,parma,f,clay
2020-9414,Parma,Hard,32,C,,20201011,1,BK24,1,,Gregoire Barrere,R,183,FRA,26.65,103,647,KD87,,,Evgeny Karlovskiy,R,191,RUS,26.179,257,202,7-6(8) 7-6(5),3,R32,103,7,2,87,56,45,16,12,3,4,8,4,88,63,48,13,12,7,8,TennisMyLife,2020_challenger.csv,2020,2026-08-23T06:37:21.010456+00:00,1690,a879ccf27ba4de95ef2b40e766373e59,NEW_MATCH,0,,gregoire barrere,evgeny karlovskiy,parma,r32,hard
2020-9414,Parma,Hard,32,C,,20201011,2,K834,,,Blaz Kavcic,R,188,SLO,33.604,298,148,W09G,3,,J.J. Wolf,R,183,USA,21.807,120,492,6-3 2-0 RET,3,R32,,6,2,32,24,19,3,5,0,0,7,5,48,26,18,7,6,6,9,TennisMyLife,2020_challenger.csv,2020,2026-08-23T06:37:21.010456+00:00,1691,15254b5c3e3b883ab50a44795b821fb3,NEW_MATCH,0,,blaz kavcic,j j wolf,parma,r32,hard
2020-9414,Parma,Hard,32,C,,20201011,3,M0EJ,4,,Lorenzo Musetti,R,185,ITA,18.609,138,416,O423,,,Fabrizio Ornago,R,191,ITA,28.465,417,86,6-3 7-5,3,R32,,6,1,62,36,26,15,11,3,5,2,2,58,39,24,8,10,3,7,TennisMyLife,2020_challenger.csv,2020,2026-08-23T06:37:21.010456+00:00,1692,2acf76410194eaaaffb7dd8b04d134f5,NEW_MATCH,0,,lorenzo musetti,fabrizio ornago,parma,r32,hard
2020-9414,Parma,Hard,32,C,,20201011,4,HB64,,,Quentin Halys,R,191,FRA,23.959,202,274,GB53,5,,Federico Gaio,R,178,ITA,28.602,132,444,6-7(5) 7-6(2) 6-4,3,R32,,27,14,139,74,63,28,17,10,11,7,5,125,78,55,23,17,4,6,TennisMyLife,2020_challenger.csv,2020,2026-08-23T06:37:21.010456+00:00,1693,533c0f6622cadc14bcd9ecce00c9ef77,NEW_MATCH,0,,quentin halys,federico gaio,parma,r32,hard
2020-9414,Parma,Hard,32,C,,20201011,5,LB66,,,Constant Lestienne,R,180,FRA,28.386,225,240,MM66,6,,Nikola Milojevic,R,188,SRB,25.314,144,392,7-6(7) 7-5,3,R32,105,10,4,83,49,39,20,12,2,3,10,1,78,52,42,11,12,5,7,TennisMyLife,2020_challenger.csv,2020,2026-08-23T06:37:21.010456+00:00,1694,ef17eb49627ee5ae8d8d4570761c3aaa,NEW_MATCH,0,,constant lestienne,nikola milojevic,parma,r32,hard
2020-9414,Parma,Hard,32,C,,20201011,6,SK94,7,,Cedrik-Marcel Stebe,L,180,GER,30.007,133,441,PH64,,,Andrea Pellegrino,R,185,ITA,23.554,296,149,3-6 6-4 6-4,3,R32,,10,1,85,58,42,17,14,3,4,14,4,95,68,48,13,15,2,4,TennisMyLife,2020_challenger.csv,2020,2026-08-23T06:37:21.010456+00:00,1695,7bea6fd45e9744233c0448e3ada7852f,NEW_MATCH,0,,cedrik marcel stebe,andrea pellegrino,parma,r32,hard
2020-9414,Parma,Hard,32,C,,20201011,7,C0BC,8,,Maxime Cressy,R,201,USA,23.428,159,362,J620,,,Maxime Janvier,R,196,FRA,23.981,204,270,6-2 6-4,3,R32,64,12,3,41,31,30,6,9,0,0,8,4,68,48,33,6,9,4,7,TennisMyLife,2020_challenger.csv,2020,2026-08-23T06:37:21.010456+00:00,1696,648072441226ee5f628bde2f905ba944,NEW_MATCH,0,,maxime cressy,maxime janvier,parma,r32,hard
2020-9414,Parma,Hard,32,C,,20201011,8,A622,,,Andrea Arnaboldi,L,180,ITA,32.791,286,160,J267,,,Malek Jaziri,R,185,TUN,36.726,252,205,6-3 6-4,3,R32,66,7,2,50,29,24,14,10,1,2,7,3,59,41,24,8,9,3,6,TennisMyLife,2020_challenger.csv,2020,2026-08-23T06:37:21.010456+00:00,1697,9eff343f277c66fc08aa26bd1a6e4723,NEW_MATCH,0,,andrea arnaboldi,malek jaziri,parma,r32,hard
2020-9414,Parma,Hard,32,C,,20201011,9,BK19,,,Mathias Bourgue,R,188,FRA,26.73,211,254,R0DG,,,Holger Rune,R,188,DEN,17.454,576,45,7-6(5) 6-1,3,R32,,14,2,48,33,28,11,9,0,1,1,3,58,37,26,7,10,2,6,TennisMyLife,2020_challenger.csv,2020,2026-08-23T06:37:21.010456+00:00,1698,646a27363d9e94c671915bbfd59ae94c,NEW_MATCH,0,,mathias bourgue,holger rune,parma,r32,hard
2020-9414,Parma,Hard,32,C,,20201011,10,BI23,,,Liam Broady,L,183,GBR,26.768,207,260,KD70,,,Pedja Krstin,R,183,SRB,26.105,255,203,6-2 6-4,3,R32,70,12,1,48,30,26,11,9,1,1,5,7,72,38,28,12,9,8,11,TennisMyLife,2020_challenger.csv,2020,2026-08-23T06:37:21.010456+00:00,1699,b549c59551effe239959c6eb02af4a12,NEW_MATCH,0,,liam broady,pedja krstin,parma,r32,hard
2020-9414,Parma,Hard,32,C,,20201011,11,CG33,,,Kimmer Coppejans,R,178,BEL,26.675,163,353,G0GD,,,Matteo Gigante,L,180,ITA,18.768,870,15,5-7 6-3 6-3,3,R32,,10,1,84,57,46,12,15,4,6,4,5,85,54,39,15,15,5,9,TennisMyLife,2020_challenger.csv,2020,2026-08-23T06:37:21.010456+00:00,1700,13e985938159b4992de81aed50f11eb8,NEW_MATCH,0,,kimmer coppejans,matteo gigante,parma,r32,hard
2020-9414,Parma,Hard,32,C,,20201011,12,SN54,,,Frederico Ferreira Silva,L,178,POR,25.569,196,285,D0CO,,,Jack Draper,L,193,GBR,18.804,292,150,6-7(4) 6-4 7-5,3,R32,138,13,3,103,68,56,21,17,3,3,21,5,101,67,56,17,17,2,4,TennisMyLife,2020_challenger.csv,2020,2026-08-23T06:37:21.010456+00:00,1701,df96a08499fd55c448a241255619ab7d,NEW_MATCH,0,,frederico ferreira silva,jack draper,parma,r32,hard
2020-9414,Parma,Hard,32,C,,20201011,13,MJ01,,,Roberto Marcora,R,193,ITA,31.116,173,334,N679,,,Stefano Napolitano,R,196,ITA,25.503,268,182,6-3 6-4,3,R32,,7,0,56,37,30,11,10,2,2,2,5,49,31,24,6,9,0,2,TennisMyLife,2020_challenger.csv,2020,2026-08-23T06:37:21.010456+00:00,1702,64ad8cf3d2c57c5bb7c6b0f939d9b35d,NEW_MATCH,0,,roberto marcora,stefano napolitano,parma,r32,hard
2020-9414,Parma,Hard,32,C,,20201011,14,N0BG,,,Luca Nardi,R,185,ITA,17.183,916,13,Z0A1,,,Giulio Zeppieri,L,183,ITA,18.845,316,135,7-5 5-7 6-4,3,R32,,4,0,112,81,53,19,17,2,4,6,2,94,58,46,21,17,6,9,TennisMyLife,2020_challenger.csv,2020,2026-08-23T06:37:21.010456+00:00,1703,ee6d37a9e11833279d04f9dc493a8d8c,NEW_MATCH,0,,luca nardi,giulio zeppieri,parma,r32,hard
2020-9414,Parma,Hard,32,C,,20201011,15,V495,,,Luca Vanni,R,198,ITA,35.354,500,62,LC11,,,Tristan Lamasine,R,183,FRA,27.603,271,178,6-2 6-4,3,R32,85,9,2,55,29,26,12,9,1,1,4,4,58,43,30,4,9,4,7,TennisMyLife,2020_challenger.csv,2020,2026-08-23T06:37:21.010456+00:00,1704,9f89ca9c9dee619c2f1525a544bc8372,NEW_MATCH,0,,luca vanni,tristan lamasine,parma,r32,hard
2020-9414,Parma,Hard,32,C,,20201011,16,V490,,,Matteo Viola,R,185,ITA,33.265,229,233,PG20,,,Dmitry Popko,R,191,KAZ,23.964,171,336,6-4 1-0 RET,3,R32,43,2,0,31,22,17,7,6,0,0,5,2,27,8,8,9,5,2,3,TennisMyLife,2020_challenger.csv,2020,2026-08-23T06:37:21.010456+00:00,1705,e0f35e9b7130383245ff5173320a36fb,NEW_MATCH,0,,matteo viola,dmitry popko,parma,r32,hard
2020-9414,Parma,Hard,32,C,,20201011,17,A622,,,Andrea Arnaboldi,L,180,ITA,32.791,286,160,BK24,1,,Gregoire Barrere,R,183,FRA,26.65,103,647,4-6 6-2 6-2,3,R16,89,14,2,69,40,33,17,13,0,1,9,3,79,52,36,11,13,7,11,TennisMyLife,2020_challenger.csv,2020,2026-08-23T06:37:21.010456+00:00,1706,8f02b1920563a4cb6c0b97e9c0ba0912,NEW_MATCH,0,,andrea arnaboldi,gregoire barrere,parma,r16,hard
2020-9414,Parma,Hard,32,C,,20201011,18,MJ01,,,Roberto Marcora,R,193,ITA,31.116,173,334,M0EJ,4,,Lorenzo Musetti,R,185,ITA,18.609,138,416,3-6 6-3 6-4,3,R16,119,5,2,91,58,38,18,14,5,8,4,3,83,50,30,21,14,5,9,TennisMyLife,2020_challenger.csv,2020,2026-08-23T06:37:21.010456+00:00,1707,cc8e2882a6ed6dc690193b0399699eeb,NEW_MATCH,0,,roberto marcora,lorenzo musetti,parma,r16,hard
2020-9414,Parma,Hard,32,C,,20201011,19,SK94,7,,Cedrik-Marcel Stebe,L,180,GER,30.007,133,441,CG33,,,Kimmer Coppejans,R,178,BEL,26.675,163,353,7-6(3) 6-4,3,R16,102,12,0,72,46,34,14,11,1,2,4,1,86,55,40,11,11,10,12,TennisMyLife,2020_challenger.csv,2020,2026-08-23T06:37:21.010456+00:00,1708,7b059bcd9f6b83d39142e212db86e111,NEW_MATCH,0,,cedrik marcel stebe,kimmer coppejans,parma,r16,hard
2020-9414,Parma,Hard,32,C,,20201011,20,C0BC,8,,Maxime Cressy,R,201,USA,23.428,159,362,N0BG,,,Luca Nardi,R,185,ITA,17.183,916,13,6-3 7-6(4),3,R16,71,19,3,61,42,35,15,11,1,1,5,0,53,35,28,13,10,1,2,TennisMyLife,2020_challenger.csv,2020,2026-08-23T06:37:21.010456+00:00,1709,bdc8d608316cc86fc58360fa1791902f,NEW_MATCH,0,,maxime cressy,luca nardi,parma,r16,hard
2020-9414,Parma,Hard,32,C,,20201011,21,BI23,,,Liam Broady,L,183,GBR,26.768,207,260,K834,,,Blaz Kavcic,R,188,SLO,33.604,298,148,6-1 5-7 6-3,3,R16,125,9,1,100,72,49,15,14,6,8,7,2,75,50,32,14,14,3,8,TennisMyLife,2020_challenger.csv,2020,2026-08-23T06:37:21.010456+00:00,1710,722891705ca6ae2aa0512a2dc940dc81,NEW_MATCH,0,,liam broady,blaz kavcic,parma,r16,hard
2020-9414,Parma,Hard,32,C,,20201011,22,SN54,,,Frederico Ferreira Silva,L,178,POR,25.569,196,285,LB66,,,Constant Lestienne,R,180,FRA,28.386,225,240,W/O,3,R16,,,,,,,,,,,,,,,,,,,,TennisMyLife,2020_challenger.csv,2020,2026-08-23T06:37:21.010456+00:00,1711,400f008abf1b1bc9348b5fbc2935d0b0,NEW_MATCH,0,,frederico ferreira silva,constant lestienne,parma,r16,hard
2020-9414,Parma,Hard,32,C,,20201011,23,HB64,,,Quentin Halys,R,191,FRA,23.959,202,274,V490,,,Matteo Viola,R,185,ITA,33.265,229,233,4-6 6-3 7-6(4),3,R16,112,23,12,110,59,51,23,16,4,5,4,0,81,55,45,17,15,2,3,TennisMyLife,2020_challenger.csv,2020,2026-08-23T06:37:21.010456+00:00,1712,220fdd096083ebec8894768164420e28,NEW_MATCH,0,,quentin halys,matteo viola,parma,r16,hard
2020-9414,Parma,Hard,32,C,,20201011,24,V495,,,Luca Vanni,R,198,ITA,35.354,500,62,BK19,,,Mathias Bourgue,R,188,FRA,26.73,211,254,7-6(4) 2-6 7-6(6),3,R16,146,20,3,115,76,54,24,16,10,12,25,1,96,74,61,12,16,1,1,TennisMyLife,2020_challenger.csv,2020,2026-08-23T06:37:21.010456+00:00,1713,82d31c6eeaf96d18362f55cc4da2fe43,NEW_MATCH,0,,luca vanni,mathias bourgue,parma,r16,hard
2020-9414,Parma,Hard,32,C,,20201011,25,SK94,7,,Cedrik-Marcel Stebe,L,180,GER,30.007,133,441,MJ01,,,Roberto Marcora,R,193,ITA,31.116,173,334,6-2 6-2,3,QF,66,2,0,56,32,23,16,8,2,2,2,2,50,30,21,5,8,1,5,TennisMyLife,2020_challenger.csv,2020,2026-08-23T06:37:21.010456+00:00,1714,0776e0867dc2c44c2fe4420464e37e51,NEW_MATCH,0,,cedrik marcel stebe,roberto marcora,parma,qf,hard
2020-9414,Parma,Hard,32,C,,20201011,26,BI23,,,Liam Broady,L,183,GBR,26.768,207,260,C0BC,8,,Maxime Cressy,R,201,USA,23.428,159,362,7-6(3) 4-6 7-6(2),3,QF,135,12,1,110,78,59,21,17,6,7,27,6,91,70,59,13,17,0,0,TennisMyLife,2020_challenger.csv,2020,2026-08-23T06:37:21.010456+00:00,1715,e352d0d146586ebdf2b077de33ac3cf6,NEW_MATCH,0,,liam broady,maxime cressy,parma,qf,hard
2020-9414,Parma,Hard,32,C,,20201011,27,A622,,,Andrea Arnaboldi,L,180,ITA,32.791,286,160,SN54,,,Frederico Ferreira Silva,L,178,POR,25.569,196,285,3-6 6-3 6-4,3,QF,112,17,3,86,48,39,21,14,5,6,11,2,75,43,37,17,14,3,5,TennisMyLife,2020_challenger.csv,2020,2026-08-23T06:37:21.010456+00:00,1716,82e3849bb73aea4f3f9ddbfd2af2a2f7,NEW_MATCH,0,,andrea arnaboldi,frederico ferreira silva,parma,qf,hard
2020-9414,Parma,Hard,32,C,,20201011,28,HB64,,,Quentin Halys,R,191,FRA,23.959,202,274,V495,,,Luca Vanni,R,198,ITA,35.354,500,62,7-6(2) 7-6(4),3,QF,108,22,9,102,60,52,18,12,13,13,16,0,71,49,41,13,12,0,0,TennisMyLife,2020_challenger.csv,2020,2026-08-23T06:37:21.010456+00:00,1717,7fdf81cb5751b62b9327b4afdf6f1795,NEW_MATCH,0,,quentin halys,luca vanni,parma,qf,hard
2020-9414,Parma,Hard,32,C,,20201011,29,SK94,7,,Cedrik-Marcel Stebe,L,180,GER,30.007,133,441,HB64,,,Quentin Halys,R,191,FRA,23.959,202,274,5-7 6-3 6-3,3,SF,112,5,1,85,51,39,23,15,4,5,15,10,103,55,48,17,15,4,7,TennisMyLife,2020_challenger.csv,2020,2026-08-23T06:37:21.010456+00:00,1718,e39acb90e39ef72b90f725170483f179,NEW_MATCH,0,,cedrik marcel stebe,quentin halys,parma,sf,hard
2020-9414,Parma,Hard,32,C,,20201011,30,BI23,,,Liam Broady,L,183,GBR,26.768,207,260,A622,,,Andrea Arnaboldi,L,180,ITA,32.791,286,160,4-6 6-3 6-4,3,SF,115,15,0,81,55,41,19,15,2,4,10,1,78,48,36,18,14,2,5,TennisMyLife,2020_challenger.csv,2020,2026-08-23T06:37:21.010456+00:00,1719,2d2ae5166c070dff70348f15d682e671,NEW_MATCH,0,,liam broady,andrea arnaboldi,parma,sf,hard
2020-9414,Parma,Hard,32,C,,20201011,31,SK94,7,,Cedrik-Marcel Stebe,L,180,GER,30.007,133,441,BI23,,,Liam Broady,L,183,GBR,26.768,207,260,6-4 6-4,3,F,96,2,0,50,34,27,13,10,0,0,7,1,81,61,43,5,10,12,14,TennisMyLife,2020_challenger.csv,2020,2026-08-23T06:37:21.010456+00:00,1720,7ca448c72b9830e6225e99dd414f6aa0,NEW_MATCH,0,,cedrik marcel stebe,liam broady,parma,f,hard
2020-7742,Lisbon,Clay,32,C,,20201018,1,MU94,1,,Jaume Munar,R,183,ESP,23.455,112,563,O513,,,Sebastian Ofner,R,191,AUT,24.435,175,349,6-4 6-2,3,R32,66,1,3,43,23,19,15,9,0,1,1,3,63,35,22,12,9,6,10,TennisMyLife,2020_challenger.csv,2020,2026-08-23T06:37:21.010456+00:00,1721,2f30cc3819db56005b3fdf3d96e63516,NEW_MATCH,0,,jaume munar,sebastian ofner,lisbon,r32,clay
2020-7742,Lisbon,Clay,32,C,,20201018,2,S483,2,,Pedro Sousa,R,180,POR,32.394,111,569,E698,,,Gastao Elias,R,180,POR,29.9,432,81,6-7(5) 6-1 6-3,3,R32,135,0,1,84,53,38,15,14,1,5,2,3,98,40,24,23,14,7,15,TennisMyLife,2020_challenger.csv,2020,2026-08-23T06:37:21.010456+00:00,1722,1558e8f43624e83713d784abd26be3ff,NEW_MATCH,0,,pedro sousa,gastao elias,lisbon,r32,clay
2020-7742,Lisbon,Clay,32,C,,20201018,3,BT72,,,Nuno Borges,R,185,POR,23.661,500,63,D923,,,Damir Dzumhur,R,175,BIH,28.413,113,562,7-6(8) 6-1,3,R32,96,3,2,64,42,31,10,9,5,6,0,2,71,53,29,9,10,4,8,TennisMyLife,2020_challenger.csv,2020,2026-08-23T06:37:21.010456+00:00,1723,fad07537ba46ae186bbb08337fe0a174,NEW_MATCH,0,,nuno borges,damir dzumhur,lisbon,r32,clay
2020-7742,Lisbon,Clay,32,C,,20201018,4,L503,4,,Paolo Lorenzi,R,183,ITA,38.842,134,450,BV27,,,Ulises Blanch,R,188,USA,22.568,236,224,6-2 6-3,3,R32,93,2,4,59,35,28,14,9,5,5,1,3,55,29,19,13,8,1,4,TennisMyLife,2020_challenger.csv,2020,2026-08-23T06:37:21.010456+00:00,1724,a7886e36d6c5440172a18c3717da5063,NEW_MATCH,0,,paolo lorenzi,ulises blanch,lisbon,r32,clay
2020-7742,Lisbon,Clay,32,C,,20201018,5,GB53,5,,Federico Gaio,R,178,ITA,28.621,136,444,KH56,,,Zdenek Kolar,R,183,CZE,24.025,227,249,6-3 6-3,3,R32,74,3,0,44,27,21,15,9,0,0,1,3,64,34,22,13,9,4,7,TennisMyLife,2020_challenger.csv,2020,2026-08-23T06:37:21.010456+00:00,1725,1efbd835e8d0b1453926cfcb5b559863,NEW_MATCH,0,,federico gaio,zdenek kolar,lisbon,r32,clay
2020-7742,Lisbon,Clay,32,C,,20201018,6,GJ37,6,,Tallon Griekspoor,R,188,NED,24.296,144,416,LB66,,,Constant Lestienne,R,180,FRA,28.405,229,248,7-5 2-6 6-3,3,R32,140,0,2,76,51,38,12,14,1,4,9,4,113,59,38,26,15,11,15,TennisMyLife,2020_challenger.csv,2020,2026-08-23T06:37:21.010456+00:00,1726,56621610d8842eb67122acbb25ba5b54,NEW_MATCH,0,,tallon griekspoor,constant lestienne,lisbon,r32,clay
2020-7742,Lisbon,Clay,32,C,,20201018,7,O482,,,Gonzalo Oliveira,L,185,VEN,25.667,285,169,RA51,7,,Blaz Rola,L,193,SLO,30.037,147,409,1-6 7-6(2) 7-5,3,R32,163,3,0,98,68,45,17,15,4,8,8,2,103,69,49,17,16,9,12,TennisMyLife,2020_challenger.csv,2020,2026-08-23T06:37:21.010456+00:00,1727,895cc0f91e4b4df7bcbd16add2b8503b,NEW_MATCH,0,,gonzalo oliveira,blaz rola,lisbon,r32,clay
2020-7742,Lisbon,Clay,32,C,,20201018,8,BM95,,,Benjamin Bonzi,R,183,FRA,24.359,194,308,D985,8,,Joao Domingues,R,,POR,27.036,169,357,6-3 6-0,3,R32,57,6,2,53,33,26,12,8,2,2,1,0,39,24,14,4,7,0,4,TennisMyLife,2020_challenger.csv,2020,2026-08-23T06:37:21.010456+00:00,1728,ae0aa45acf549c7efd202d9706ef0ca2,NEW_MATCH,0,,benjamin bonzi,joao domingues,lisbon,r32,clay
2020-7742,Lisbon,Clay,32,C,,20201018,9,BT68,,,Elliot Benchetrit,R,193,MAR,22.045,225,249,O376,,,Renzo Olivo,R,178,ARG,28.594,212,269,6-3 7-6(7),3,R32,119,2,1,77,44,32,18,11,4,6,2,6,79,51,37,9,10,5,8,TennisMyLife,2020_challenger.csv,2020,2026-08-23T06:37:21.010456+00:00,1729,fad43d04c4aab7437d053b6387eedccc,NEW_MATCH,0,,elliot benchetrit,renzo olivo,lisbon,r32,clay
2020-7742,Lisbon,Clay,32,C,,20201018,10,CC32,,,Guilherme Clezar,R,180,BRA,27.797,270,188,J620,,,Maxime Janvier,R,196,FRA,24,206,281,7-6(8) 6-2,3,R32,100,2,3,67,43,32,15,10,3,4,8,4,68,48,33,9,10,1,4,TennisMyLife,2020_challenger.csv,2020,2026-08-23T06:37:21.010456+00:00,1730,1d1ca5c94d1160f18962c474ca65f6dc,NEW_MATCH,0,,guilherme clezar,maxime janvier,lisbon,r32,clay
2020-7742,Lisbon,Clay,32,C,,20201018,11,G983,,,Alessandro Giannessi,L,185,ITA,30.387,164,364,CF88,,,Roberto Cid Subervi,R,193,DOM,27.135,220,253,6-3 5-7 6-2,3,R32,128,9,5,98,60,47,17,15,4,6,2,3,68,45,33,10,14,1,5,TennisMyLife,2020_challenger.csv,2020,2026-08-23T06:37:21.010456+00:00,1731,caf9cac16b3be40325c174a1ce7a6e17,NEW_MATCH,0,,alessandro giannessi,roberto cid subervi,lisbon,r32,clay
2020-7742,Lisbon,Clay,32,C,,20201018,12,GH92,,,Borna Gojo,R,196,CRO,22.639,256,208,HB64,,,Quentin Halys,R,191,FRA,23.978,209,274,6-2 6-4,3,R32,83,2,3,52,31,24,14,9,0,0,5,4,60,34,25,8,9,5,8,TennisMyLife,2020_challenger.csv,2020,2026-08-23T06:37:21.010456+00:00,1732,aa7fefcae2a759e38ac9edbbe52dbe66,NEW_MATCH,0,,borna gojo,quentin halys,lisbon,r32,clay
2020-7742,Lisbon,Clay,32,C,,20201018,13,GF95,,,Hugo Grenier,R,196,FRA,24.572,248,211,BK19,,,Mathias Bourgue,R,188,FRA,26.749,214,255,5-7 6-0 6-1,3,R32,141,2,4,84,50,32,21,12,9,11,1,3,93,54,30,17,13,6,13,TennisMyLife,2020_challenger.csv,2020,2026-08-23T06:37:21.010456+00:00,1733,aa79c7b6de2111879da96a395596cf2a,NEW_MATCH,0,,hugo grenier,mathias bourgue,lisbon,r32,clay
2020-7742,Lisbon,Clay,32,C,,20201018,14,KC33,,,Dimitar Kuzmanov,R,183,BUL,27.225,298,149,SN54,,,Frederico Ferreira Silva,L,178,POR,25.588,198,298,7-5 6-3,3,R32,142,1,0,80,50,26,17,11,6,10,1,1,77,47,24,13,10,5,11,TennisMyLife,2020_challenger.csv,2020,2026-08-23T06:37:21.010456+00:00,1734,496c542b5cf8c7e772d48e27f77453d6,NEW_MATCH,0,,dimitar kuzmanov,frederico ferreira silva,lisbon,r32,clay
2020-7742,Lisbon,Clay,32,C,,20201018,15,MP20,,,Alexandre Muller,R,183,FRA,23.71,233,238,CI14,,,Jay Clarke,R,183,GBR,22.229,187,318,6-1 3-6 6-3,3,R32,109,3,1,67,43,31,13,13,1,5,4,2,69,43,25,9,12,4,10,TennisMyLife,2020_challenger.csv,2020,2026-08-23T06:37:21.010456+00:00,1735,73efb13683ee32150f70e1d8ab4fde71,NEW_MATCH,0,,alexandre muller,jay clarke,lisbon,r32,clay
2020-7742,Lisbon,Clay,32,C,,20201018,16,PG20,,,Dmitry Popko,R,191,KAZ,23.984,178,345,MN70,,,Joao Menezes,R,185,BRA,23.836,196,305,6-3 6-4,3,R32,139,1,4,70,40,26,14,10,4,7,2,1,88,61,29,14,9,12,17,TennisMyLife,2020_challenger.csv,2020,2026-08-23T06:37:21.010456+00:00,1736,05e881d2a0c4de4422e7d10ee8c83682,NEW_MATCH,0,,dmitry popko,joao menezes,lisbon,r32,clay
2020-7742,Lisbon,Clay,32,C,,20201018,17,MU94,1,,Jaume Munar,R,183,ESP,23.455,112,563,GH92,,,Borna Gojo,R,196,CRO,22.639,256,208,6-1 7-6(5),3,R16,103,2,3,61,45,29,8,9,5,7,1,2,78,53,25,13,10,4,9,TennisMyLife,2020_challenger.csv,2020,2026-08-23T06:37:21.010456+00:00,1737,d24bd6997e07e72d0074d79f5b825313,NEW_MATCH,0,,jaume munar,borna gojo,lisbon,r16,clay
2020-7742,Lisbon,Clay,32,C,,20201018,18,S483,2,,Pedro Sousa,R,180,POR,32.394,111,569,GF95,,,Hugo Grenier,R,196,FRA,24.572,248,211,7-5 6-0,3,R16,89,0,4,70,50,31,11,9,8,10,1,3,65,40,20,7,9,10,16,TennisMyLife,2020_challenger.csv,2020,2026-08-23T06:37:21.010456+00:00,1738,56d4b63f2a3ff33d205ddf2f9338ec81,NEW_MATCH,0,,pedro sousa,hugo grenier,lisbon,r16,clay
2020-7742,Lisbon,Clay,32,C,,20201018,19,G983,,,Alessandro Giannessi,L,185,ITA,30.387,164,364,L503,4,,Paolo Lorenzi,R,183,ITA,38.842,134,450,7-5 6-3,3,R16,117,4,1,53,35,28,11,10,0,1,2,2,85,52,33,15,11,12,16,TennisMyLife,2020_challenger.csv,2020,2026-08-23T06:37:21.010456+00:00,1739,59022d0aaeeab465d6e59f9a847269a5,NEW_MATCH,0,,alessandro giannessi,paolo lorenzi,lisbon,r16,clay
2020-7742,Lisbon,Clay,32,C,,20201018,20,GB53,5,,Federico Gaio,R,178,ITA,28.621,136,444,BT68,,,Elliot Benchetrit,R,193,MAR,22.045,225,249,6-4 7-5,3,R16,84,4,1,59,44,32,8,11,4,6,1,2,55,34,22,10,11,0,4,TennisMyLife,2020_challenger.csv,2020,2026-08-23T06:37:21.010456+00:00,1740,7ea9391b4e018064ddab8da0475fbf33,NEW_MATCH,0,,federico gaio,elliot benchetrit,lisbon,r16,clay
2020-7742,Lisbon,Clay,32,C,,20201018,21,MP20,,,Alexandre Muller,R,183,FRA,23.71,233,238,GJ37,6,,Tallon Griekspoor,R,188,NED,24.296,144,416,6-1 0-1 RET,3,R16,46,1,0,25,17,14,3,4,0,0,0,0,28,16,8,5,4,0,2,TennisMyLife,2020_challenger.csv,2020,2026-08-23T06:37:21.010456+00:00,1741,8f644a82e3ccf2a9e584a081ec2b8820,NEW_MATCH,0,,alexandre muller,tallon griekspoor,lisbon,r16,clay
2020-7742,Lisbon,Clay,32,C,,20201018,22,CC32,,,Guilherme Clezar,R,180,BRA,27.797,270,188,BT72,,,Nuno Borges,R,185,POR,23.661,500,63,6-3 7-6(5),3,R16,111,1,2,66,43,27,14,10,4,7,5,2,76,44,28,14,11,3,8,TennisMyLife,2020_challenger.csv,2020,2026-08-23T06:37:21.010456+00:00,1742,58638a42c5da78d1806f3b01dd2a58fb,NEW_MATCH,0,,guilherme clezar,nuno borges,lisbon,r16,clay
2020-7742,Lisbon,Clay,32,C,,20201018,23,KC33,,,Dimitar Kuzmanov,R,183,BUL,27.225,298,149,BM95,,,Benjamin Bonzi,R,183,FRA,24.359,194,308,7-5 6-2,3,R16,97,2,1,70,47,35,10,10,7,8,3,1,70,44,27,10,10,7,11,TennisMyLife,2020_challenger.csv,2020,2026-08-23T06:37:21.010456+00:00,1743,0cb4f8d347fd723dbaebb1b581debfcd,NEW_MATCH,0,,dimitar kuzmanov,benjamin bonzi,lisbon,r16,clay
2020-7742,Lisbon,Clay,32,C,,20201018,24,PG20,,,Dmitry Popko,R,191,KAZ,23.984,178,345,O482,,,Gonzalo Oliveira,L,185,VEN,25.667,285,169,6-2 6-2,3,R16,86,2,1,53,39,30,8,8,5,5,2,2,55,35,17,10,8,5,9,TennisMyLife,2020_challenger.csv,2020,2026-08-23T06:37:21.010456+00:00,1744,e172850a12746766a667c96d0597587a,NEW_MATCH,0,,dmitry popko,gonzalo oliveira,lisbon,r16,clay
2020-7742,Lisbon,Clay,32,C,,20201018,25,MU94,1,,Jaume Munar,R,183,ESP,23.455,112,563,MP20,,,Alexandre Muller,R,183,FRA,23.71,233,238,6-2 6-2,3,QF,73,0,1,49,32,26,9,8,2,2,2,1,46,30,18,6,8,4,8,TennisMyLife,2020_challenger.csv,2020,2026-08-23T06:37:21.010456+00:00,1745,8edcf8388c465b7d6344db3214457c4b,NEW_MATCH,0,,jaume munar,alexandre muller,lisbon,qf,clay
2020-7742,Lisbon,Clay,32,C,,20201018,26,S483,2,,Pedro Sousa,R,180,POR,32.394,111,569,PG20,,,Dmitry Popko,R,191,KAZ,23.984,178,345,7-5 6-2,3,QF,98,3,0,63,43,29,11,10,3,5,2,3,71,38,23,12,10,9,14,TennisMyLife,2020_challenger.csv,2020,2026-08-23T06:37:21.010456+00:00,1746,de9e3b8d7764597349fad624fe1c1805,NEW_MATCH,0,,pedro sousa,dmitry popko,lisbon,qf,clay
2020-7742,Lisbon,Clay,32,C,,20201018,27,GB53,5,,Federico Gaio,R,178,ITA,28.621,136,444,CC32,,,Guilherme Clezar,R,180,BRA,27.797,270,188,5-7 6-4 7-6(4),3,QF,178,11,2,117,74,50,23,17,8,13,3,3,111,62,45,23,17,8,13,TennisMyLife,2020_challenger.csv,2020,2026-08-23T06:37:21.010456+00:00,1747,0e898153de869bf1663a7a4e1d46e6bf,NEW_MATCH,0,,federico gaio,guilherme clezar,lisbon,qf,clay
2020-7742,Lisbon,Clay,32,C,,20201018,28,G983,,,Alessandro Giannessi,L,185,ITA,30.387,164,364,KC33,,,Dimitar Kuzmanov,R,183,BUL,27.225,298,149,6-4 6-3,3,QF,100,1,1,62,34,26,16,9,7,8,2,2,63,40,25,9,10,2,6,TennisMyLife,2020_challenger.csv,2020,2026-08-23T06:37:21.010456+00:00,1748,b296f8646e8ae080e2a814b7eafc5fdf,NEW_MATCH,0,,alessandro giannessi,dimitar kuzmanov,lisbon,qf,clay
2020-7742,Lisbon,Clay,32,C,,20201018,29,MU94,1,,Jaume Munar,R,183,ESP,23.455,112,563,GB53,5,,Federico Gaio,R,178,ITA,28.621,136,444,6-3 6-0,3,SF,73,0,2,51,32,27,9,8,1,1,0,2,54,32,16,11,7,5,9,TennisMyLife,2020_challenger.csv,2020,2026-08-23T06:37:21.010456+00:00,1749,692f0138e4caa43a05d04e1d84149163,NEW_MATCH,0,,jaume munar,federico gaio,lisbon,sf,clay
2020-7742,Lisbon,Clay,32,C,,20201018,30,S483,2,,Pedro Sousa,R,180,POR,32.394,111,569,G983,,,Alessandro Giannessi,L,185,ITA,30.387,164,364,6-4 6-4,3,SF,85,0,2,69,43,23,14,10,7,11,2,6,64,32,18,12,10,7,13,TennisMyLife,2020_challenger.csv,2020,2026-08-23T06:37:21.010456+00:00,1750,8e4f71bba14d63460f5726e7f1d0923f,NEW_MATCH,0,,pedro sousa,alessandro giannessi,lisbon,sf,clay
2020-7742,Lisbon,Clay,32,C,,20201018,31,MU94,1,,Jaume Munar,R,183,ESP,23.455,112,563,S483,2,,Pedro Sousa,R,180,POR,32.394,111,569,7-6(3) 6-2,3,F,79,0,1,61,41,29,11,10,1,3,0,2,61,41,21,12,10,2,6,TennisMyLife,2020_challenger.csv,2020,2026-08-23T06:37:21.010456+00:00,1751,4436b3660e358ea5a80f5e7bedda8ed0,NEW_MATCH,0,,jaume munar,pedro sousa,lisbon,f,clay
2020-7909,Alicante,Clay,32,C,,20201018,1,MO44,1,,Pedro Martinez,R,185,ESP,23.48,97,690,TA29,,,Marco Trungelliti,R,178,ARG,30.713,244,213,6-4 3-0 RET,3,R32,55,2,1,31,18,10,9,6,0,2,4,6,44,19,10,9,7,3,8,TennisMyLife,2020_challenger.csv,2020,2026-08-23T06:37:21.010456+00:00,1752,34deaf3aba45b1db4fb6b2be88cc9fd7,NEW_MATCH,0,,pedro martinez,marco trungelliti,alicante,r32,clay
2020-7909,Alicante,Clay,32,C,,20201018,2,J267,,,Malek Jaziri,R,185,TUN,36.745,251,209,V836,2,,Juan Pablo Varillas,R,185,PER,25.035,150,403,2-6 6-1 6-4,3,R32,134,5,1,86,46,34,24,13,7,9,4,3,89,52,32,19,12,3,6,TennisMyLife,2020_challenger.csv,2020,2026-08-23T06:37:21.010456+00:00,1753,9092981939c970949ae58afcf956fdd9,NEW_MATCH,0,,malek jaziri,juan pablo varillas,alicante,r32,clay
2020-7909,Alicante,Clay,32,C,,20201018,3,Z419,3,,Bernabe Zapata Miralles,R,183,ESP,23.765,153,392,G0AV,,,Carlos Gimeno Valero,R,191,ESP,19.316,428,82,7-5 6-2,3,R32,88,0,2,59,46,27,6,10,2,6,2,8,63,44,23,5,10,7,14,TennisMyLife,2020_challenger.csv,2020,2026-08-23T06:37:21.010456+00:00,1754,9cd5a3c433cc1cdbe7d4703e946d5141,NEW_MATCH,0,,bernabe zapata miralles,carlos gimeno valero,alicante,r32,clay
2020-7909,Alicante,Clay,32,C,,20201018,4,FA43,,,Juan Pablo Ficovich,R,188,ARG,23.732,200,295,TE16,4,,Carlos Taberner,R,183,ESP,23.195,152,392,7-6(5) 6-3,3,R32,109,5,2,60,28,22,24,10,5,6,3,6,81,37,24,24,11,5,8,TennisMyLife,2020_challenger.csv,2020,2026-08-23T06:37:21.010456+00:00,1755,fda2de5bf3d6c78e7e74b7e3369c336e,NEW_MATCH,0,,juan pablo ficovich,carlos taberner,alicante,r32,clay
2020-7909,Alicante,Clay,32,C,,20201018,5,CA33,,,Inigo Cervantes,R,180,ESP,30.883,582,44,BI81,5,,Alex Bolt,L,183,AUS,27.784,159,380,1-6 7-5 6-3,3,R32,152,2,6,102,52,32,21,14,12,18,1,4,101,60,36,17,14,9,15,TennisMyLife,2020_challenger.csv,2020,2026-08-23T06:37:21.010456+00:00,1756,287d8fa3c23b9ddeff6b4deb2f0a94d4,NEW_MATCH,0,,inigo cervantes,alex bolt,alicante,r32,clay
2020-7909,Alicante,Clay,32,C,,20201018,6,GE33,6,,Daniel Elahi Galan,R,191,COL,24.334,128,469,CC66,,,Andrea Collarini,L,183,ARG,28.715,193,310,6-4 6-3,3,R32,102,4,0,67,45,32,12,10,4,5,1,3,65,40,27,10,9,9,12,TennisMyLife,2020_challenger.csv,2020,2026-08-23T06:37:21.010456+00:00,1757,ae94d476016559c586167b2977f8dc56,NEW_MATCH,0,,daniel elahi galan,andrea collarini,alicante,r32,clay
2020-7909,Alicante,Clay,32,C,,20201018,7,BI23,,,Liam Broady,L,183,GBR,26.787,203,292,GA79,7,,Lorenzo Giustino,R,180,ITA,29.106,140,426,7-5 6-3,3,R32,121,3,3,78,46,33,16,11,4,6,1,1,64,35,24,13,10,4,8,TennisMyLife,2020_challenger.csv,2020,2026-08-23T06:37:21.010456+00:00,1758,fac1bae3872fd76aee4f2677304c0d79,NEW_MATCH,0,,liam broady,lorenzo giustino,alicante,r32,clay
2020-7909,Alicante,Clay,32,C,,20201018,8,KI74,,,Nicola Kuhn,R,185,GER,20.58,246,212,I165,8,,Denis Istomin,R,185,UZB,34.114,176,348,7-6(5) 6-3,3,R32,110,0,1,78,52,32,13,11,6,9,1,0,70,38,25,14,10,5,9,TennisMyLife,2020_challenger.csv,2020,2026-08-23T06:37:21.010456+00:00,1759,f2f35abab94cbd646b8fb35c7358ea0f,NEW_MATCH,0,,nicola kuhn,denis istomin,alicante,r32,clay
2020-7909,Alicante,Clay,32,C,,20201018,9,A0E2,,,Carlos Alcaraz,R,183,ESP,17.457,158,384,RB56,,,Ramkumar Ramanathan,R,188,IND,25.944,207,278,7-6(4) 7-6(3),3,R32,106,0,3,73,47,32,15,12,0,3,3,6,78,39,24,22,12,0,3,TennisMyLife,2020_challenger.csv,2020,2026-08-23T06:37:21.010456+00:00,1760,1acdcbed1effccab5e2eec40d9397ec1,NEW_MATCH,0,,carlos alcaraz,ramkumar ramanathan,alicante,r32,clay
2020-7909,Alicante,Clay,32,C,,20201018,10,BS86,,,Tomas Barrios Vera,R,191,CHI,22.856,274,177,R419,,,Tommy Robredo,R,180,ESP,38.467,215,255,6-3 6-3,3,R32,80,2,1,53,37,24,7,9,5,8,0,2,53,28,12,11,9,3,9,TennisMyLife,2020_challenger.csv,2020,2026-08-23T06:37:21.010456+00:00,1761,63493e04599dd03adad3924a20c22364,NEW_MATCH,0,,tomas barrios vera,tommy robredo,alicante,r32,clay
2020-7909,Alicante,Clay,32,C,,20201018,11,D916,,,Steven Diez,R,175,CAN,29.591,174,350,RB60,,,Oriol Roca Batalla,R,175,ESP,27.469,360,112,6-1 7-5,3,R32,108,2,0,66,41,30,11,10,3,5,2,3,67,39,21,11,9,6,11,TennisMyLife,2020_challenger.csv,2020,2026-08-23T06:37:21.010456+00:00,1762,26eaced165ec3231d984f7025ae6512d,NEW_MATCH,0,,steven diez,oriol roca batalla,alicante,r32,clay
2020-7909,Alicante,Clay,32,C,,20201018,12,G476,,,Guillermo Garcia-Lopez,R,185,ESP,37.374,222,251,N0AE,,,Brandon Nakashima,R,188,USA,19.209,202,292,6-4 6-3,3,R32,91,2,3,58,31,24,14,9,2,3,2,3,59,45,27,7,10,5,9,TennisMyLife,2020_challenger.csv,2020,2026-08-23T06:37:21.010456+00:00,1763,46902bca4af0daef6dcdb3a03663f640,NEW_MATCH,0,,guillermo garcia lopez,brandon nakashima,alicante,r32,clay
2020-7909,Alicante,Clay,32,C,,20201018,13,M0FH,,,Tomas Machac,R,183,CZE,20.014,218,253,PB22,,,Peter Polansky,R,183,CAN,32.342,211,270,6-1 6-1,3,R32,56,2,1,38,25,21,7,7,0,0,2,5,46,23,12,8,7,6,11,TennisMyLife,2020_challenger.csv,2020,2026-08-23T06:37:21.010456+00:00,1764,37dff3a6481db7549f4aa6c79eea3b5d,NEW_MATCH,0,,tomas machac,peter polansky,alicante,r32,clay
2020-7909,Alicante,Clay,32,C,,20201018,14,M0EA,,,Pol Martin Tiffon,R,183,ESP,21.221,560,49,BV25,,,Javier Barranco Cosano,L,180,ESP,21.919,312,140,7-5 2-6 7-6(4),3,R32,147,0,9,108,65,46,23,16,7,11,0,1,96,76,50,13,16,3,6,TennisMyLife,2020_challenger.csv,2020,2026-08-23T06:37:21.010456+00:00,1765,f4921fb205f45211edfe24eda1a01bc2,NEW_MATCH,0,,pol martin tiffon,javier barranco cosano,alicante,r32,clay
2020-7909,Alicante,Clay,32,C,,20201018,15,V824,,,Mario Vilella Martinez,R,178,ESP,25.295,188,317,B0HF,,,Diego Augusto Barreto Sanchez,L,183,ESP,18.502,1067,8,6-3 6-2,3,R32,95,7,4,64,38,32,12,9,4,4,1,3,64,33,20,14,8,3,6,TennisMyLife,2020_challenger.csv,2020,2026-08-23T06:37:21.010456+00:00,1766,83ac028e384170dd44ee128171bcda47,NEW_MATCH,0,,mario vilella martinez,diego augusto barreto sanchez,alicante,r32,clay
2020-7909,Alicante,Clay,32,C,,20201018,16,V832,,,Aleksandar Vukic,R,188,AUS,24.534,186,319,CG94,,,Enzo Couacaud,R,183,FRA,25.634,204,287,6-2 6-1,3,R32,67,4,1,51,32,24,10,7,5,5,3,3,57,25,17,12,8,4,9,TennisMyLife,2020_challenger.csv,2020,2026-08-23T06:37:21.010456+00:00,1767,97d37c48467809b7f9de619d5694bd24,NEW_MATCH,0,,aleksandar vukic,enzo couacaud,alicante,r32,clay
2020-7909,Alicante,Clay,32,C,,20201018,17,MO44,1,,Pedro Martinez,R,185,ESP,23.48,97,690,G476,,,Guillermo Garcia-Lopez,R,185,ESP,37.374,222,251,6-4 6-0,3,R16,77,3,1,46,34,27,7,8,1,1,1,2,55,31,16,10,8,3,7,TennisMyLife,2020_challenger.csv,2020,2026-08-23T06:37:21.010456+00:00,1768,21fb5de87a6522126e9117c3141f561a,NEW_MATCH,0,,pedro martinez,guillermo garcia lopez,alicante,r16,clay
2020-7909,Alicante,Clay,32,C,,20201018,18,Z419,3,,Bernabe Zapata Miralles,R,183,ESP,23.765,153,392,M0EA,,,Pol Martin Tiffon,R,183,ESP,21.221,560,49,6-3 7-5,3,R16,92,0,0,66,47,31,6,11,5,9,1,2,64,43,22,8,10,8,14,TennisMyLife,2020_challenger.csv,2020,2026-08-23T06:37:21.010456+00:00,1769,c94967aa50d7a36967f570f37030af9f,NEW_MATCH,0,,bernabe zapata miralles,pol martin tiffon,alicante,r16,clay
2020-7909,Alicante,Clay,32,C,,20201018,19,A0E2,,,Carlos Alcaraz,R,183,ESP,17.457,158,384,GE33,6,,Daniel Elahi Galan,R,191,COL,24.334,128,469,6-1 3-6 6-3,3,R16,120,0,2,89,64,42,16,13,5,6,4,0,78,45,30,15,12,5,8,TennisMyLife,2020_challenger.csv,2020,2026-08-23T06:37:21.010456+00:00,1770,e25e0227a828b29f5e5bd1b9c8f2908d,NEW_MATCH,0,,carlos alcaraz,daniel elahi galan,alicante,r16,clay
2020-7909,Alicante,Clay,32,C,,20201018,20,D916,,,Steven Diez,R,175,CAN,29.591,174,350,KI74,,,Nicola Kuhn,R,185,GER,20.58,246,212,6-1 6-2,3,R16,57,1,1,42,32,25,8,8,1,1,1,1,34,25,9,5,7,0,4,TennisMyLife,2020_challenger.csv,2020,2026-08-23T06:37:21.010456+00:00,1771,a447ac42dfc35a7e20ee227fced1669e,NEW_MATCH,0,,steven diez,nicola kuhn,alicante,r16,clay
2020-7909,Alicante,Clay,32,C,,20201018,21,FA43,,,Juan Pablo Ficovich,R,188,ARG,23.732,200,295,BS86,,,Tomas Barrios Vera,R,191,CHI,22.856,274,177,6-3 6-0,3,R16,72,4,2,50,27,23,13,8,1,1,2,1,51,26,14,10,7,8,12,TennisMyLife,2020_challenger.csv,2020,2026-08-23T06:37:21.010456+00:00,1772,49602d40911d59d2f8711152ae89e7a1,NEW_MATCH,0,,juan pablo ficovich,tomas barrios vera,alicante,r16,clay
2020-7909,Alicante,Clay,32,C,,20201018,22,M0FH,,,Tomas Machac,R,183,CZE,20.014,218,253,BI23,,,Liam Broady,L,183,GBR,26.787,203,292,6-3 6-2,3,R16,86,2,3,61,31,18,17,8,12,14,1,3,51,30,18,5,9,2,8,TennisMyLife,2020_challenger.csv,2020,2026-08-23T06:37:21.010456+00:00,1773,c3f5bddc3578eaffdbd82a4269da5eb2,NEW_MATCH,0,,tomas machac,liam broady,alicante,r16,clay
2020-7909,Alicante,Clay,32,C,,20201018,23,V824,,,Mario Vilella Martinez,R,178,ESP,25.295,188,317,J267,,,Malek Jaziri,R,185,TUN,36.745,251,209,6-3 6-2,3,R16,83,7,3,65,41,27,14,9,4,5,1,3,64,33,20,13,8,3,7,TennisMyLife,2020_challenger.csv,2020,2026-08-23T06:37:21.010456+00:00,1774,7d1c9f106905428bc582b4f0ab4991ec,NEW_MATCH,0,,mario vilella martinez,malek jaziri,alicante,r16,clay
2020-7909,Alicante,Clay,32,C,,20201018,24,V832,,,Aleksandar Vukic,R,188,AUS,24.534,186,319,CA33,,,Inigo Cervantes,R,180,ESP,30.883,582,44,6-1 6-1,3,R16,68,3,0,55,30,22,14,7,3,3,2,1,40,18,10,4,7,1,6,TennisMyLife,2020_challenger.csv,2020,2026-08-23T06:37:21.010456+00:00,1775,aebe84f2aa52782335b8fe412b21535d,NEW_MATCH,0,,aleksandar vukic,inigo cervantes,alicante,r16,clay
2020-7909,Alicante,Clay,32,C,,20201018,25,MO44,1,,Pedro Martinez,R,185,ESP,23.48,97,690,M0FH,,,Tomas Machac,R,183,CZE,20.014,218,253,6-4 1-6 6-2,3,QF,124,0,4,76,53,30,13,12,4,8,2,5,87,46,27,20,13,5,10,TennisMyLife,2020_challenger.csv,2020,2026-08-23T06:37:21.010456+00:00,1776,bda7565d4c1aefbecfe66283cb91f0ed,NEW_MATCH,0,,pedro martinez,tomas machac,alicante,qf,clay
2020-7909,Alicante,Clay,32,C,,20201018,26,Z419,3,,Bernabe Zapata Miralles,R,183,ESP,23.765,153,392,V832,,,Aleksandar Vukic,R,188,AUS,24.534,186,319,6-1 4-6 6-1,3,QF,95,4,2,78,55,37,14,12,4,6,4,0,72,41,27,12,12,2,8,TennisMyLife,2020_challenger.csv,2020,2026-08-23T06:37:21.010456+00:00,1777,80bf4e1dd24376ea1df48a872ad30994,NEW_MATCH,0,,bernabe zapata miralles,aleksandar vukic,alicante,qf,clay
2020-7909,Alicante,Clay,32,C,,20201018,27,A0E2,,,Carlos Alcaraz,R,183,ESP,17.457,158,384,FA43,,,Juan Pablo Ficovich,R,188,ARG,23.732,200,295,3-6 6-4 6-2,3,QF,143,0,0,96,77,39,12,14,7,12,1,5,86,39,25,19,13,6,12,TennisMyLife,2020_challenger.csv,2020,2026-08-23T06:37:21.010456+00:00,1778,11555ead4a63b3516b71a76e9e942542,NEW_MATCH,0,,carlos alcaraz,juan pablo ficovich,alicante,qf,clay
2020-7909,Alicante,Clay,32,C,,20201018,28,V824,,,Mario Vilella Martinez,R,178,ESP,25.295,188,317,D916,,,Steven Diez,R,175,CAN,29.591,174,350,6-3 6-2,3,QF,97,6,2,57,40,27,10,9,4,5,1,4,74,41,21,16,8,6,10,TennisMyLife,2020_challenger.csv,2020,2026-08-23T06:37:21.010456+00:00,1779,1d5697b12a2439259a8c062fe8736d84,NEW_MATCH,0,,mario vilella martinez,steven diez,alicante,qf,clay
2020-7909,Alicante,Clay,32,C,,20201018,29,MO44,1,,Pedro Martinez,R,185,ESP,23.48,97,690,Z419,3,,Bernabe Zapata Miralles,R,183,ESP,23.765,153,392,6-4 2-6 6-3,3,SF,154,2,5,104,72,37,16,13,9,15,3,2,82,62,31,8,14,1,8,TennisMyLife,2020_challenger.csv,2020,2026-08-23T06:37:21.010456+00:00,1780,00db82c3bb8489595582f5e96d051be3,NEW_MATCH,0,,pedro martinez,bernabe zapata miralles,alicante,sf,clay
2020-7909,Alicante,Clay,32,C,,20201018,30,A0E2,,,Carlos Alcaraz,R,183,ESP,17.457,158,384,V824,,,Mario Vilella Martinez,R,178,ESP,25.295,188,317,1-6 6-3 6-4,3,SF,142,0,2,96,72,42,12,13,10,14,4,7,107,59,39,22,13,15,19,TennisMyLife,2020_challenger.csv,2020,2026-08-23T06:37:21.010456+00:00,1781,379aef349fa7b22c61d7fa184bc90e25,NEW_MATCH,0,,carlos alcaraz,mario vilella martinez,alicante,sf,clay
2020-7909,Alicante,Clay,32,C,,20201018,31,A0E2,,,Carlos Alcaraz,R,183,ESP,17.457,158,384,MO44,1,,Pedro Martinez,R,185,ESP,23.48,97,690,7-6(6) 6-3,3,F,103,0,3,75,55,35,11,11,5,8,1,1,59,35,21,11,10,2,6,TennisMyLife,2020_challenger.csv,2020,2026-08-23T06:37:21.010456+00:00,1782,6ff85a3a44a7bb9c86bb0f36fa3c53e9,NEW_MATCH,0,,carlos alcaraz,pedro martinez,alicante,f,clay
2020-7083,Istanbul,Hard,32,C,,20201025,1,MU94,2,,Jaume Munar,R,183,ESP,23.474,108,623,Y218,,,Elias Ymer,R,185,SWE,24.542,197,307,6-3 6-3,3,R32,92,0,3,73,40,26,16,9,5,7,2,2,55,29,15,12,9,1,6,TennisMyLife,2020_challenger.csv,2020,2026-08-23T06:37:21.010456+00:00,1783,62f1933fb4e47f88ca13c5cf28116462,NEW_MATCH,0,,jaume munar,elias ymer,istanbul,r32,hard
2020-7083,Istanbul,Hard,32,C,,20201025,2,GH92,,,Borna Gojo,R,196,CRO,22.658,245,218,DA81,3,,Taro Daniel,R,191,JPN,27.743,121,516,2-6 7-6(4) 7-6(3),3,R32,168,7,7,116,77,52,16,16,8,14,8,4,116,74,49,21,16,4,8,TennisMyLife,2020_challenger.csv,2020,2026-08-23T06:37:21.010456+00:00,1784,65364c0a27299613a0fbe9c27ac88264,NEW_MATCH,0,,borna gojo,taro daniel,istanbul,r32,hard
2020-7083,Istanbul,Hard,32,C,,20201025,3,BM95,,,Benjamin Bonzi,R,183,FRA,24.378,191,314,D864,4,,Evgeny Donskoy,R,185,RUS,30.464,118,530,6-2 4-1 RET,3,R32,67,4,3,44,25,23,7,7,2,2,1,2,50,28,16,8,6,3,6,TennisMyLife,2020_challenger.csv,2020,2026-08-23T06:37:21.010456+00:00,1785,afdf29ae3891091de3a14e3fa7b25664,NEW_MATCH,0,,benjamin bonzi,evgeny donskoy,istanbul,r32,hard
2020-7083,Istanbul,Hard,32,C,,20201025,4,J380,5,,Jason Jung,R,180,TPE,31.362,128,482,I165,,,Denis Istomin,R,185,UZB,34.133,177,348,2-2 RET,3,R32,26,0,0,13,7,3,3,2,1,2,0,1,17,10,4,4,2,2,3,TennisMyLife,2020_challenger.csv,2020,2026-08-23T06:37:21.010456+00:00,1786,7120469f6c39be08b52d7967b95fe6c6,NEW_MATCH,0,,jason jung,denis istomin,istanbul,r32,hard
2020-7083,Istanbul,Hard,32,C,,20201025,5,CH05,,,Altug Celikbilek,R,183,TUR,24.131,336,124,GA79,6,,Lorenzo Giustino,R,180,ITA,29.125,145,426,6-0 6-3,3,R32,69,2,6,74,45,30,13,8,4,5,2,8,39,21,14,2,7,2,7,TennisMyLife,2020_challenger.csv,2020,2026-08-23T06:37:21.010456+00:00,1787,81bc61ed2911404b58a30029df4b137c,NEW_MATCH,0,,altug celikbilek,lorenzo giustino,istanbul,r32,hard
2020-7083,Istanbul,Hard,32,C,,20201025,6,I305,7,,Ilya Ivashka,R,193,BLR,26.667,129,478,KI48,,,Ergi Kirkin,R,180,TUR,21.744,503,63,6-2 6-4,3,R32,82,2,0,50,33,26,9,9,2,3,1,1,70,38,24,11,9,12,16,TennisMyLife,2020_challenger.csv,2020,2026-08-23T06:37:21.010456+00:00,1788,8ac4c0ca5fb90fdcb570cb01c29d93ae,NEW_MATCH,0,,ilya ivashka,ergi kirkin,istanbul,r32,hard
2020-7083,Istanbul,Hard,32,C,,20201025,7,MJ01,,,Roberto Marcora,R,193,ITA,31.154,179,343,SK47,8,,Mohamed Safwat,R,180,EGY,30.1,149,410,7-6(6) 6-0,3,R32,89,2,3,68,33,25,22,9,1,1,2,1,62,41,26,9,9,2,5,TennisMyLife,2020_challenger.csv,2020,2026-08-23T06:37:21.010456+00:00,1789,fb63a28b60db0998818cf68edc1ec376,NEW_MATCH,0,,roberto marcora,mohamed safwat,istanbul,r32,hard
2020-7083,Istanbul,Hard,32,C,,20201025,8,CI14,,,Jay Clarke,R,183,GBR,22.248,189,318,SC77,,,Sergiy Stakhovsky,R,193,UKR,34.801,192,314,6-4 6-0,3,R32,75,0,1,49,20,14,20,8,2,3,3,2,50,30,15,7,8,4,9,TennisMyLife,2020_challenger.csv,2020,2026-08-23T06:37:21.010456+00:00,1790,183282909d893fbea8de34ba8beeb5b8,NEW_MATCH,0,,jay clarke,sergiy stakhovsky,istanbul,r32,hard
2020-7083,Istanbul,Hard,32,C,,20201025,9,I306,,,Cem Ilkel,R,185,TUR,25.18,215,257,BT68,,,Elliot Benchetrit,R,193,MAR,22.064,219,253,6-4 6-3,3,R32,80,3,2,51,25,19,13,9,0,2,4,1,69,38,24,10,10,5,10,TennisMyLife,2020_challenger.csv,2020,2026-08-23T06:37:21.010456+00:00,1791,9f382ab295fbb06ca8717e05ba292e4f,NEW_MATCH,0,,cem ilkel,elliot benchetrit,istanbul,r32,hard
2020-7083,Istanbul,Hard,32,C,,20201025,10,J620,,,Maxime Janvier,R,196,FRA,24.019,206,281,GA36,,,Emilio Gomez,R,185,ECU,28.909,154,395,6-4 6-7(6) 7-5,3,R32,161,7,3,126,88,63,18,17,5,7,4,5,123,81,50,24,17,4,8,TennisMyLife,2020_challenger.csv,2020,2026-08-23T06:37:21.010456+00:00,1792,7122a21f797b3b088b5ecc66c0139af5,NEW_MATCH,0,,maxime janvier,emilio gomez,istanbul,r32,hard
2020-7083,Istanbul,Hard,32,C,,20201025,11,K966,,,Martin Klizan,L,191,SVK,31.291,168,359,ME89,,,Illya Marchenko,R,185,UKR,33.131,218,255,7-6(6) 6-3,3,R32,107,1,7,73,38,28,20,11,3,4,4,3,65,40,28,12,10,0,2,TennisMyLife,2020_challenger.csv,2020,2026-08-23T06:37:21.010456+00:00,1793,9c34f4b11fdf13ac4cda8f29581c1d7a,NEW_MATCH,0,,martin klizan,illya marchenko,istanbul,r32,hard
2020-7083,Istanbul,Hard,32,C,,20201025,12,LC11,,,Tristan Lamasine,R,183,FRA,27.641,272,187,PB22,,,Peter Polansky,R,183,CAN,32.361,211,270,4-6 6-2 7-5,3,R32,172,6,3,124,85,54,17,15,10,14,2,2,101,54,30,26,15,10,16,TennisMyLife,2020_challenger.csv,2020,2026-08-23T06:37:21.010456+00:00,1794,3d2055460213329c2c0d7f282516d815,NEW_MATCH,0,,tristan lamasine,peter polansky,istanbul,r32,hard
2020-7083,Istanbul,Hard,32,C,,20201025,13,MK66,,,Mackenzie McDonald,R,178,USA,25.528,223,252,G681,,,Teymuraz Gabashvili,R,185,GEO,35.425,271,188,6-4 6-1,3,R32,70,4,1,55,30,21,14,8,4,6,0,7,54,29,14,10,9,1,7,TennisMyLife,2020_challenger.csv,2020,2026-08-23T06:37:21.010456+00:00,1795,b8a1743fd6e82e5ea2f2028975f8a236,NEW_MATCH,0,,mackenzie mcdonald,teymuraz gabashvili,istanbul,r32,hard
2020-7083,Istanbul,Hard,32,C,,20201025,14,O513,,,Sebastian Ofner,R,191,AUT,24.454,176,349,K771,,,Marsel Ilhan,R,191,TUR,33.374,563,48,6-7(7) 6-4 6-4,3,R32,114,9,4,100,54,42,28,16,3,5,8,1,97,64,46,17,16,5,9,TennisMyLife,2020_challenger.csv,2020,2026-08-23T06:37:21.010456+00:00,1796,f36921ed499a18b281648cac687d3cc4,NEW_MATCH,0,,sebastian ofner,marsel ilhan,istanbul,r32,hard
2020-7083,Istanbul,Hard,32,C,,20201025,15,PG20,,,Dmitry Popko,R,191,KAZ,24.003,173,353,SN54,,,Frederico Ferreira Silva,L,178,POR,25.607,201,298,6-2 7-6(3),3,R32,129,4,3,72,38,22,22,10,3,5,1,2,79,54,30,12,10,10,14,TennisMyLife,2020_challenger.csv,2020,2026-08-23T06:37:21.010456+00:00,1797,284ade7b06f7254330badb8c947ebf5f,NEW_MATCH,0,,dmitry popko,frederico ferreira silva,istanbul,r32,hard
2020-7083,Istanbul,Hard,32,C,,20201025,16,SP80,,,Nino Serdarusic,R,191,CRO,23.866,292,159,V717,,,Alexey Vatutin,R,178,RUS,27.995,244,218,4-6 6-3 6-1,3,R32,112,6,2,78,44,33,13,13,5,9,0,3,80,61,30,7,13,3,10,TennisMyLife,2020_challenger.csv,2020,2026-08-23T06:37:21.010456+00:00,1798,7a5c9b469893209c0b0c37ef402021ba,NEW_MATCH,0,,nino serdarusic,alexey vatutin,istanbul,r32,hard
2020-7083,Istanbul,Hard,32,C,,20201025,17,PG20,,,Dmitry Popko,R,191,KAZ,24.003,173,353,MU94,2,,Jaume Munar,R,183,ESP,23.474,108,623,6-3 6-4,3,R16,92,2,7,72,51,36,8,10,9,11,1,5,47,20,15,10,9,0,4,TennisMyLife,2020_challenger.csv,2020,2026-08-23T06:37:21.010456+00:00,1799,07a3ea2f9bc8bcd5e6a647d12e5e12b3,NEW_MATCH,0,,dmitry popko,jaume munar,istanbul,r16,hard
2020-7083,Istanbul,Hard,32,C,,20201025,18,J380,5,,Jason Jung,R,180,TPE,31.362,128,482,LC11,,,Tristan Lamasine,R,183,FRA,27.641,272,187,6-0 6-3,3,R16,75,1,5,45,29,22,10,7,3,3,0,2,62,43,22,7,8,5,10,TennisMyLife,2020_challenger.csv,2020,2026-08-23T06:37:21.010456+00:00,1800,bdf88b0a3d95d53867527835e6da9886,NEW_MATCH,0,,jason jung,tristan lamasine,istanbul,r16,hard
2020-7083,Istanbul,Hard,32,C,,20201025,19,I305,7,,Ilya Ivashka,R,193,BLR,26.667,129,478,I306,,,Cem Ilkel,R,185,TUR,25.18,215,257,6-2 6-2,3,R16,66,3,1,51,34,26,8,8,4,5,2,4,45,21,11,7,8,3,8,TennisMyLife,2020_challenger.csv,2020,2026-08-23T06:37:21.010456+00:00,1801,bd6dcfd21f28850be201a32a640a068d,NEW_MATCH,0,,ilya ivashka,cem ilkel,istanbul,r16,hard
2020-7083,Istanbul,Hard,32,C,,20201025,20,BM95,,,Benjamin Bonzi,R,183,FRA,24.378,191,314,J620,,,Maxime Janvier,R,196,FRA,24.019,206,281,6-2 7-5,3,R16,76,5,0,52,38,30,11,10,0,0,7,1,74,51,35,9,10,6,9,TennisMyLife,2020_challenger.csv,2020,2026-08-23T06:37:21.010456+00:00,1802,6efd739681f95ef2fe01520119094c69,NEW_MATCH,0,,benjamin bonzi,maxime janvier,istanbul,r16,hard
2020-7083,Istanbul,Hard,32,C,,20201025,21,GH92,,,Borna Gojo,R,196,CRO,22.658,245,218,CI14,,,Jay Clarke,R,183,GBR,22.248,189,318,6-7(5) 7-5 6-2,3,R16,157,12,3,105,75,53,17,16,8,10,6,3,109,61,44,21,16,5,10,TennisMyLife,2020_challenger.csv,2020,2026-08-23T06:37:21.010456+00:00,1803,0d2b8347c24e89589350079a4304ab6b,NEW_MATCH,0,,borna gojo,jay clarke,istanbul,r16,hard
2020-7083,Istanbul,Hard,32,C,,20201025,22,K966,,,Martin Klizan,L,191,SVK,31.291,168,359,MJ01,,,Roberto Marcora,R,193,ITA,31.154,179,343,7-6(3) 6-1,3,R16,83,7,4,69,39,31,13,10,8,10,6,4,50,30,19,9,9,4,8,TennisMyLife,2020_challenger.csv,2020,2026-08-23T06:37:21.010456+00:00,1804,49cb42593e58a5818de6e8ecc591bced,NEW_MATCH,0,,martin klizan,roberto marcora,istanbul,r16,hard
2020-7083,Istanbul,Hard,32,C,,20201025,23,MK66,,,Mackenzie McDonald,R,178,USA,25.528,223,252,SP80,,,Nino Serdarusic,R,191,CRO,23.866,292,159,7-6(9) 6-3,3,R16,99,3,1,74,41,31,23,11,7,7,3,3,72,40,31,16,10,1,2,TennisMyLife,2020_challenger.csv,2020,2026-08-23T06:37:21.010456+00:00,1805,b4fa6f5a5a609316b67ee1684f04f552,NEW_MATCH,0,,mackenzie mcdonald,nino serdarusic,istanbul,r16,hard
2020-7083,Istanbul,Hard,32,C,,20201025,24,O513,,,Sebastian Ofner,R,191,AUT,24.454,176,349,CH05,,,Altug Celikbilek,R,183,TUR,24.131,336,124,4-6 7-5 6-3,3,R16,115,5,2,100,64,46,20,16,4,6,6,5,89,53,39,19,15,3,6,TennisMyLife,2020_challenger.csv,2020,2026-08-23T06:37:21.010456+00:00,1806,aca313ba83c6a7cdba051c8587d73a08,NEW_MATCH,0,,sebastian ofner,altug celikbilek,istanbul,r16,hard
2020-7083,Istanbul,Hard,32,C,,20201025,25,BM95,,,Benjamin Bonzi,R,183,FRA,24.378,191,314,J380,5,,Jason Jung,R,180,TPE,31.362,128,482,7-6(6) 6-2,3,QF,94,6,1,75,43,29,16,10,5,8,3,3,68,45,26,10,10,3,8,TennisMyLife,2020_challenger.csv,2020,2026-08-23T06:37:21.010456+00:00,1807,dac8f1d3849869f23ecab98e41f27281,NEW_MATCH,0,,benjamin bonzi,jason jung,istanbul,qf,hard
2020-7083,Istanbul,Hard,32,C,,20201025,26,I305,7,,Ilya Ivashka,R,193,BLR,26.667,129,478,PG20,,,Dmitry Popko,R,191,KAZ,24.003,173,353,6-4 6-0,3,QF,90,2,4,52,29,20,9,8,5,8,1,1,72,34,18,11,8,8,15,TennisMyLife,2020_challenger.csv,2020,2026-08-23T06:37:21.010456+00:00,1808,57156eb6052dc94fb5deb44b02647e3d,NEW_MATCH,0,,ilya ivashka,dmitry popko,istanbul,qf,hard
2020-7083,Istanbul,Hard,32,C,,20201025,27,GH92,,,Borna Gojo,R,196,CRO,22.658,245,218,O513,,,Sebastian Ofner,R,191,AUT,24.454,176,349,6-3 1-0 RET,3,QF,42,2,1,25,13,9,9,5,0,1,1,1,34,20,10,5,5,3,6,TennisMyLife,2020_challenger.csv,2020,2026-08-23T06:37:21.010456+00:00,1809,f57e4998fc9d6334679c81ffe0e68373,NEW_MATCH,0,,borna gojo,sebastian ofner,istanbul,qf,hard
2020-7083,Istanbul,Hard,32,C,,20201025,28,K966,,,Martin Klizan,L,191,SVK,31.291,168,359,MK66,,,Mackenzie McDonald,R,178,USA,25.528,223,252,4-6 6-4 6-3,3,QF,129,4,7,100,59,42,14,15,5,9,5,2,79,48,35,13,14,4,9,TennisMyLife,2020_challenger.csv,2020,2026-08-23T06:37:21.010456+00:00,1810,8969459140cf312cd977ea7c56a9b5b6,NEW_MATCH,0,,martin klizan,mackenzie mcdonald,istanbul,qf,hard
2020-7083,Istanbul,Hard,32,C,,20201025,29,I305,7,,Ilya Ivashka,R,193,BLR,26.667,129,478,BM95,,,Benjamin Bonzi,R,183,FRA,24.378,191,314,3-6 6-2 6-3,3,SF,118,4,2,81,47,35,17,13,1,4,5,6,101,56,34,20,13,12,17,TennisMyLife,2020_challenger.csv,2020,2026-08-23T06:37:21.010456+00:00,1811,d090a69a27262e61dbed50a5bf58af70,NEW_MATCH,0,,ilya ivashka,benjamin bonzi,istanbul,sf,hard
2020-7083,Istanbul,Hard,32,C,,20201025,30,K966,,,Martin Klizan,L,191,SVK,31.291,168,359,GH92,,,Borna Gojo,R,196,CRO,22.658,245,218,6-4 7-5,3,SF,90,2,4,64,34,22,18,11,4,7,9,6,59,30,21,12,11,1,6,TennisMyLife,2020_challenger.csv,2020,2026-08-23T06:37:21.010456+00:00,1812,b4ee0fae265ea3ce40c19d4e8b5dc449,NEW_MATCH,0,,martin klizan,borna gojo,istanbul,sf,hard
2020-7083,Istanbul,Hard,32,C,,20201025,31,I305,7,,Ilya Ivashka,R,193,BLR,26.667,129,478,K966,,,Martin Klizan,L,191,SVK,31.291,168,359,6-1 6-4,3,F,86,3,0,46,30,25,6,8,4,5,1,7,72,34,20,15,9,6,11,TennisMyLife,2020_challenger.csv,2020,2026-08-23T06:37:21.010456+00:00,1813,3b775cc25636c2e63fde50a22ddbb420,NEW_MATCH,0,,ilya ivashka,martin klizan,istanbul,f,hard
2020-7793,Ismaning,Hard,32,C,,20201025,1,SP24,,,Brayden Schnur,R,193,CAN,25.311,202,294,D874,1,,Federico Delbonis,L,193,ARG,30.056,76,816,6-4 6-7(2) 6-3,3,R32,117,16,4,102,71,58,15,16,6,6,14,4,83,60,49,12,15,5,7,TennisMyLife,2020_challenger.csv,2020,2026-08-23T06:37:21.010456+00:00,1814,bad87e82c47fb6a0366e9ae69d813581,NEW_MATCH,0,,brayden schnur,federico delbonis,ismaning,r32,hard
2020-7793,Ismaning,Hard,32,C,,20201025,2,H997,2,,Yannick Hanfmann,R,193,GER,28.95,95,720,MH16,,,Yannick Maden,R,185,GER,30.992,163,378,6-4 3-6 7-5,3,R32,123,16,5,89,56,38,16,15,8,12,2,4,101,69,46,11,16,8,13,TennisMyLife,2020_challenger.csv,2020,2026-08-23T06:37:21.010456+00:00,1815,17d787c1a09aa43eba66e59a01f037f0,NEW_MATCH,0,,yannick hanfmann,yannick maden,ismaning,r32,hard
2020-7793,Ismaning,Hard,32,C,,20201025,3,MN20,,,Daniel Masur,R,183,GER,25.969,256,209,BK24,3,,Gregoire Barrere,R,183,FRA,26.689,106,647,6-3 6-2,3,R32,54,6,1,45,30,27,10,9,0,0,2,3,53,29,21,9,8,3,6,TennisMyLife,2020_challenger.csv,2020,2026-08-23T06:37:21.010456+00:00,1816,da51d76e36e07e6165ddaff1e5c79856,NEW_MATCH,0,,daniel masur,gregoire barrere,ismaning,r32,hard
2020-7793,Ismaning,Hard,32,C,,20201025,4,HA71,4,,Antoine Hoang,R,183,FRA,24.975,134,464,T840,,,Viktor Troicki,R,193,SRB,34.705,196,308,4-6 7-5 6-1,3,R32,112,0,3,86,60,45,13,15,3,6,9,6,82,52,40,8,14,4,9,TennisMyLife,2020_challenger.csv,2020,2026-08-23T06:37:21.010456+00:00,1817,dbe3e1f26af08ad84d43b8062c1410e2,NEW_MATCH,0,,antoine hoang,viktor troicki,ismaning,r32,hard
2020-7793,Ismaning,Hard,32,C,,20201025,5,K0AH,5,,Sebastian Korda,R,196,USA,20.307,138,454,KH56,,,Zdenek Kolar,R,183,CZE,24.044,228,249,3-6 6-3 6-4,3,R32,106,16,2,87,63,42,11,14,5,9,2,1,90,69,44,6,14,3,8,TennisMyLife,2020_challenger.csv,2020,2026-08-23T06:37:21.010456+00:00,1818,6b311b5dae7d9de06166afb8755e25f6,NEW_MATCH,0,,sebastian korda,zdenek kolar,ismaning,r32,hard
2020-7793,Ismaning,Hard,32,C,,20201025,6,L949,6,,Henri Laaksonen,R,185,SUI,28.569,132,467,MO55,,,Lucas Miedler,R,183,AUT,24.345,300,149,6-4 7-5,3,R32,69,19,1,65,34,30,17,11,1,1,2,3,66,37,27,16,11,7,9,TennisMyLife,2020_challenger.csv,2020,2026-08-23T06:37:21.010456+00:00,1819,597281b48052d5373c577cec809acc06,NEW_MATCH,0,,henri laaksonen,lucas miedler,ismaning,r32,hard
2020-7793,Ismaning,Hard,32,C,,20201025,7,GA94,7,,Prajnesh Gunneswaran,L,188,IND,30.951,152,405,EA24,,,Tomas Martin Etcheverry,R,196,ARG,21.273,250,212,6-4 3-6 7-6(3),3,R32,145,6,1,85,47,38,25,15,3,4,13,0,121,84,54,24,16,15,16,TennisMyLife,2020_challenger.csv,2020,2026-08-23T06:37:21.010456+00:00,1820,a8fbae5a7f739e6aebdf00cd2936e851,NEW_MATCH,0,,prajnesh gunneswaran,tomas martin etcheverry,ismaning,r32,hard
2020-7793,Ismaning,Hard,32,C,,20201025,8,V812,,,Botic van de Zandschulp,R,191,NED,25.06,174,352,V836,8,,Juan Pablo Varillas,R,185,PER,25.054,153,403,6-0 6-1,3,R32,41,8,1,39,28,21,8,7,1,1,0,3,31,12,4,5,6,0,5,TennisMyLife,2020_challenger.csv,2020,2026-08-23T06:37:21.010456+00:00,1821,736fcd6f52edac0dfc6c387b7f1b1cfc,NEW_MATCH,0,,botic van de zandschulp,juan pablo varillas,ismaning,r32,hard
2020-7793,Ismaning,Hard,32,C,,20201025,9,HH06,,,Marc-Andrea Huesler,L,196,SUI,24.337,187,326,BA65,,,Dustin Brown,R,196,JAM,35.88,254,209,7-6(3) 4-6 7-6(5),3,R32,117,15,4,107,70,51,22,17,1,3,5,9,108,59,48,26,17,2,3,TennisMyLife,2020_challenger.csv,2020,2026-08-23T06:37:21.010456+00:00,1822,55db47eed841430fb66e0727a3a338dc,NEW_MATCH,0,,marc andrea huesler,dustin brown,ismaning,r32,hard
2020-7793,Ismaning,Hard,32,C,,20201025,10,K839,,,Tobias Kamke,R,178,GER,34.431,238,220,LB66,,,Constant Lestienne,R,180,FRA,28.424,230,248,6-4 6-2,3,R32,70,6,5,55,31,25,14,9,1,1,7,0,59,33,21,12,9,6,9,TennisMyLife,2020_challenger.csv,2020,2026-08-23T06:37:21.010456+00:00,1823,dfc3e5ac15329c9b1036c2f95bd8c3fc,NEW_MATCH,0,,tobias kamke,constant lestienne,ismaning,r32,hard
2020-7793,Ismaning,Hard,32,C,,20201025,11,L797,,,Lukas Lacko,R,188,SVK,32.977,188,322,R0ED,,,Max Hans Rehberg,R,183,GER,17.117,,,5-7 7-6(4) 6-1,3,R32,130,8,5,102,58,41,20,15,5,10,6,8,110,63,46,14,16,3,10,TennisMyLife,2020_challenger.csv,2020,2026-08-23T06:37:21.010456+00:00,1824,87f03baf640d0d2dce933a7454ead009,NEW_MATCH,0,,lukas lacko,max hans rehberg,ismaning,r32,hard
2020-7793,Ismaning,Hard,32,C,,20201025,12,LB51,,,Julian Lenz,R,188,GER,27.685,265,198,FA43,,,Juan Pablo Ficovich,R,188,ARG,23.751,199,304,5-7 7-5 6-4,3,R32,124,12,1,99,57,49,21,17,1,2,15,5,90,54,46,19,17,3,5,TennisMyLife,2020_challenger.csv,2020,2026-08-23T06:37:21.010456+00:00,1825,0dc14f318c71a3c0dd1944ee14fe5598,NEW_MATCH,0,,julian lenz,juan pablo ficovich,ismaning,r32,hard
2020-7793,Ismaning,Hard,32,C,,20201025,13,MN13,,,Maximilian Marterer,L,188,GER,25.363,264,198,TC12,,,Mikael Torpegaard,R,193,DEN,26.467,194,311,7-5 6-3,3,R32,69,12,1,62,39,31,14,11,2,3,6,5,62,32,23,12,10,4,7,TennisMyLife,2020_challenger.csv,2020,2026-08-23T06:37:21.010456+00:00,1826,ae461684041daa58f9ea08fb2961abcc,NEW_MATCH,0,,maximilian marterer,mikael torpegaard,ismaning,r32,hard
2020-7793,Ismaning,Hard,32,C,,20201025,14,RB56,,,Ramkumar Ramanathan,R,188,IND,25.963,207,278,HB64,,,Quentin Halys,R,191,FRA,23.997,209,274,7-6(5) 6-3,3,R32,73,17,5,80,50,42,14,11,5,5,14,6,55,36,30,12,10,0,1,TennisMyLife,2020_challenger.csv,2020,2026-08-23T06:37:21.010456+00:00,1827,d439f59149a59f0ebbe19382b3179900,NEW_MATCH,0,,ramkumar ramanathan,quentin halys,ismaning,r32,hard
2020-7793,Ismaning,Hard,32,C,,20201025,15,RH62,,,Mats Rosenkranz,L,193,GER,22.174,642,35,C0BC,,,Maxime Cressy,R,201,USA,23.466,164,374,7-5 7-6(3),3,R32,94,16,2,79,56,44,12,12,1,1,24,12,77,47,37,15,12,5,6,TennisMyLife,2020_challenger.csv,2020,2026-08-23T06:37:21.010456+00:00,1828,ef679c3ed5678dd74bb653d28d3389ca,NEW_MATCH,0,,mats rosenkranz,maxime cressy,ismaning,r32,hard
2020-7793,Ismaning,Hard,32,C,,20201025,16,V490,,,Matteo Viola,R,185,ITA,33.303,231,243,N0AE,,,Brandon Nakashima,R,188,USA,19.228,203,292,4-6 6-3 6-4,3,R32,128,4,4,92,64,44,15,15,5,8,4,1,108,66,44,19,14,12,16,TennisMyLife,2020_challenger.csv,2020,2026-08-23T06:37:21.010456+00:00,1829,5ceb67eead5e66b2738ba0035dcad153,NEW_MATCH,0,,matteo viola,brandon nakashima,ismaning,r32,hard
2020-7793,Ismaning,Hard,32,C,,20201025,17,K839,,,Tobias Kamke,R,178,GER,34.431,238,220,H997,2,,Yannick Hanfmann,R,193,GER,28.95,95,720,6-1 6-4,3,R16,73,2,2,65,32,25,19,9,5,5,6,5,54,33,20,9,8,3,6,TennisMyLife,2020_challenger.csv,2020,2026-08-23T06:37:21.010456+00:00,1830,d956a356574f892ed1d1db61b8ca2c70,NEW_MATCH,0,,tobias kamke,yannick hanfmann,ismaning,r16,hard
2020-7793,Ismaning,Hard,32,C,,20201025,18,HA71,4,,Antoine Hoang,R,183,FRA,24.975,134,464,V490,,,Matteo Viola,R,185,ITA,33.303,231,243,6-2 3-6 6-3,3,R16,103,2,1,69,55,44,8,13,0,1,1,6,81,46,32,18,13,3,6,TennisMyLife,2020_challenger.csv,2020,2026-08-23T06:37:21.010456+00:00,1831,a20ef970b6b68d7e9facf5080f68fedf,NEW_MATCH,0,,antoine hoang,matteo viola,ismaning,r16,hard
2020-7793,Ismaning,Hard,32,C,,20201025,19,K0AH,5,,Sebastian Korda,R,196,USA,20.307,138,454,LB51,,,Julian Lenz,R,188,GER,27.685,265,198,7-6(4) 6-3,3,R16,93,11,3,84,56,45,12,11,4,5,3,2,66,34,29,13,10,3,5,TennisMyLife,2020_challenger.csv,2020,2026-08-23T06:37:21.010456+00:00,1832,e870271ae90cc568adbf0eeab347181f,NEW_MATCH,0,,sebastian korda,julian lenz,ismaning,r16,hard
2020-7793,Ismaning,Hard,32,C,,20201025,20,MN13,,,Maximilian Marterer,L,188,GER,25.363,264,198,L949,6,,Henri Laaksonen,R,185,SUI,28.569,132,467,7-6(6) 6-2,3,R16,61,11,2,58,41,37,9,10,0,0,10,1,58,39,27,11,10,0,2,TennisMyLife,2020_challenger.csv,2020,2026-08-23T06:37:21.010456+00:00,1833,8c71b100b0401e3424156f19540a332f,NEW_MATCH,0,,maximilian marterer,henri laaksonen,ismaning,r16,hard
2020-7793,Ismaning,Hard,32,C,,20201025,21,GA94,7,,Prajnesh Gunneswaran,L,188,IND,30.951,152,405,L797,,,Lukas Lacko,R,188,SVK,32.977,188,322,6-4 5-7 6-4,3,R16,108,17,2,82,47,40,25,16,4,5,10,3,110,75,55,16,16,5,7,TennisMyLife,2020_challenger.csv,2020,2026-08-23T06:37:21.010456+00:00,1834,e9dbeb4ad0968a251563bdfd11bcee4e,NEW_MATCH,0,,prajnesh gunneswaran,lukas lacko,ismaning,r16,hard
2020-7793,Ismaning,Hard,32,C,,20201025,22,HH06,,,Marc-Andrea Huesler,L,196,SUI,24.337,187,326,SP24,,,Brayden Schnur,R,193,CAN,25.311,202,294,7-5 3-6 6-3,3,R16,108,15,3,90,60,47,15,15,3,5,12,5,87,58,47,12,15,4,7,TennisMyLife,2020_challenger.csv,2020,2026-08-23T06:37:21.010456+00:00,1835,6ff33b5e1ca3991567e30091f7dc8ad8,NEW_MATCH,0,,marc andrea huesler,brayden schnur,ismaning,r16,hard
2020-7793,Ismaning,Hard,32,C,,20201025,23,MN20,,,Daniel Masur,R,183,GER,25.969,256,209,RH62,,,Mats Rosenkranz,L,193,GER,22.174,642,35,6-4 6-3,3,R16,56,8,3,48,37,31,3,9,0,1,11,3,58,41,27,5,10,0,4,TennisMyLife,2020_challenger.csv,2020,2026-08-23T06:37:21.010456+00:00,1836,51c1eb2aff2f74110e59aa68607ce6ae,NEW_MATCH,0,,daniel masur,mats rosenkranz,ismaning,r16,hard
2020-7793,Ismaning,Hard,32,C,,20201025,24,V812,,,Botic van de Zandschulp,R,191,NED,25.06,174,352,RB56,,,Ramkumar Ramanathan,R,188,IND,25.963,207,278,6-2 6-2,3,R16,50,7,1,43,29,24,9,8,2,2,3,5,44,22,13,9,8,2,6,TennisMyLife,2020_challenger.csv,2020,2026-08-23T06:37:21.010456+00:00,1837,08a2599280023f93a1f3f4a79266de58,NEW_MATCH,0,,botic van de zandschulp,ramkumar ramanathan,ismaning,r16,hard
2020-7793,Ismaning,Hard,32,C,,20201025,25,HA71,4,,Antoine Hoang,R,183,FRA,24.975,134,464,MN13,,,Maximilian Marterer,L,188,GER,25.363,264,198,5-7 6-4 6-4,3,QF,120,2,3,98,78,55,11,16,6,8,18,2,90,63,49,13,16,2,5,TennisMyLife,2020_challenger.csv,2020,2026-08-23T06:37:21.010456+00:00,1838,9ae5318ec997c47222bd1e6258ab876f,NEW_MATCH,0,,antoine hoang,maximilian marterer,ismaning,qf,hard
2020-7793,Ismaning,Hard,32,C,,20201025,26,HH06,,,Marc-Andrea Huesler,L,196,SUI,24.337,187,326,K0AH,5,,Sebastian Korda,R,196,USA,20.307,138,454,6-4 6-4,3,QF,69,9,5,74,47,37,12,10,9,9,9,6,62,42,29,11,10,5,7,TennisMyLife,2020_challenger.csv,2020,2026-08-23T06:37:21.010456+00:00,1839,71030967246bc4bbd32fc84b00a13b5f,NEW_MATCH,0,,marc andrea huesler,sebastian korda,ismaning,qf,hard
2020-7793,Ismaning,Hard,32,C,,20201025,27,GA94,7,,Prajnesh Gunneswaran,L,188,IND,30.951,152,405,MN20,,,Daniel Masur,R,183,GER,25.969,256,209,7-5 6-7(9) 6-3,3,QF,145,14,3,115,73,56,25,17,6,7,13,0,118,72,51,25,16,8,11,TennisMyLife,2020_challenger.csv,2020,2026-08-23T06:37:21.010456+00:00,1840,80aaa62c614be3b6ef1febad398e4b5a,NEW_MATCH,0,,prajnesh gunneswaran,daniel masur,ismaning,qf,hard
2020-7793,Ismaning,Hard,32,C,,20201025,28,V812,,,Botic van de Zandschulp,R,191,NED,25.06,174,352,K839,,,Tobias Kamke,R,178,GER,34.431,238,220,6-3 3-6 7-6(9),3,QF,137,13,4,98,60,48,16,15,3,6,1,6,98,49,36,27,15,2,5,TennisMyLife,2020_challenger.csv,2020,2026-08-23T06:37:21.010456+00:00,1841,3eef0c9113d62798827eba7e23c93578,NEW_MATCH,0,,botic van de zandschulp,tobias kamke,ismaning,qf,hard
2020-7793,Ismaning,Hard,32,C,,20201025,29,HH06,,,Marc-Andrea Huesler,L,196,SUI,24.337,187,326,HA71,4,,Antoine Hoang,R,183,FRA,24.975,134,464,6-4 7-6(4),3,SF,87,9,1,74,46,36,17,11,3,4,3,4,67,46,37,9,11,3,5,TennisMyLife,2020_challenger.csv,2020,2026-08-23T06:37:21.010456+00:00,1842,b77ebf944714386db5a4a6890525e015,NEW_MATCH,0,,marc andrea huesler,antoine hoang,ismaning,sf,hard
2020-7793,Ismaning,Hard,32,C,,20201025,30,V812,,,Botic van de Zandschulp,R,191,NED,25.06,174,352,GA94,7,,Prajnesh Gunneswaran,L,188,IND,30.951,152,405,7-6(6) 6-1,3,SF,76,7,1,59,40,33,13,10,0,0,5,4,75,49,34,11,9,5,7,TennisMyLife,2020_challenger.csv,2020,2026-08-23T06:37:21.010456+00:00,1843,6842726d2695d35c58e9a235ce1a4874,NEW_MATCH,0,,botic van de zandschulp,prajnesh gunneswaran,ismaning,sf,hard
2020-7793,Ismaning,Hard,32,C,,20201025,31,HH06,,,Marc-Andrea Huesler,L,196,SUI,24.337,187,326,V812,,,Botic van de Zandschulp,R,191,NED,25.06,174,352,6-7(3) 7-6(2) 7-5,3,F,137,19,3,115,77,55,21,18,2,4,16,8,119,77,62,19,18,5,8,TennisMyLife,2020_challenger.csv,2020,2026-08-23T06:37:21.010456+00:00,1844,8b813643ef9d946cf6cf7e34b231900c,NEW_MATCH,0,,marc andrea huesler,botic van de zandschulp,ismaning,f,hard
2020-7878,Marbella,Clay,32,C,,20201026,1,G0AV,,,Carlos Gimeno Valero,R,191,ESP,19.337,434,82,CE77,1,,Federico Coria,R,180,ARG,28.632,89,757,6-4 6-1,3,R32,70,2,4,53,43,31,4,8,0,0,2,2,54,33,20,9,9,1,5,TennisMyLife,2020_challenger.csv,2020,2026-08-23T06:37:21.010456+00:00,1845,6e4c9a9200f21ff32210ec6a8bb63b3b,NEW_MATCH,0,,carlos gimeno valero,federico coria,marbella,r32,clay
2020-7878,Marbella,Clay,32,C,,20201026,2,MO44,2,,Pedro Martinez,R,185,ESP,23.502,93,730,V824,,,Mario Vilella Martinez,R,178,ESP,25.317,183,339,6-2 6-1,3,R32,71,2,3,36,24,22,7,7,1,1,1,3,66,37,19,12,8,6,11,TennisMyLife,2020_challenger.csv,2020,2026-08-23T06:37:21.010456+00:00,1846,d2962144c0519f8c785e4a85cc36dbba,NEW_MATCH,0,,pedro martinez,mario vilella martinez,marbella,r32,clay
2020-7878,Marbella,Clay,32,C,,20201026,3,ML57,3,,Gianluca Mager,R,188,ITA,25.903,96,717,G983,,,Alessandro Giannessi,L,185,ITA,30.409,163,386,2-6 6-1 6-2,3,R32,86,6,3,69,44,30,10,12,4,8,2,5,66,38,22,12,11,3,9,TennisMyLife,2020_challenger.csv,2020,2026-08-23T06:37:21.010456+00:00,1847,3c09ac8b4549243035751c363cade7a1,NEW_MATCH,0,,gianluca mager,alessandro giannessi,marbella,r32,clay
2020-7878,Marbella,Clay,32,C,,20201026,4,KI82,,,Vit Kopriva,R,178,CZE,23.365,323,131,CF59,4,,Roberto Carballes Baena,R,183,ESP,27.595,100,694,7-6(3) 6-2,3,R32,104,7,2,74,45,31,17,10,2,3,1,1,60,36,25,10,10,2,5,TennisMyLife,2020_challenger.csv,2020,2026-08-23T06:37:21.010456+00:00,1848,e978046941818e1eb23c426bc8853ec2,NEW_MATCH,0,,vit kopriva,roberto carballes baena,marbella,r32,clay
2020-7878,Marbella,Clay,32,C,,20201026,5,D985,,,Joao Domingues,R,,POR,27.058,174,357,MF35,5,,Andrej Martin,R,183,SVK,31.099,102,686,6-3 3-6 7-6(7),3,R32,133,0,0,96,73,43,7,15,5,12,0,3,89,67,40,7,15,3,10,TennisMyLife,2020_challenger.csv,2020,2026-08-23T06:37:21.010456+00:00,1849,d27ff075645e7b11c511875312b040d9,NEW_MATCH,0,,joao domingues,andrej martin,marbella,r32,clay
2020-7878,Marbella,Clay,32,C,,20201026,6,MU94,6,,Jaume Munar,R,183,ESP,23.477,108,623,BI47,,,Riccardo Bonadio,R,180,ITA,27.288,284,173,7-6(3) 5-7 6-3,3,R32,183,7,3,126,87,58,21,17,6,9,1,0,119,71,43,28,16,6,9,TennisMyLife,2020_challenger.csv,2020,2026-08-23T06:37:21.010456+00:00,1850,d584c8951a85efd703dc0139e74c8f06,NEW_MATCH,0,,jaume munar,riccardo bonadio,marbella,r32,clay
2020-7878,Marbella,Clay,32,C,,20201026,7,MP20,,,Alexandre Muller,R,183,FRA,23.732,226,250,S483,7,,Pedro Sousa,R,180,POR,32.416,110,610,6-3 6-4,3,R32,70,6,2,60,43,35,6,10,2,3,2,1,53,29,20,10,9,3,6,TennisMyLife,2020_challenger.csv,2020,2026-08-23T06:37:21.010456+00:00,1851,bc1d36affcb68146bd14b7affad7002f,NEW_MATCH,0,,alexandre muller,pedro sousa,marbella,r32,clay
2020-7878,Marbella,Clay,32,C,,20201026,8,CI14,,,Jay Clarke,R,183,GBR,22.251,189,326,KC04,8,,Jozef Kovalik,R,183,SVK,27.975,126,491,6-3 7-5,3,R32,110,5,3,74,41,29,14,10,7,9,2,4,65,36,22,13,11,3,8,TennisMyLife,2020_challenger.csv,2020,2026-08-23T06:37:21.010456+00:00,1852,c946f72dc841e5076013f382a3451c62,NEW_MATCH,0,,jay clarke,jozef kovalik,marbella,r32,clay
2020-7878,Marbella,Clay,32,C,,20201026,9,BT68,,,Elliot Benchetrit,R,193,MAR,22.067,221,253,R0DG,,,Holger Rune,R,188,DEN,17.495,550,52,1-6 6-4 6-4,3,R32,117,4,1,88,44,32,17,14,5,11,1,2,70,49,31,8,13,2,7,TennisMyLife,2020_challenger.csv,2020,2026-08-23T06:37:21.010456+00:00,1853,77f8d875f41ab831ef9ad9cd53a2d6bb,NEW_MATCH,0,,elliot benchetrit,holger rune,marbella,r32,clay
2020-7878,Marbella,Clay,32,C,,20201026,10,D916,,,Steven Diez,R,175,CAN,29.613,173,358,G985,,,Carlos Gomez-Herrera,R,191,ESP,30.491,355,114,6-2 6-3,3,R32,87,5,0,52,35,26,9,8,4,5,3,2,57,30,17,11,9,1,6,TennisMyLife,2020_challenger.csv,2020,2026-08-23T06:37:21.010456+00:00,1854,f38d7e2e3ca77b5361bc4843fe96d06a,NEW_MATCH,0,,steven diez,carlos gomez herrera,marbella,r32,clay
2020-7878,Marbella,Clay,32,C,,20201026,11,GB53,,,Federico Gaio,R,178,ITA,28.643,136,466,KI74,,,Nicola Kuhn,R,185,GER,20.602,244,219,6-3 4-6 6-4,3,R32,156,2,1,95,62,39,18,15,8,12,2,2,109,70,42,18,14,12,17,TennisMyLife,2020_challenger.csv,2020,2026-08-23T06:37:21.010456+00:00,1855,5fd97ecdfe46d002d205dea336d47bf7,NEW_MATCH,0,,federico gaio,nicola kuhn,marbella,r32,clay
2020-7878,Marbella,Clay,32,C,,20201026,12,GE33,,,Daniel Elahi Galan,R,191,COL,24.356,132,471,PH64,,,Andrea Pellegrino,R,185,ITA,23.595,274,186,6-3 6-2,3,R32,73,4,2,59,36,21,12,9,2,5,0,3,56,34,15,8,8,6,12,TennisMyLife,2020_challenger.csv,2020,2026-08-23T06:37:21.010456+00:00,1856,0f532f4ff8680014ce21a70db19f7c21,NEW_MATCH,0,,daniel elahi galan,andrea pellegrino,marbella,r32,clay
2020-7878,Marbella,Clay,32,C,,20201026,13,GA79,,,Lorenzo Giustino,R,180,ITA,29.128,146,426,A0E2,,,Carlos Alcaraz,R,183,ESP,17.478,138,464,3-6 7-5 6-4,3,R32,145,2,3,103,54,40,16,16,8,14,1,2,94,72,42,10,15,7,13,TennisMyLife,2020_challenger.csv,2020,2026-08-23T06:37:21.010456+00:00,1857,acc73dc5d79f5c127d250d197f9cd23b,NEW_MATCH,0,,lorenzo giustino,carlos alcaraz,marbella,r32,clay
2020-7878,Marbella,Clay,32,C,,20201026,14,RA51,,,Blaz Rola,L,193,SLO,30.059,152,409,J620,,,Maxime Janvier,R,196,FRA,24.022,206,284,4-6 6-2 6-4,3,R32,126,5,1,91,64,41,15,14,6,9,0,6,95,63,39,16,14,6,11,TennisMyLife,2020_challenger.csv,2020,2026-08-23T06:37:21.010456+00:00,1858,a2f5e87eb6225c89fb7c876b59920f10,NEW_MATCH,0,,blaz rola,maxime janvier,marbella,r32,clay
2020-7878,Marbella,Clay,32,C,,20201026,15,TE16,,,Carlos Taberner,R,183,ESP,23.217,158,392,RB56,,,Ramkumar Ramanathan,R,188,IND,25.966,205,285,3-6 7-5 7-6(4),3,R32,157,2,3,100,65,46,22,16,7,10,11,12,116,69,54,19,17,7,10,TennisMyLife,2020_challenger.csv,2020,2026-08-23T06:37:21.010456+00:00,1859,e5166252152a18d623ced7140f6ff610,NEW_MATCH,0,,carlos taberner,ramkumar ramanathan,marbella,r32,clay
2020-7878,Marbella,Clay,32,C,,20201026,16,Z419,,,Bernabe Zapata Miralles,R,183,ESP,23.786,150,414,R419,,,Tommy Robredo,R,180,ESP,38.489,219,255,6-0 3-0 RET,3,R32,34,1,0,25,22,18,2,5,0,0,1,1,30,23,9,1,4,3,7,TennisMyLife,2020_challenger.csv,2020,2026-08-23T06:37:21.010456+00:00,1860,84976aa80555f63fb297486279f01383,NEW_MATCH,0,,bernabe zapata miralles,tommy robredo,marbella,r32,clay
2020-7878,Marbella,Clay,32,C,,20201026,17,MO44,2,,Pedro Martinez,R,185,ESP,23.502,93,730,BT68,,,Elliot Benchetrit,R,193,MAR,22.067,221,253,7-5 6-3,3,R16,98,0,4,65,44,33,7,10,2,4,1,0,66,42,26,8,11,3,8,TennisMyLife,2020_challenger.csv,2020,2026-08-23T06:37:21.010456+00:00,1861,556b4c156a4b91196018687e153588d0,NEW_MATCH,0,,pedro martinez,elliot benchetrit,marbella,r16,clay
2020-7878,Marbella,Clay,32,C,,20201026,18,GE33,,,Daniel Elahi Galan,R,191,COL,24.356,132,471,ML57,3,,Gianluca Mager,R,188,ITA,25.903,96,717,4-6 7-5 6-1,3,R16,111,7,1,86,52,42,19,15,3,4,6,2,78,46,31,21,14,2,5,TennisMyLife,2020_challenger.csv,2020,2026-08-23T06:37:21.010456+00:00,1862,30d8a807aa096b68c9b3e403a0665610,NEW_MATCH,0,,daniel elahi galan,gianluca mager,marbella,r16,clay
2020-7878,Marbella,Clay,32,C,,20201026,19,MU94,6,,Jaume Munar,R,183,ESP,23.477,108,623,GA79,,,Lorenzo Giustino,R,180,ITA,29.128,146,426,6-1 6-3,3,R16,69,1,1,47,38,31,4,8,3,3,0,1,55,31,18,11,8,3,7,TennisMyLife,2020_challenger.csv,2020,2026-08-23T06:37:21.010456+00:00,1863,871ac091c68ccf4762889d33428057ff,NEW_MATCH,0,,jaume munar,lorenzo giustino,marbella,r16,clay
2020-7878,Marbella,Clay,32,C,,20201026,20,G0AV,,,Carlos Gimeno Valero,R,191,ESP,19.337,434,82,D916,,,Steven Diez,R,175,CAN,29.613,173,358,6-3 6-3,3,R16,75,1,1,57,54,38,1,9,4,5,1,2,57,32,19,10,9,2,6,TennisMyLife,2020_challenger.csv,2020,2026-08-23T06:37:21.010456+00:00,1864,e0a54e4dc9597161af67d6d2ed44760b,NEW_MATCH,0,,carlos gimeno valero,steven diez,marbella,r16,clay
2020-7878,Marbella,Clay,32,C,,20201026,21,KI82,,,Vit Kopriva,R,178,CZE,23.365,323,131,GB53,,,Federico Gaio,R,178,ITA,28.643,136,466,3-6 7-6(1) 6-4,3,R16,186,2,2,126,66,42,30,15,14,19,4,0,102,59,40,18,16,5,10,TennisMyLife,2020_challenger.csv,2020,2026-08-23T06:37:21.010456+00:00,1865,0869421cbe5547f7c8c7f1d97c55b4d9,NEW_MATCH,0,,vit kopriva,federico gaio,marbella,r16,clay
2020-7878,Marbella,Clay,32,C,,20201026,22,MP20,,,Alexandre Muller,R,183,FRA,23.732,226,250,Z419,,,Bernabe Zapata Miralles,R,183,ESP,23.786,150,414,6-4 6-4,3,R16,101,2,1,69,50,34,12,10,3,4,0,1,69,44,26,13,10,4,7,TennisMyLife,2020_challenger.csv,2020,2026-08-23T06:37:21.010456+00:00,1866,6f632a2dd992cd71b2ff05bda584e30f,NEW_MATCH,0,,alexandre muller,bernabe zapata miralles,marbella,r16,clay
2020-7878,Marbella,Clay,32,C,,20201026,23,RA51,,,Blaz Rola,L,193,SLO,30.059,152,409,D985,,,Joao Domingues,R,,POR,27.058,174,357,6-3 6-3,3,R16,89,3,3,59,31,24,17,9,3,3,2,6,75,49,30,12,9,5,8,TennisMyLife,2020_challenger.csv,2020,2026-08-23T06:37:21.010456+00:00,1867,02a1be47e9a58a11c3be2b35cd151aaf,NEW_MATCH,0,,blaz rola,joao domingues,marbella,r16,clay
2020-7878,Marbella,Clay,32,C,,20201026,24,TE16,,,Carlos Taberner,R,183,ESP,23.217,158,392,CI14,,,Jay Clarke,R,183,GBR,22.251,189,326,7-6(2) 1-6 6-3,3,R16,169,1,3,87,55,39,18,14,8,11,7,4,114,67,44,24,14,11,13,TennisMyLife,2020_challenger.csv,2020,2026-08-23T06:37:21.010456+00:00,1868,82668400acac33ac6a2b3d4dd3563031,NEW_MATCH,0,,carlos taberner,jay clarke,marbella,r16,clay
2020-7878,Marbella,Clay,32,C,,20201026,25,MO44,2,,Pedro Martinez,R,185,ESP,23.502,93,730,RA51,,,Blaz Rola,L,193,SLO,30.059,152,409,7-6(4) 4-6 6-3,3,QF,171,0,2,110,80,52,17,16,15,19,7,4,104,66,45,19,15,6,10,TennisMyLife,2020_challenger.csv,2020,2026-08-23T06:37:21.010456+00:00,1869,197d9f0a7b937b924782b8982d86475f,NEW_MATCH,0,,pedro martinez,blaz rola,marbella,qf,clay
2020-7878,Marbella,Clay,32,C,,20201026,26,MU94,6,,Jaume Munar,R,183,ESP,23.477,108,623,KI82,,,Vit Kopriva,R,178,CZE,23.365,323,131,6-1 7-5,3,QF,109,0,1,58,43,32,7,10,0,1,4,3,77,46,24,16,9,10,14,TennisMyLife,2020_challenger.csv,2020,2026-08-23T06:37:21.010456+00:00,1870,96132cf76dbafe59da98182d2a400e65,NEW_MATCH,0,,jaume munar,vit kopriva,marbella,qf,clay
2020-7878,Marbella,Clay,32,C,,20201026,27,MP20,,,Alexandre Muller,R,183,FRA,23.732,226,250,G0AV,,,Carlos Gimeno Valero,R,191,ESP,19.337,434,82,6-4 6-0,3,QF,80,3,1,50,33,23,5,8,3,6,0,5,61,47,21,1,8,10,17,TennisMyLife,2020_challenger.csv,2020,2026-08-23T06:37:21.010456+00:00,1871,4ae4474e4fb3ccda7d80451f654cb8d2,NEW_MATCH,0,,alexandre muller,carlos gimeno valero,marbella,qf,clay
2020-7878,Marbella,Clay,32,C,,20201026,28,TE16,,,Carlos Taberner,R,183,ESP,23.217,158,392,GE33,,,Daniel Elahi Galan,R,191,COL,24.356,132,471,5-7 6-4 6-4,3,QF,167,3,4,107,67,42,21,16,7,11,6,3,107,60,41,22,16,5,10,TennisMyLife,2020_challenger.csv,2020,2026-08-23T06:37:21.010456+00:00,1872,19026151b8aba39240d7f6c79fb43adb,NEW_MATCH,0,,carlos taberner,daniel elahi galan,marbella,qf,clay
2020-7878,Marbella,Clay,32,C,,20201026,29,MO44,2,,Pedro Martinez,R,185,ESP,23.502,93,730,TE16,,,Carlos Taberner,R,183,ESP,23.217,158,392,6-4 6-2,3,SF,91,2,1,58,36,23,14,9,6,8,3,1,47,29,16,6,9,1,6,TennisMyLife,2020_challenger.csv,2020,2026-08-23T06:37:21.010456+00:00,1873,63c004b8cf2fad26dcd9d6ef93fe66e3,NEW_MATCH,0,,pedro martinez,carlos taberner,marbella,sf,clay
2020-7878,Marbella,Clay,32,C,,20201026,30,MU94,6,,Jaume Munar,R,183,ESP,23.477,108,623,MP20,,,Alexandre Muller,R,183,FRA,23.732,226,250,6-4 6-4,3,SF,88,1,3,63,46,33,6,10,6,8,1,1,53,38,22,7,10,1,5,TennisMyLife,2020_challenger.csv,2020,2026-08-23T06:37:21.010456+00:00,1874,1cf565f3f8c041d244b22d6be7fab254,NEW_MATCH,0,,jaume munar,alexandre muller,marbella,sf,clay
2020-7878,Marbella,Clay,32,C,,20201026,31,MO44,2,,Pedro Martinez,R,185,ESP,23.502,93,730,MU94,6,,Jaume Munar,R,183,ESP,23.477,108,623,7-6(4) 6-2,3,F,139,0,2,85,65,38,12,10,7,9,3,2,73,58,33,5,10,3,7,TennisMyLife,2020_challenger.csv,2020,2026-08-23T06:37:21.010456+00:00,1875,7c83e124f32cd8deba400676b3ab21fd,NEW_MATCH,0,,pedro martinez,jaume munar,marbella,f,clay
2020-8297,Hamburg,Hard,32,C,,20201026,1,MQ75,1,,Kamil Majchrzak,R,183,POL,24.786,105,652,MJ01,,,Roberto Marcora,R,193,ITA,31.157,181,344,6-3 6-3,3,R32,71,3,0,51,31,28,11,9,2,2,2,3,59,36,24,9,9,1,4,TennisMyLife,2020_challenger.csv,2020,2026-08-23T06:37:21.010456+00:00,1876,9c16bb7ddeed64ddb7b38724bf9d6287,NEW_MATCH,0,,kamil majchrzak,roberto marcora,hamburg,r32,hard
2020-8297,Hamburg,Hard,32,C,,20201026,2,DA81,2,,Taro Daniel,R,191,JPN,27.745,122,516,RC91,,,Arthur Rinderknech,R,196,FRA,25.262,175,354,6-3 3-6 6-4,3,R32,118,6,1,80,51,38,17,14,5,7,12,2,79,51,36,15,14,2,5,TennisMyLife,2020_challenger.csv,2020,2026-08-23T06:37:21.010456+00:00,1877,059ea1cd7a5a8bb838b20c20c00cf0c3,NEW_MATCH,0,,taro daniel,arthur rinderknech,hamburg,r32,hard
2020-8297,Hamburg,Hard,32,C,,20201026,3,W09G,3,,J.J. Wolf,R,183,USA,21.848,123,512,BC65,,,Matthias Bachinger,R,188,GER,33.569,280,176,6-4 6-3,3,R32,71,4,1,42,24,21,15,9,0,0,10,3,79,51,32,12,10,9,12,TennisMyLife,2020_challenger.csv,2020,2026-08-23T06:37:21.010456+00:00,1878,9706e508b95616c8ca21fb958569a23a,NEW_MATCH,0,,j j wolf,matthias bachinger,hamburg,r32,hard
2020-8297,Hamburg,Hard,32,C,,20201026,4,ME89,,,Illya Marchenko,R,185,UKR,33.133,220,255,AE14,,,Daniel Altmaier,R,188,GER,22.122,125,501,6-4 3-2 RET,3,R32,82,1,1,45,24,17,14,7,5,5,3,1,45,30,22,8,8,4,6,TennisMyLife,2020_challenger.csv,2020,2026-08-23T06:37:21.010456+00:00,1879,ded233b25dd84fe15ef3079cb55f6207,NEW_MATCH,0,,illya marchenko,daniel altmaier,hamburg,r32,hard
2020-8297,Hamburg,Hard,32,C,,20201026,5,G09O,,,Hugo Gaston,L,173,FRA,20.082,162,387,N897,5,,Sumit Nagal,R,178,IND,23.195,131,475,7-5 4-1 RET,3,R32,75,0,2,60,47,30,7,8,5,7,2,3,62,48,26,5,9,4,9,TennisMyLife,2020_challenger.csv,2020,2026-08-23T06:37:21.010456+00:00,1880,9ad32b170ef2f73cb97ba9287380ffa3,NEW_MATCH,0,,hugo gaston,sumit nagal,hamburg,r32,hard
2020-8297,Hamburg,Hard,32,C,,20201026,6,L949,6,,Henri Laaksonen,R,185,SUI,28.572,133,468,TC12,,,Mikael Torpegaard,R,193,DEN,26.47,194,311,6-3 3-6 6-4,3,R32,126,10,0,91,65,46,11,14,6,9,5,2,90,63,38,16,14,4,8,TennisMyLife,2020_challenger.csv,2020,2026-08-23T06:37:21.010456+00:00,1881,a67db27babdbd2682faa507b7bb30f47,NEW_MATCH,0,,henri laaksonen,mikael torpegaard,hamburg,r32,hard
2020-8297,Hamburg,Hard,32,C,,20201026,7,MM66,7,,Nikola Milojevic,R,188,SRB,25.355,137,464,L797,,,Lukas Lacko,R,188,SVK,32.98,190,324,7-5 6-4,3,R32,106,4,4,68,38,26,14,11,2,6,1,1,70,48,30,5,11,7,13,TennisMyLife,2020_challenger.csv,2020,2026-08-23T06:37:21.010456+00:00,1882,6078c204cbdd35f7867af1dc6139a2b4,NEW_MATCH,0,,nikola milojevic,lukas lacko,hamburg,r32,hard
2020-8297,Hamburg,Hard,32,C,,20201026,8,O449,8,,Oscar Otte,R,193,GER,27.28,134,467,HH06,,,Marc-Andrea Huesler,L,196,SUI,24.339,154,405,6-2 6-3,3,R32,66,6,5,57,31,27,11,9,1,2,3,1,52,32,19,7,8,5,9,TennisMyLife,2020_challenger.csv,2020,2026-08-23T06:37:21.010456+00:00,1883,6a5a57bc6b09fdadc18bf8a36107c5a0,NEW_MATCH,0,,oscar otte,marc andrea huesler,hamburg,r32,hard
2020-8297,Hamburg,Hard,32,C,,20201026,9,K839,,,Tobias Kamke,R,178,GER,34.434,235,235,GA94,,,Prajnesh Gunneswaran,L,188,IND,30.954,145,427,3-6 6-4 6-1,3,R32,113,4,3,80,56,35,14,13,2,5,4,4,85,52,34,13,13,7,12,TennisMyLife,2020_challenger.csv,2020,2026-08-23T06:37:21.010456+00:00,1884,491eaef8dc3d8429ef62dfb94733a1d2,NEW_MATCH,0,,tobias kamke,prajnesh gunneswaran,hamburg,r32,hard
2020-8297,Hamburg,Hard,32,C,,20201026,10,K09F,,,Pavel Kotov,R,191,RUS,21.938,273,186,GH92,,,Borna Gojo,R,196,CRO,22.661,217,257,6-4 6-7(6) 7-5,3,R32,162,6,5,111,69,52,24,17,5,7,6,4,113,81,54,17,17,7,11,TennisMyLife,2020_challenger.csv,2020,2026-08-23T06:37:21.010456+00:00,1885,93a69dfc9a29d92d4d77dcc576248bbf,NEW_MATCH,0,,pavel kotov,borna gojo,hamburg,r32,hard
2020-8297,Hamburg,Hard,32,C,,20201026,11,MH16,,,Yannick Maden,R,185,GER,30.995,166,378,CG33,,,Kimmer Coppejans,R,178,BEL,26.716,176,353,6-0 6-1,3,R32,63,4,0,35,23,17,9,7,0,1,1,0,37,24,9,3,6,4,10,TennisMyLife,2020_challenger.csv,2020,2026-08-23T06:37:21.010456+00:00,1886,35bec6f35581c003859c8d299ddc11f0,NEW_MATCH,0,,yannick maden,kimmer coppejans,hamburg,r32,hard
2020-8297,Hamburg,Hard,32,C,,20201026,12,MN13,,,Maximilian Marterer,L,188,GER,25.366,249,213,C0BC,,,Maxime Cressy,R,201,USA,23.469,167,374,6-4 6-4,3,R32,86,5,1,64,40,29,17,10,3,3,11,7,55,33,26,11,10,0,2,TennisMyLife,2020_challenger.csv,2020,2026-08-23T06:37:21.010456+00:00,1887,92cbe81251825ebd1480ba72f0fa5ede,NEW_MATCH,0,,maximilian marterer,maxime cressy,hamburg,r32,hard
2020-8297,Hamburg,Hard,32,C,,20201026,13,O513,,,Sebastian Ofner,R,191,AUT,24.457,171,361,BA65,,,Dustin Brown,R,196,JAM,35.882,256,209,7-6(6) 6-2,3,R32,68,3,3,64,36,25,19,10,2,3,7,2,58,35,26,9,10,0,3,TennisMyLife,2020_challenger.csv,2020,2026-08-23T06:37:21.010456+00:00,1888,07cc84770135c53d259fe02530e0b6fc,NEW_MATCH,0,,sebastian ofner,dustin brown,hamburg,r32,hard
2020-8297,Hamburg,Hard,32,C,,20201026,14,SX50,,,Roman Safiullin,R,185,RUS,23.22,184,337,N679,,,Stefano Napolitano,R,196,ITA,25.544,270,189,6-2 6-2,3,R32,69,4,1,52,36,28,7,8,1,2,2,1,53,28,14,10,8,3,8,TennisMyLife,2020_challenger.csv,2020,2026-08-23T06:37:21.010456+00:00,1889,7c8ba75d74ca393fcdb722fcaff34aba,NEW_MATCH,0,,roman safiullin,stefano napolitano,hamburg,r32,hard
2020-8297,Hamburg,Hard,32,C,,20201026,15,SK94,,,Cedrik-Marcel Stebe,L,180,GER,30.048,143,441,HA28,,,Filip Horansky,R,191,SVK,27.8,180,345,6-2 6-4,3,R32,75,0,2,54,37,30,8,9,1,1,6,1,71,45,28,12,9,5,8,TennisMyLife,2020_challenger.csv,2020,2026-08-23T06:37:21.010456+00:00,1890,b3e3fbe4d884ddd426c893c571892da1,NEW_MATCH,0,,cedrik marcel stebe,filip horansky,hamburg,r32,hard
2020-8297,Hamburg,Hard,32,C,,20201026,16,V812,,,Botic van de Zandschulp,R,191,NED,25.062,157,394,BM95,,,Benjamin Bonzi,R,183,FRA,24.381,179,346,6-4 7-5,3,R32,105,9,4,67,47,38,7,11,4,5,2,0,86,50,33,18,11,12,15,TennisMyLife,2020_challenger.csv,2020,2026-08-23T06:37:21.010456+00:00,1891,76a4b446e3f8788488929fe04e4b88b3,NEW_MATCH,0,,botic van de zandschulp,benjamin bonzi,hamburg,r32,hard
2020-8297,Hamburg,Hard,32,C,,20201026,17,MQ75,1,,Kamil Majchrzak,R,183,POL,24.786,105,652,MH16,,,Yannick Maden,R,185,GER,30.995,166,378,6-4 6-4,3,R16,105,8,1,72,44,34,10,10,6,8,1,1,66,38,26,10,10,6,10,TennisMyLife,2020_challenger.csv,2020,2026-08-23T06:37:21.010456+00:00,1892,9c80de9f9fcd1b0a6fc91aa043d3f605,NEW_MATCH,0,,kamil majchrzak,yannick maden,hamburg,r16,hard
2020-8297,Hamburg,Hard,32,C,,20201026,18,DA81,2,,Taro Daniel,R,191,JPN,27.745,122,516,MN13,,,Maximilian Marterer,L,188,GER,25.366,249,213,4-6 6-4 6-3,3,R16,133,2,2,88,57,41,10,14,3,7,5,3,93,50,38,13,15,7,13,TennisMyLife,2020_challenger.csv,2020,2026-08-23T06:37:21.010456+00:00,1893,e5ebddcb1637fcbe0ce3b1cb73c8f9e2,NEW_MATCH,0,,taro daniel,maximilian marterer,hamburg,r16,hard
2020-8297,Hamburg,Hard,32,C,,20201026,19,SX50,,,Roman Safiullin,R,185,RUS,23.22,184,337,W09G,3,,J.J. Wolf,R,183,USA,21.848,123,512,7-6(1) 6-4,3,R16,87,5,0,64,50,37,10,11,3,5,7,3,62,38,26,10,11,1,4,TennisMyLife,2020_challenger.csv,2020,2026-08-23T06:37:21.010456+00:00,1894,d83e13e5417b56bb7acb73142b5a0915,NEW_MATCH,0,,roman safiullin,j j wolf,hamburg,r16,hard
2020-8297,Hamburg,Hard,32,C,,20201026,20,L949,6,,Henri Laaksonen,R,185,SUI,28.572,133,468,K839,,,Tobias Kamke,R,178,GER,34.434,235,235,7-6(0) 7-5,3,R16,118,5,5,84,55,42,11,12,5,7,2,7,93,58,39,14,12,3,6,TennisMyLife,2020_challenger.csv,2020,2026-08-23T06:37:21.010456+00:00,1895,a99f9facdceb4010626dd9119fa1a081,NEW_MATCH,0,,henri laaksonen,tobias kamke,hamburg,r16,hard
2020-8297,Hamburg,Hard,32,C,,20201026,21,MM66,7,,Nikola Milojevic,R,188,SRB,25.355,137,464,K09F,,,Pavel Kotov,R,191,RUS,21.938,273,186,7-6(5) 6-1,3,R16,87,5,0,55,31,24,17,10,0,1,3,1,64,44,28,8,9,2,5,TennisMyLife,2020_challenger.csv,2020,2026-08-23T06:37:21.010456+00:00,1896,5d3597fd55c45e110264ba75ecec37cc,NEW_MATCH,0,,nikola milojevic,pavel kotov,hamburg,r16,hard
2020-8297,Hamburg,Hard,32,C,,20201026,22,SK94,,,Cedrik-Marcel Stebe,L,180,GER,30.048,143,441,O449,8,,Oscar Otte,R,193,GER,27.28,134,467,6-3 6-3,3,R16,59,2,1,46,30,26,8,9,1,2,4,3,47,28,21,4,9,2,6,TennisMyLife,2020_challenger.csv,2020,2026-08-23T06:37:21.010456+00:00,1897,317dd171f18a6b74ee5d1028f4f09f13,NEW_MATCH,0,,cedrik marcel stebe,oscar otte,hamburg,r16,hard
2020-8297,Hamburg,Hard,32,C,,20201026,23,O513,,,Sebastian Ofner,R,191,AUT,24.457,171,361,G09O,,,Hugo Gaston,L,173,FRA,20.082,162,387,7-6(5) 6-2,3,R16,86,3,0,61,41,33,7,10,1,3,0,3,72,39,22,18,10,5,9,TennisMyLife,2020_challenger.csv,2020,2026-08-23T06:37:21.010456+00:00,1898,a2a3c534771718a84baf2aabc6d69d7c,NEW_MATCH,0,,sebastian ofner,hugo gaston,hamburg,r16,hard
2020-8297,Hamburg,Hard,32,C,,20201026,24,V812,,,Botic van de Zandschulp,R,191,NED,25.062,157,394,ME89,,,Illya Marchenko,R,185,UKR,33.133,220,255,6-4 7-5,3,R16,98,6,5,61,45,35,6,11,0,2,1,3,67,38,24,14,11,3,7,TennisMyLife,2020_challenger.csv,2020,2026-08-23T06:37:21.010456+00:00,1899,f442d7f3325615091091f02340a58030,NEW_MATCH,0,,botic van de zandschulp,illya marchenko,hamburg,r16,hard
2020-8297,Hamburg,Hard,32,C,,20201026,25,MQ75,1,,Kamil Majchrzak,R,183,POL,24.786,105,652,MM66,7,,Nikola Milojevic,R,188,SRB,25.355,137,464,6-3 6-1,3,QF,72,4,2,54,32,24,12,8,1,2,1,5,57,27,15,10,8,7,12,TennisMyLife,2020_challenger.csv,2020,2026-08-23T06:37:21.010456+00:00,1900,8c15318cea20b033548374b8393c54be,NEW_MATCH,0,,kamil majchrzak,nikola milojevic,hamburg,qf,hard
2020-8297,Hamburg,Hard,32,C,,20201026,26,DA81,2,,Taro Daniel,R,191,JPN,27.745,122,516,L949,6,,Henri Laaksonen,R,185,SUI,28.572,133,468,6-1 6-4,3,QF,73,3,1,61,40,30,11,9,1,1,4,2,45,30,23,5,8,0,3,TennisMyLife,2020_challenger.csv,2020,2026-08-23T06:37:21.010456+00:00,1901,27fd6c24daaf4b10e44d8a2c8c2ad618,NEW_MATCH,0,,taro daniel,henri laaksonen,hamburg,qf,hard
2020-8297,Hamburg,Hard,32,C,,20201026,27,O513,,,Sebastian Ofner,R,191,AUT,24.457,171,361,SX50,,,Roman Safiullin,R,185,RUS,23.22,184,337,7-6(4) 4-6 6-4,3,QF,130,7,3,92,59,40,21,16,2,5,7,5,116,82,54,16,16,6,9,TennisMyLife,2020_challenger.csv,2020,2026-08-23T06:37:21.010456+00:00,1902,cfbb255a7056b73af6338229b530b14e,NEW_MATCH,0,,sebastian ofner,roman safiullin,hamburg,qf,hard
2020-8297,Hamburg,Hard,32,C,,20201026,28,V812,,,Botic van de Zandschulp,R,191,NED,25.062,157,394,SK94,,,Cedrik-Marcel Stebe,L,180,GER,30.048,143,441,6-3 6-3,3,QF,78,4,6,64,49,34,6,9,5,7,3,3,48,26,16,8,9,4,9,TennisMyLife,2020_challenger.csv,2020,2026-08-23T06:37:21.010456+00:00,1903,fe9e68add87388b909cc4c6fd748cfa2,NEW_MATCH,0,,botic van de zandschulp,cedrik marcel stebe,hamburg,qf,hard
2020-8297,Hamburg,Hard,32,C,,20201026,29,O513,,,Sebastian Ofner,R,191,AUT,24.457,171,361,MQ75,1,,Kamil Majchrzak,R,183,POL,24.786,105,652,7-6(3) 6-1,3,SF,83,12,0,65,43,35,14,10,1,1,2,2,61,34,26,12,9,5,7,TennisMyLife,2020_challenger.csv,2020,2026-08-23T06:37:21.010456+00:00,1904,8d9c058e7ed6886b62bfed1130f42913,NEW_MATCH,0,,sebastian ofner,kamil majchrzak,hamburg,sf,hard
2020-8297,Hamburg,Hard,32,C,,20201026,30,DA81,2,,Taro Daniel,R,191,JPN,27.745,122,516,V812,,,Botic van de Zandschulp,R,191,NED,25.062,157,394,W/O,3,SF,,,,,,,,,,,,,,,,,,,,TennisMyLife,2020_challenger.csv,2020,2026-08-23T06:37:21.010456+00:00,1905,a75b6f11336d15e892b3d03e56e09e4c,NEW_MATCH,0,,taro daniel,botic van de zandschulp,hamburg,sf,hard
2020-8297,Hamburg,Hard,32,C,,20201026,31,DA81,2,,Taro Daniel,R,191,JPN,27.745,122,516,O513,,,Sebastian Ofner,R,191,AUT,24.457,171,361,6-1 6-2,3,F,69,3,1,48,31,26,9,8,2,2,2,3,46,24,14,9,7,5,9,TennisMyLife,2020_challenger.csv,2020,2026-08-23T06:37:21.010456+00:00,1906,c9e117a78edc26fb33c3a9fdceefeba1,NEW_MATCH,0,,taro daniel,sebastian ofner,hamburg,f,hard
2020-444,Bratislava,Hard,32,C,,20201115,1,RH24,1,,Emil Ruusuvuori,R,188,FIN,21.624,87,791,D916,,,Steven Diez,R,175,CAN,29.667,175,358,6-3 6-3,3,R32,68,8,3,61,40,31,9,9,2,3,2,2,43,24,18,6,9,1,5,TennisMyLife,2020_challenger.csv,2020,2026-08-23T06:37:21.010456+00:00,1907,d4926fe8283ff6719f44bf44abfc0439,NEW_MATCH,0,,emil ruusuvuori,steven diez,bratislava,r32,hard
2020-444,Bratislava,Hard,32,C,,20201115,2,RA51,,,Blaz Rola,L,193,SLO,30.114,151,417,U134,2,,Yasutaka Uchiyama,R,183,JPN,28.279,102,696,7-6(6) 6-4,3,R32,89,14,1,69,45,39,13,11,0,0,13,1,68,44,32,16,11,0,1,TennisMyLife,2020_challenger.csv,2020,2026-08-23T06:37:21.010456+00:00,1908,469a645df0412a64927434ba9c8e9870,NEW_MATCH,0,,blaz rola,yasutaka uchiyama,bratislava,r32,hard
2020-444,Bratislava,Hard,32,C,,20201115,3,MQ75,3,,Kamil Majchrzak,R,183,POL,24.841,106,680,MV14,,,Alex Molcan,L,178,SVK,22.957,304,145,6-2 6-1,3,R32,55,9,2,50,32,26,11,8,1,1,1,1,46,28,12,10,7,6,10,TennisMyLife,2020_challenger.csv,2020,2026-08-23T06:37:21.010456+00:00,1909,6a82a22198f4d95df0536d2225c1608c,NEW_MATCH,0,,kamil majchrzak,alex molcan,bratislava,r32,hard
2020-444,Bratislava,Hard,32,C,,20201115,4,HA71,4,,Antoine Hoang,R,183,FRA,25.032,131,487,HB64,,,Quentin Halys,R,191,FRA,24.055,204,303,6-3 6-3,3,R32,63,3,0,47,36,27,9,9,0,0,8,5,48,31,24,4,9,1,4,TennisMyLife,2020_challenger.csv,2020,2026-08-23T06:37:21.010456+00:00,1910,75e68bc54c368ce663358011941a6740,NEW_MATCH,0,,antoine hoang,quentin halys,bratislava,r32,hard
2020-444,Bratislava,Hard,32,C,,20201115,5,V812,,,Botic van de Zandschulp,R,191,NED,25.117,153,416,L949,5,,Henri Laaksonen,R,185,SUI,28.627,134,477,6-3 3-6 6-3,3,R32,106,3,6,90,60,47,9,14,9,12,13,1,85,61,39,13,13,6,10,TennisMyLife,2020_challenger.csv,2020,2026-08-23T06:37:21.010456+00:00,1911,da12e1f78393507f6ffb1e880a89b2e5,NEW_MATCH,0,,botic van de zandschulp,henri laaksonen,bratislava,r32,hard
2020-444,Bratislava,Hard,32,C,,20201115,6,MM66,6,,Nikola Milojevic,R,188,SRB,25.41,136,472,A622,,,Andrea Arnaboldi,L,180,ITA,32.887,272,191,7-5 7-6(4),3,R32,103,15,3,73,42,33,20,12,0,1,4,4,81,49,36,15,12,4,6,TennisMyLife,2020_challenger.csv,2020,2026-08-23T06:37:21.010456+00:00,1912,cfbf3d0e0d25f74dc7ec9a19c7c85de1,NEW_MATCH,0,,nikola milojevic,andrea arnaboldi,bratislava,r32,hard
2020-444,Bratislava,Hard,32,C,,20201115,7,SX50,,,Roman Safiullin,R,185,RUS,23.274,180,350,GB53,7,,Federico Gaio,R,178,ITA,28.698,138,466,6-3 6-4,3,R32,70,9,1,49,29,26,10,9,3,4,8,4,67,42,28,10,10,6,10,TennisMyLife,2020_challenger.csv,2020,2026-08-23T06:37:21.010456+00:00,1913,8f917418455e03a74333458ffbdc4fcc,NEW_MATCH,0,,roman safiullin,federico gaio,bratislava,r32,hard
2020-444,Bratislava,Hard,32,C,,20201115,8,GA79,8,,Lorenzo Giustino,R,180,ITA,29.183,147,426,MH16,,,Yannick Maden,R,185,GER,31.05,169,378,7-5 3-6 6-4,3,R32,138,17,4,103,71,47,13,16,4,9,3,2,90,62,41,11,15,7,12,TennisMyLife,2020_challenger.csv,2020,2026-08-23T06:37:21.010456+00:00,1914,41b657ff3becfdcae5dffa92be77a284,NEW_MATCH,0,,lorenzo giustino,yannick maden,bratislava,r32,hard
2020-444,Bratislava,Hard,32,C,,20201115,9,BK19,,,Mathias Bourgue,R,188,FRA,26.825,217,262,O513,,,Sebastian Ofner,R,191,AUT,24.512,158,402,7-6(4) 6-1,3,R32,67,11,0,51,32,28,17,10,0,0,12,4,66,42,31,11,9,3,5,TennisMyLife,2020_challenger.csv,2020,2026-08-23T06:37:21.010456+00:00,1915,fb893385dad373acde7a8ff7f73783b3,NEW_MATCH,0,,mathias bourgue,sebastian ofner,bratislava,r32,hard
2020-444,Bratislava,Hard,32,C,,20201115,10,KI63,,,Lukas Klein,R,193,SVK,22.653,316,138,HA28,,,Filip Horansky,R,191,SVK,27.855,182,345,6-4 6-4,3,R32,72,2,1,55,39,32,10,10,0,0,2,2,74,47,31,13,10,4,6,TennisMyLife,2020_challenger.csv,2020,2026-08-23T06:37:21.010456+00:00,1916,cfcf5b75db0fc9b299aea39f33d2279c,NEW_MATCH,0,,lukas klein,filip horansky,bratislava,r32,hard
2020-444,Bratislava,Hard,32,C,,20201115,11,M0FH,,,Tomas Machac,R,183,CZE,20.09,215,267,SP24,,,Brayden Schnur,R,193,CAN,25.369,205,301,6-4 6-4,3,R32,74,11,1,55,43,32,9,10,0,0,9,0,63,40,31,11,10,4,6,TennisMyLife,2020_challenger.csv,2020,2026-08-23T06:37:21.010456+00:00,1917,c2b962701788e455e828dc15d3fd4032,NEW_MATCH,0,,tomas machac,brayden schnur,bratislava,r32,hard
2020-444,Bratislava,Hard,32,C,,20201115,12,MJ01,,,Roberto Marcora,R,193,ITA,31.211,178,352,C0BC,,,Maxime Cressy,R,201,USA,23.524,166,384,2-6 6-4 7-6(4),3,R32,117,5,2,91,61,47,16,15,4,6,22,5,85,60,48,15,15,2,3,TennisMyLife,2020_challenger.csv,2020,2026-08-23T06:37:21.010456+00:00,1918,ede5b7476bebddcccb95221d4e25fd1b,NEW_MATCH,0,,roberto marcora,maxime cressy,bratislava,r32,hard
2020-444,Bratislava,Hard,32,C,,20201115,13,MN13,,,Maximilian Marterer,L,188,GER,25.421,242,220,LB51,,,Julian Lenz,R,188,GER,27.743,258,209,7-5 6-4,3,R32,72,15,0,57,46,36,9,11,2,2,5,2,65,41,29,13,11,3,5,TennisMyLife,2020_challenger.csv,2020,2026-08-23T06:37:21.010456+00:00,1919,4f8111e7f8b537ffedb7df78e9eceab6,NEW_MATCH,0,,maximilian marterer,julian lenz,bratislava,r32,hard
2020-444,Bratislava,Hard,32,C,,20201115,14,RC91,,,Arthur Rinderknech,R,196,FRA,25.317,176,354,BI23,,,Liam Broady,L,183,GBR,26.864,184,340,6-4 6-7(5) 7-5,3,R32,144,16,2,96,74,56,16,17,2,3,9,2,109,68,49,23,17,5,8,TennisMyLife,2020_challenger.csv,2020,2026-08-23T06:37:21.010456+00:00,1920,97e093f03479f984341894289539c992,NEW_MATCH,0,,arthur rinderknech,liam broady,bratislava,r32,hard
2020-444,Bratislava,Hard,32,C,,20201115,15,SC77,,,Sergiy Stakhovsky,R,193,UKR,34.858,195,314,L797,,,Lukas Lacko,R,188,SVK,33.035,192,324,7-5 7-6(6),3,R32,96,15,2,70,42,38,12,12,1,2,5,4,97,59,43,14,12,3,5,TennisMyLife,2020_challenger.csv,2020,2026-08-23T06:37:21.010456+00:00,1921,0dbb42349cbbe1305739f854aa1b276c,NEW_MATCH,0,,sergiy stakhovsky,lukas lacko,bratislava,r32,hard
2020-444,Bratislava,Hard,32,C,,20201115,16,V490,,,Matteo Viola,R,185,ITA,33.361,232,247,L0BV,,,Jiri Lehecka,R,185,CZE,19.02,355,114,2-6 6-4 7-6(5),3,R32,109,6,5,90,57,40,16,15,4,8,7,1,83,52,38,18,15,3,6,TennisMyLife,2020_challenger.csv,2020,2026-08-23T06:37:21.010456+00:00,1922,ef78533c02d0876a1ab69f4ada7c5f2e,NEW_MATCH,0,,matteo viola,jiri lehecka,bratislava,r32,hard
2020-444,Bratislava,Hard,32,C,,20201115,17,RH24,1,,Emil Ruusuvuori,R,188,FIN,21.624,87,791,RC91,,,Arthur Rinderknech,R,196,FRA,25.317,176,354,6-1 6-4,3,R16,74,2,1,50,34,30,9,9,1,1,5,2,64,44,32,5,8,5,8,TennisMyLife,2020_challenger.csv,2020,2026-08-23T06:37:21.010456+00:00,1923,6a0664664c24d54702b61c04f2bd18e3,NEW_MATCH,0,,emil ruusuvuori,arthur rinderknech,bratislava,r16,hard
2020-444,Bratislava,Hard,32,C,,20201115,18,M0FH,,,Tomas Machac,R,183,CZE,20.09,215,267,MQ75,3,,Kamil Majchrzak,R,183,POL,24.841,106,680,7-5 6-7(5) 6-1,3,R16,135,16,3,104,68,51,15,16,4,7,9,1,108,59,38,26,15,8,14,TennisMyLife,2020_challenger.csv,2020,2026-08-23T06:37:21.010456+00:00,1924,d5b140b70dd02f9d3bc6c8e37a2d8ffc,NEW_MATCH,0,,tomas machac,kamil majchrzak,bratislava,r16,hard
2020-444,Bratislava,Hard,32,C,,20201115,19,HA71,4,,Antoine Hoang,R,183,FRA,25.032,131,487,MJ01,,,Roberto Marcora,R,193,ITA,31.211,178,352,6-3 6-4,3,R16,69,3,0,55,44,33,7,10,1,2,6,2,51,38,25,6,9,2,5,TennisMyLife,2020_challenger.csv,2020,2026-08-23T06:37:21.010456+00:00,1925,65e73877950bf2232c6c5b9b120c7d56,NEW_MATCH,0,,antoine hoang,roberto marcora,bratislava,r16,hard
2020-444,Bratislava,Hard,32,C,,20201115,20,V490,,,Matteo Viola,R,185,ITA,33.361,232,247,MM66,6,,Nikola Milojevic,R,188,SRB,25.41,136,472,7-6(5) 4-6 6-3,3,R16,149,4,1,110,80,54,13,15,8,11,11,3,112,71,51,18,16,7,11,TennisMyLife,2020_challenger.csv,2020,2026-08-23T06:37:21.010456+00:00,1926,6be27208b532c41cc5086304e75c0387,NEW_MATCH,0,,matteo viola,nikola milojevic,bratislava,r16,hard
2020-444,Bratislava,Hard,32,C,,20201115,21,KI63,,,Lukas Klein,R,193,SVK,22.653,316,138,GA79,8,,Lorenzo Giustino,R,180,ITA,29.183,147,426,6-4 6-3,3,R16,72,10,1,52,31,28,13,10,0,0,5,0,61,42,27,9,9,1,3,TennisMyLife,2020_challenger.csv,2020,2026-08-23T06:37:21.010456+00:00,1927,1171878a6e1ef1e48db9354c9c9439fe,NEW_MATCH,0,,lukas klein,lorenzo giustino,bratislava,r16,hard
2020-444,Bratislava,Hard,32,C,,20201115,22,BK19,,,Mathias Bourgue,R,188,FRA,26.825,217,262,V812,,,Botic van de Zandschulp,R,191,NED,25.117,153,416,7-6(0) 6-7(6) 6-1,3,R16,138,13,2,110,62,45,32,16,6,7,10,3,96,68,53,9,15,7,10,TennisMyLife,2020_challenger.csv,2020,2026-08-23T06:37:21.010456+00:00,1928,b678ee9cfc9d539afbb9343aba29b8ac,NEW_MATCH,0,,mathias bourgue,botic van de zandschulp,bratislava,r16,hard
2020-444,Bratislava,Hard,32,C,,20201115,23,MN13,,,Maximilian Marterer,L,188,GER,25.421,242,220,RA51,,,Blaz Rola,L,193,SLO,30.114,151,417,7-6(4) 6-2,3,R16,75,8,1,57,41,36,11,10,1,1,10,1,63,44,34,7,10,2,4,TennisMyLife,2020_challenger.csv,2020,2026-08-23T06:37:21.010456+00:00,1929,2ae8fb5fab1c1d0d83f52cd020c768d3,NEW_MATCH,0,,maximilian marterer,blaz rola,bratislava,r16,hard
2020-444,Bratislava,Hard,32,C,,20201115,24,SC77,,,Sergiy Stakhovsky,R,193,UKR,34.858,195,314,SX50,,,Roman Safiullin,R,185,RUS,23.274,180,350,4-6 6-4 6-4,3,R16,101,11,3,84,53,39,19,15,2,4,7,3,81,60,45,9,15,1,4,TennisMyLife,2020_challenger.csv,2020,2026-08-23T06:37:21.010456+00:00,1930,d6a2f16965461b4766fec4f0ec514a6c,NEW_MATCH,0,,sergiy stakhovsky,roman safiullin,bratislava,r16,hard
2020-444,Bratislava,Hard,32,C,,20201115,25,KI63,,,Lukas Klein,R,193,SVK,22.653,316,138,RH24,1,,Emil Ruusuvuori,R,188,FIN,21.624,87,791,6-4 7-5,3,QF,90,4,3,79,47,32,18,11,7,8,5,6,67,48,36,6,11,8,11,TennisMyLife,2020_challenger.csv,2020,2026-08-23T06:37:21.010456+00:00,1931,cd83afdcb69e9375b0b96526004f3c9a,NEW_MATCH,0,,lukas klein,emil ruusuvuori,bratislava,qf,hard
2020-444,Bratislava,Hard,32,C,,20201115,26,HA71,4,,Antoine Hoang,R,183,FRA,25.032,131,487,BK19,,,Mathias Bourgue,R,188,FRA,26.825,217,262,W/O,3,QF,,,,,,,,,,,,,,,,,,,,TennisMyLife,2020_challenger.csv,2020,2026-08-23T06:37:21.010456+00:00,1932,1fec43d164c713a11ac4db4fa092be30,NEW_MATCH,0,,antoine hoang,mathias bourgue,bratislava,qf,hard
2020-444,Bratislava,Hard,32,C,,20201115,27,M0FH,,,Tomas Machac,R,183,CZE,20.09,215,267,V490,,,Matteo Viola,R,185,ITA,33.361,232,247,6-2 6-4,3,QF,67,4,0,53,38,30,9,9,2,2,3,1,55,33,18,13,9,4,7,TennisMyLife,2020_challenger.csv,2020,2026-08-23T06:37:21.010456+00:00,1933,778e827e4f02f0e75269231bd04d2653,NEW_MATCH,0,,tomas machac,matteo viola,bratislava,qf,hard
2020-444,Bratislava,Hard,32,C,,20201115,28,MN13,,,Maximilian Marterer,L,188,GER,25.421,242,220,SC77,,,Sergiy Stakhovsky,R,193,UKR,34.858,195,314,W/O,3,QF,,,,,,,,,,,,,,,,,,,,TennisMyLife,2020_challenger.csv,2020,2026-08-23T06:37:21.010456+00:00,1934,b45f47e9081c5eb08677e8e7ff7b4274,NEW_MATCH,0,,maximilian marterer,sergiy stakhovsky,bratislava,qf,hard
2020-444,Bratislava,Hard,32,C,,20201115,29,MN13,,,Maximilian Marterer,L,188,GER,25.421,242,220,HA71,4,,Antoine Hoang,R,183,FRA,25.032,131,487,6-3 6-4,3,SF,82,8,1,55,39,30,12,10,0,0,2,2,58,39,28,8,9,4,6,TennisMyLife,2020_challenger.csv,2020,2026-08-23T06:37:21.010456+00:00,1935,db391bd7d432f9f1115395f15231baa2,NEW_MATCH,0,,maximilian marterer,antoine hoang,bratislava,sf,hard
2020-444,Bratislava,Hard,32,C,,20201115,30,M0FH,,,Tomas Machac,R,183,CZE,20.09,215,267,KI63,,,Lukas Klein,R,193,SVK,22.653,316,138,7-6(5) 6-2,3,SF,73,2,1,61,42,35,12,10,1,1,8,0,52,32,26,13,10,0,2,TennisMyLife,2020_challenger.csv,2020,2026-08-23T06:37:21.010456+00:00,1936,e752caa770fb022fd15cd20d52cb4665,NEW_MATCH,0,,tomas machac,lukas klein,bratislava,sf,hard
2020-444,Bratislava,Hard,32,C,,20201115,31,MN13,,,Maximilian Marterer,L,188,GER,25.421,242,220,M0FH,,,Tomas Machac,R,183,CZE,20.09,215,267,6-7(3) 6-2 7-5,3,F,146,15,0,84,65,51,13,16,0,1,5,0,129,87,59,17,16,7,11,TennisMyLife,2020_challenger.csv,2020,2026-08-23T06:37:21.010456+00:00,1937,70db5ca6a89a4d85bb0b9e963da5ca04,NEW_MATCH,0,,maximilian marterer,tomas machac,bratislava,f,hard
2020-7316,Cary,Hard,32,C,,20201115,1,MJ08,1,,Thiago Monteiro,L,183,BRA,26.461,84,804,CC32,,,Guilherme Clezar,R,180,BRA,27.874,268,203,7-6(5) 3-2 RET,3,R32,86,7,0,47,36,30,6,9,0,1,2,0,57,39,25,11,8,4,5,TennisMyLife,2020_challenger.csv,2020,2026-08-23T06:37:21.010456+00:00,1938,649ec59f9f8bfe44984bd3eb8dcd337f,NEW_MATCH,0,,thiago monteiro,guilherme clezar,cary,r32,hard
2020-7316,Cary,Hard,32,C,,20201115,2,KB09,2,,Denis Kudla,R,180,USA,28.246,124,521,KB14,,,Kevin King,L,191,USA,29.714,298,150,6-2 6-1,3,R32,70,1,3,38,20,17,13,7,0,0,2,4,48,28,15,6,8,2,7,TennisMyLife,2020_challenger.csv,2020,2026-08-23T06:37:21.010456+00:00,1939,e590a1d6a57a0b0e950fcb081b9b79e4,NEW_MATCH,0,,denis kudla,kevin king,cary,r32,hard
2020-7316,Cary,Hard,32,C,,20201115,3,GE33,3,,Daniel Elahi Galan,R,191,COL,24.411,133,481,CF88,,,Roberto Cid Subervi,R,193,DOM,27.211,226,253,7-6(5) 6-1,3,R32,125,4,5,58,28,22,10,9,3,7,2,8,97,48,25,20,10,10,17,TennisMyLife,2020_challenger.csv,2020,2026-08-23T06:37:21.010456+00:00,1940,8596b8994568bdff517ca9089c2224e3,NEW_MATCH,0,,daniel elahi galan,roberto cid subervi,cary,r32,hard
2020-7316,Cary,Hard,32,C,,20201115,4,GA94,4,,Prajnesh Gunneswaran,L,188,IND,31.009,146,427,PB22,,,Peter Polansky,R,183,CAN,32.419,213,270,6-2 6-2,3,R32,76,1,1,46,25,18,13,8,1,2,5,8,57,26,16,10,8,5,10,TennisMyLife,2020_challenger.csv,2020,2026-08-23T06:37:21.010456+00:00,1941,bca1b123e2d8f376f1b31012fd14296a,NEW_MATCH,0,,prajnesh gunneswaran,peter polansky,cary,r32,hard
2020-7316,Cary,Hard,32,C,,20201115,5,BD20,,,Thomaz Bellucci,L,188,BRA,32.879,297,152,SK47,5,,Mohamed Safwat,R,180,EGY,30.157,156,410,6-7(4) 6-1 7-6(7),3,R32,186,3,1,102,59,42,28,16,1,3,2,3,113,66,41,28,15,2,6,TennisMyLife,2020_challenger.csv,2020,2026-08-23T06:37:21.010456+00:00,1942,550b069e033adf1dfd71b15af7f4d357,NEW_MATCH,0,,thomaz bellucci,mohamed safwat,cary,r32,hard
2020-7316,Cary,Hard,32,C,,20201115,6,MP01,6,,Michael Mmoh,R,188,USA,22.847,173,361,N503,,,Aleksandr Nedovyesov,R,188,KAZ,33.749,334,127,7-5 6-0,3,R32,97,3,1,53,39,29,9,9,1,1,0,3,69,40,24,12,9,7,11,TennisMyLife,2020_challenger.csv,2020,2026-08-23T06:37:21.010456+00:00,1943,887d2a8936c1847b9245c9a378be758d,NEW_MATCH,0,,michael mmoh,aleksandr nedovyesov,cary,r32,hard
2020-7316,Cary,Hard,32,C,,20201115,7,PG20,7,,Dmitry Popko,R,191,KAZ,24.06,174,361,BV27,,,Ulises Blanch,R,188,USA,22.645,239,224,6-3 6-2,3,R32,85,2,4,65,32,26,18,9,5,5,4,0,42,19,14,12,8,2,5,TennisMyLife,2020_challenger.csv,2020,2026-08-23T06:37:21.010456+00:00,1944,506a385fd202b6d38b7777b13c8619d5,NEW_MATCH,0,,dmitry popko,ulises blanch,cary,r32,hard
2020-7316,Cary,Hard,32,C,,20201115,8,GK06,,,Alexis Galarneau,R,180,CAN,21.708,573,47,MK66,8,,Mackenzie McDonald,R,178,USA,25.585,193,320,6-2 4-6 6-1,3,R32,145,3,1,76,41,28,22,13,4,6,0,4,89,52,31,15,12,9,14,TennisMyLife,2020_challenger.csv,2020,2026-08-23T06:37:21.010456+00:00,1945,351abbcbe7d88325ff3c7b3796d89fed,NEW_MATCH,0,,alexis galarneau,mackenzie mcdonald,cary,r32,hard
2020-7316,Cary,Hard,32,C,,20201115,9,E865,,,Christopher Eubanks,R,201,USA,24.531,248,217,HB05,,,Christian Harrison,R,180,USA,26.467,896,14,7-5 7-5,3,R32,99,10,3,83,52,34,22,12,6,6,3,0,62,38,27,17,12,2,4,TennisMyLife,2020_challenger.csv,2020,2026-08-23T06:37:21.010456+00:00,1946,e938a4958f11eae6325874795f097185,NEW_MATCH,0,,christopher eubanks,christian harrison,cary,r32,hard
2020-7316,Cary,Hard,32,C,,20201115,10,G681,,,Teymuraz Gabashvili,R,185,GEO,35.483,276,188,RB56,,,Ramkumar Ramanathan,R,188,IND,26.021,185,340,3-6 6-4 6-1,3,R32,134,3,9,85,46,33,17,13,7,11,4,7,67,30,22,12,13,2,8,TennisMyLife,2020_challenger.csv,2020,2026-08-23T06:37:21.010456+00:00,1947,73cc5834999ab03e707f6188dfc83986,NEW_MATCH,0,,teymuraz gabashvili,ramkumar ramanathan,cary,r32,hard
2020-7316,Cary,Hard,32,C,,20201115,11,J0B5,,,Garrett Johns,R,180,USA,19.912,1154,6,RC96,,,Noah Rubin,R,175,USA,24.734,244,219,4-6 6-3 7-5,3,R32,162,6,0,101,61,44,25,16,7,9,1,2,103,60,43,21,15,6,9,TennisMyLife,2020_challenger.csv,2020,2026-08-23T06:37:21.010456+00:00,1948,272cfa4b7826dbfe63918d4f20e48711,NEW_MATCH,0,,garrett johns,noah rubin,cary,r32,hard
2020-7316,Cary,Hard,32,C,,20201115,12,KC12,,,Mitchell Krueger,R,188,USA,26.842,197,311,Y218,,,Elias Ymer,R,185,SWE,24.6,201,307,6-1 6-2,3,R32,72,2,1,51,31,24,12,8,4,4,1,3,39,25,13,4,7,1,5,TennisMyLife,2020_challenger.csv,2020,2026-08-23T06:37:21.010456+00:00,1949,e2042efc963f28a30defcba764989d5d,NEW_MATCH,0,,mitchell krueger,elias ymer,cary,r32,hard
2020-7316,Cary,Hard,32,C,,20201115,13,N0AE,,,Brandon Nakashima,R,188,USA,19.285,206,292,KD35,,,Thai-Son Kwiatkowski,R,188,USA,25.755,209,281,4-6 6-4 7-5,3,R32,162,7,2,87,61,46,16,16,4,6,8,6,116,71,51,21,16,11,14,TennisMyLife,2020_challenger.csv,2020,2026-08-23T06:37:21.010456+00:00,1950,11d9b1523204c885eaf1a3ba467e2af9,NEW_MATCH,0,,brandon nakashima,thai son kwiatkowski,cary,r32,hard
2020-7316,Cary,Hard,32,C,,20201115,14,SM25,,,Jack Sock,R,191,USA,28.142,253,210,F811,,,Bjorn Fratangelo,R,183,USA,27.326,275,188,7-6(11) 6-3,3,R32,131,7,7,78,44,35,17,11,2,3,6,0,73,47,31,13,10,5,7,TennisMyLife,2020_challenger.csv,2020,2026-08-23T06:37:21.010456+00:00,1951,5f4c4b6f2fa8e50b811ac978023cb4cc,NEW_MATCH,0,,jack sock,bjorn fratangelo,cary,r32,hard
2020-7316,Cary,Hard,32,C,,20201115,15,TC12,,,Mikael Torpegaard,R,193,DEN,26.524,198,311,BT45,,,William Blumberg,R,188,USA,22.804,1713,1,3-6 6-3 6-4,3,R32,137,7,6,91,53,38,22,14,2,4,4,2,105,59,41,22,14,9,12,TennisMyLife,2020_challenger.csv,2020,2026-08-23T06:37:21.010456+00:00,1952,b72350c8ef7c50657062c883cc835c63,NEW_MATCH,0,,mikael torpegaard,william blumberg,cary,r32,hard
2020-7316,Cary,Hard,32,C,,20201115,16,W857,,,Tung-Lin Wu,R,188,TPE,22.513,257,209,MI01,,,Hiroki Moriya,R,168,JPN,30.084,237,227,7-6(5) 6-1,3,R32,110,6,1,54,35,26,11,9,1,3,0,5,76,44,24,15,10,7,12,TennisMyLife,2020_challenger.csv,2020,2026-08-23T06:37:21.010456+00:00,1953,4a7aa9f7acfe33a53ffe4664702aff79,NEW_MATCH,0,,tung lin wu,hiroki moriya,cary,r32,hard
2020-7316,Cary,Hard,32,C,,20201115,17,TC12,,,Mikael Torpegaard,R,193,DEN,26.524,198,311,MJ08,1,,Thiago Monteiro,L,183,BRA,26.461,84,804,4-6 6-3 6-4,3,R16,119,12,5,89,45,40,24,15,7,8,4,2,74,46,37,14,14,1,3,TennisMyLife,2020_challenger.csv,2020,2026-08-23T06:37:21.010456+00:00,1954,decd9850a2488ee12281c61f194dd27c,NEW_MATCH,0,,mikael torpegaard,thiago monteiro,cary,r16,hard
2020-7316,Cary,Hard,32,C,,20201115,18,KB09,2,,Denis Kudla,R,180,USA,28.246,124,521,J0B5,,,Garrett Johns,R,180,USA,19.912,1154,6,6-2 6-1,3,R16,61,5,1,39,22,19,10,7,0,0,4,3,42,20,11,7,8,1,6,TennisMyLife,2020_challenger.csv,2020,2026-08-23T06:37:21.010456+00:00,1955,47662de0a9dc988e8ba4d2f703c14b83,NEW_MATCH,0,,denis kudla,garrett johns,cary,r16,hard
2020-7316,Cary,Hard,32,C,,20201115,19,GE33,3,,Daniel Elahi Galan,R,191,COL,24.411,133,481,W857,,,Tung-Lin Wu,R,188,TPE,22.513,257,209,6-3 6-3,3,R16,79,9,0,47,30,23,11,9,1,2,0,2,56,33,21,7,9,1,5,TennisMyLife,2020_challenger.csv,2020,2026-08-23T06:37:21.010456+00:00,1956,71581eebccc33cec62196d2de3a9683c,NEW_MATCH,0,,daniel elahi galan,tung lin wu,cary,r16,hard
2020-7316,Cary,Hard,32,C,,20201115,20,GA94,4,,Prajnesh Gunneswaran,L,188,IND,31.009,146,427,SM25,,,Jack Sock,R,191,USA,28.142,253,210,6-7(3) 6-2 7-6(5),3,R16,179,6,4,102,62,45,27,16,2,3,7,3,127,79,49,30,16,9,12,TennisMyLife,2020_challenger.csv,2020,2026-08-23T06:37:21.010456+00:00,1957,876d5263ce9f15f0ebd9b082ec1b3ab6,NEW_MATCH,0,,prajnesh gunneswaran,jack sock,cary,r16,hard
2020-7316,Cary,Hard,32,C,,20201115,21,E865,,,Christopher Eubanks,R,201,USA,24.531,248,217,MP01,6,,Michael Mmoh,R,188,USA,22.847,173,361,W/O,3,R16,,,,,,,,,,,,,,,,,,,,TennisMyLife,2020_challenger.csv,2020,2026-08-23T06:37:21.010456+00:00,1958,1b08629d9fe9f19b31315db33dc2ac46,NEW_MATCH,0,,christopher eubanks,michael mmoh,cary,r16,hard
2020-7316,Cary,Hard,32,C,,20201115,22,PG20,7,,Dmitry Popko,R,191,KAZ,24.06,174,361,KC12,,,Mitchell Krueger,R,188,USA,26.842,197,311,6-3 3-6 6-3,3,R16,150,7,2,80,47,40,18,14,3,4,4,0,80,50,36,16,13,6,8,TennisMyLife,2020_challenger.csv,2020,2026-08-23T06:37:21.010456+00:00,1959,cd5b455115111dd9169ee01947bf1bba,NEW_MATCH,0,,dmitry popko,mitchell krueger,cary,r16,hard
2020-7316,Cary,Hard,32,C,,20201115,23,BD20,,,Thomaz Bellucci,L,188,BRA,32.879,297,152,G681,,,Teymuraz Gabashvili,R,185,GEO,35.483,276,188,6-3 7-6(7),3,R16,129,4,5,70,34,27,19,11,0,2,3,7,80,48,31,13,10,5,8,TennisMyLife,2020_challenger.csv,2020,2026-08-23T06:37:21.010456+00:00,1960,2e57c0ba37a6332e4ace3ea64bdfb74d,NEW_MATCH,0,,thomaz bellucci,teymuraz gabashvili,cary,r16,hard
2020-7316,Cary,Hard,32,C,,20201115,24,N0AE,,,Brandon Nakashima,R,188,USA,19.285,206,292,GK06,,,Alexis Galarneau,R,180,CAN,21.708,573,47,6-3 6-2,3,R16,76,6,0,50,41,31,7,9,1,1,0,3,44,23,14,10,8,1,4,TennisMyLife,2020_challenger.csv,2020,2026-08-23T06:37:21.010456+00:00,1961,675e13415d7fa629bdf267e5c2b0cde9,NEW_MATCH,0,,brandon nakashima,alexis galarneau,cary,r16,hard
2020-7316,Cary,Hard,32,C,,20201115,25,KB09,2,,Denis Kudla,R,180,USA,28.246,124,521,PG20,7,,Dmitry Popko,R,191,KAZ,24.06,174,361,6-4 6-1,3,QF,87,0,0,43,24,18,15,8,2,2,1,1,85,43,23,21,9,7,11,TennisMyLife,2020_challenger.csv,2020,2026-08-23T06:37:21.010456+00:00,1962,ddb57a1113a2b8ab454b720863965ef0,NEW_MATCH,0,,denis kudla,dmitry popko,cary,qf,hard
2020-7316,Cary,Hard,32,C,,20201115,26,GE33,3,,Daniel Elahi Galan,R,191,COL,24.411,133,481,E865,,,Christopher Eubanks,R,201,USA,24.531,248,217,6-4 6-4,3,QF,73,8,2,69,41,29,18,10,2,3,6,4,57,36,26,9,10,2,5,TennisMyLife,2020_challenger.csv,2020,2026-08-23T06:37:21.010456+00:00,1963,0c7ab0d9d93f844d0aae1429140bfdb4,NEW_MATCH,0,,daniel elahi galan,christopher eubanks,cary,qf,hard
2020-7316,Cary,Hard,32,C,,20201115,27,GA94,4,,Prajnesh Gunneswaran,L,188,IND,31.009,146,427,BD20,,,Thomaz Bellucci,L,188,BRA,32.879,297,152,3-6 7-5 7-6(5),3,QF,176,3,1,116,64,41,25,16,5,10,1,5,126,66,45,27,17,12,17,TennisMyLife,2020_challenger.csv,2020,2026-08-23T06:37:21.010456+00:00,1964,c23203cec748a3acd58f7cb73b35f208,NEW_MATCH,0,,prajnesh gunneswaran,thomaz bellucci,cary,qf,hard
2020-7316,Cary,Hard,32,C,,20201115,28,TC12,,,Mikael Torpegaard,R,193,DEN,26.524,198,311,N0AE,,,Brandon Nakashima,R,188,USA,19.285,206,292,6-2 3-6 7-5,3,QF,121,4,4,90,57,37,18,14,7,11,2,4,87,50,30,17,15,5,11,TennisMyLife,2020_challenger.csv,2020,2026-08-23T06:37:21.010456+00:00,1965,b452df6e57e19b216e35fb1bae98fabb,NEW_MATCH,0,,mikael torpegaard,brandon nakashima,cary,qf,hard
2020-7316,Cary,Hard,32,C,,20201115,29,KB09,2,,Denis Kudla,R,180,USA,28.246,124,521,GE33,3,,Daniel Elahi Galan,R,191,COL,24.411,133,481,6-7(6) 6-1 6-4,3,SF,122,8,1,95,60,46,22,15,4,4,11,2,88,54,37,20,14,5,8,TennisMyLife,2020_challenger.csv,2020,2026-08-23T06:37:21.010456+00:00,1966,060095dcccaf9b588234a31f1624862c,NEW_MATCH,0,,denis kudla,daniel elahi galan,cary,sf,hard
2020-7316,Cary,Hard,32,C,,20201115,30,GA94,4,,Prajnesh Gunneswaran,L,188,IND,31.009,146,427,TC12,,,Mikael Torpegaard,R,193,DEN,26.524,198,311,W/O,3,SF,,,,,,,,,,,,,,,,,,,,TennisMyLife,2020_challenger.csv,2020,2026-08-23T06:37:21.010456+00:00,1967,7360f970eb7af90160ab56e2204bd728,NEW_MATCH,0,,prajnesh gunneswaran,mikael torpegaard,cary,sf,hard
2020-7316,Cary,Hard,32,C,,20201115,31,KB09,2,,Denis Kudla,R,180,USA,28.246,124,521,GA94,4,,Prajnesh Gunneswaran,L,188,IND,31.009,146,427,3-6 6-3 6-0,3,F,92,6,0,63,34,26,14,12,0,3,11,3,79,46,25,14,12,6,12,TennisMyLife,2020_challenger.csv,2020,2026-08-23T06:37:21.010456+00:00,1968,1ced48f32cd0536b72af1b98c5055969,NEW_MATCH,0,,denis kudla,prajnesh gunneswaran,cary,f,hard
2020-6204,Ortisei,Hard,32,C,,20201122,1,MP20,,,Alexandre Muller,R,183,FRA,23.806,214,276,U134,1,,Yasutaka Uchiyama,R,183,JPN,28.298,102,696,6-3 6-4,3,R32,61,2,2,49,34,29,11,10,0,0,3,0,47,30,24,7,9,1,3,TennisMyLife,2020_challenger.csv,2020,2026-08-23T06:37:21.010456+00:00,1969,6c05d448711b1e027bbbc9d595140ced,NEW_MATCH,0,,alexandre muller,yasutaka uchiyama,ortisei,r32,hard
2020-6204,Ortisei,Hard,32,C,,20201122,2,I305,2,,Ilya Ivashka,R,193,BLR,26.743,113,601,V490,,,Matteo Viola,R,185,ITA,33.38,222,256,6-1 6-1,3,R32,50,10,1,37,28,24,5,7,0,0,1,2,48,25,11,11,7,5,10,TennisMyLife,2020_challenger.csv,2020,2026-08-23T06:37:21.010456+00:00,1970,3641aa190d7fe1bef7fba52883263cb3,NEW_MATCH,0,,ilya ivashka,matteo viola,ortisei,r32,hard
2020-6204,Ortisei,Hard,32,C,,20201122,3,KC56,3,,Aslan Karatsev,R,185,RUS,27.217,111,613,MN13,,,Maximilian Marterer,L,188,GER,25.44,208,300,7-6(4) 6-2,3,R32,85,9,4,61,38,32,15,10,2,2,7,3,73,42,32,13,10,3,5,TennisMyLife,2020_challenger.csv,2020,2026-08-23T06:37:21.010456+00:00,1971,1f23fff242c6e8eba6bc80cb8520217d,NEW_MATCH,0,,aslan karatsev,maximilian marterer,ortisei,r32,hard
2020-6204,Ortisei,Hard,32,C,,20201122,4,MJ01,,,Roberto Marcora,R,193,ITA,31.231,178,352,M0EJ,4,,Lorenzo Musetti,R,185,ITA,18.724,127,509,6-3 7-6(5),3,R32,78,5,7,61,36,32,16,11,0,0,6,4,63,41,31,10,10,0,1,TennisMyLife,2020_challenger.csv,2020,2026-08-23T06:37:21.010456+00:00,1972,ab6e5c43ad8469dd3beb114303a643a1,NEW_MATCH,0,,roberto marcora,lorenzo musetti,ortisei,r32,hard
2020-6204,Ortisei,Hard,32,C,,20201122,5,HA71,5,,Antoine Hoang,R,183,FRA,25.051,126,510,RC91,,,Arthur Rinderknech,R,196,FRA,25.336,176,358,6-4 3-6 7-6(5),3,R32,128,5,1,95,65,50,19,15,3,4,17,3,87,61,50,14,16,0,1,TennisMyLife,2020_challenger.csv,2020,2026-08-23T06:37:21.010456+00:00,1973,b65fd8215fa116ba69591c5c8aecd0bc,NEW_MATCH,0,,antoine hoang,arthur rinderknech,ortisei,r32,hard
2020-6204,Ortisei,Hard,32,C,,20201122,6,GB53,6,,Federico Gaio,R,178,ITA,28.717,139,466,PH64,,,Andrea Pellegrino,R,185,ITA,23.669,277,187,6-3 6-4,3,R32,64,4,1,61,32,26,17,10,2,2,5,1,50,33,24,9,9,3,5,TennisMyLife,2020_challenger.csv,2020,2026-08-23T06:37:21.010456+00:00,1974,155e51f542dfc37f4dc0cd39c07836b0,NEW_MATCH,0,,federico gaio,andrea pellegrino,ortisei,r32,hard
2020-6204,Ortisei,Hard,32,C,,20201122,7,GF95,,,Hugo Grenier,R,196,FRA,24.668,253,213,R09X,7,,Jurij Rodionov,L,191,AUT,21.522,142,455,5-7 6-4 6-3,3,R32,116,11,2,87,54,44,16,15,4,6,8,5,100,56,36,26,16,4,8,TennisMyLife,2020_challenger.csv,2020,2026-08-23T06:37:21.010456+00:00,1975,faa1a13594dab5a14457334f928efae4,NEW_MATCH,0,,hugo grenier,jurij rodionov,ortisei,r32,hard
2020-6204,Ortisei,Hard,32,C,,20201122,8,K966,8,,Martin Klizan,L,191,SVK,31.368,149,425,Z0A1,,,Giulio Zeppieri,L,183,ITA,18.96,319,135,6-1 6-3,3,R32,50,3,4,44,23,17,13,8,2,3,3,5,50,28,16,7,8,3,8,TennisMyLife,2020_challenger.csv,2020,2026-08-23T06:37:21.010456+00:00,1976,415f58593701312cf85de09049ac631f,NEW_MATCH,0,,martin klizan,giulio zeppieri,ortisei,r32,hard
2020-6204,Ortisei,Hard,32,C,,20201122,9,CH05,,,Altug Celikbilek,R,183,TUR,24.208,327,130,KH56,,,Zdenek Kolar,R,183,CZE,24.12,231,250,6-4 6-2,3,R32,60,5,3,54,35,27,12,9,2,2,3,0,49,31,17,13,9,4,7,TennisMyLife,2020_challenger.csv,2020,2026-08-23T06:37:21.010456+00:00,1977,0b732ad771fe1685ff0d8460d2b2cd05,NEW_MATCH,0,,altug celikbilek,zdenek kolar,ortisei,r32,hard
2020-6204,Ortisei,Hard,32,C,,20201122,10,CI14,,,Jay Clarke,R,183,GBR,22.324,188,333,PH56,,,Patric Prinoth,,,ITA,24.227,1867,1,6-3 6-7(9) 6-3,3,R32,118,7,3,97,43,38,32,16,0,1,10,4,99,50,41,25,14,3,6,TennisMyLife,2020_challenger.csv,2020,2026-08-23T06:37:21.010456+00:00,1978,5b6f05b92405e74a8e41f461f67b5707,NEW_MATCH,0,,jay clarke,patric prinoth,ortisei,r32,hard
2020-6204,Ortisei,Hard,32,C,,20201122,11,HB31,,,Johannes Haerteis,L,196,GER,24.75,311,142,MN20,,,Daniel Masur,R,183,GER,26.045,242,223,6-3 6-7(10) 6-3,3,R32,121,18,3,112,69,51,22,16,4,5,10,4,91,62,51,7,14,4,7,TennisMyLife,2020_challenger.csv,2020,2026-08-23T06:37:21.010456+00:00,1979,4dfab35ac5532ed59b090eb01e442d52,NEW_MATCH,0,,johannes haerteis,daniel masur,ortisei,r32,hard
2020-6204,Ortisei,Hard,32,C,,20201122,12,KD87,,,Evgeny Karlovskiy,R,191,RUS,26.294,265,204,V717,,,Alexey Vatutin,R,178,RUS,28.071,248,218,6-1 6-3,3,R32,64,5,7,53,34,22,10,8,3,5,0,5,53,18,11,10,8,4,10,TennisMyLife,2020_challenger.csv,2020,2026-08-23T06:37:21.010456+00:00,1980,9c4dda123a9a3d03f84f6ff65742f057,NEW_MATCH,0,,evgeny karlovskiy,alexey vatutin,ortisei,r32,hard
2020-6204,Ortisei,Hard,32,C,,20201122,13,K09F,,,Pavel Kotov,R,191,RUS,22.012,270,194,C0BC,,,Maxime Cressy,R,201,USA,23.543,166,384,7-6(5) 4-6 6-4,3,R32,124,7,5,97,59,50,22,16,1,2,19,11,98,64,51,18,16,1,2,TennisMyLife,2020_challenger.csv,2020,2026-08-23T06:37:21.010456+00:00,1981,3bb7ba5da90882aa19ef65f266d9e79f,NEW_MATCH,0,,pavel kotov,maxime cressy,ortisei,r32,hard
2020-6204,Ortisei,Hard,32,C,,20201122,14,LB51,,,Julian Lenz,R,188,GER,27.762,256,210,KI63,,,Lukas Klein,R,193,SVK,22.672,294,164,6-3 7-5,3,R32,80,8,3,62,32,26,18,10,3,3,7,6,77,41,30,14,11,9,12,TennisMyLife,2020_challenger.csv,2020,2026-08-23T06:37:21.010456+00:00,1982,4881eea1fbd873769a6614d4cb071313,NEW_MATCH,0,,julian lenz,lukas klein,ortisei,r32,hard
2020-6204,Ortisei,Hard,32,C,,20201122,15,M0FH,,,Tomas Machac,R,183,CZE,20.11,197,318,N0BG,,,Luca Nardi,R,185,ITA,17.298,798,20,7-6(4) 7-6(8),3,R32,98,5,1,84,53,38,23,12,3,4,6,1,83,56,41,17,12,0,1,TennisMyLife,2020_challenger.csv,2020,2026-08-23T06:37:21.010456+00:00,1983,dfcfec9f4bc5b6945061935481a4916f,NEW_MATCH,0,,tomas machac,luca nardi,ortisei,r32,hard
2020-6204,Ortisei,Hard,32,C,,20201122,16,ME89,,,Illya Marchenko,R,185,UKR,33.207,218,266,O513,,,Sebastian Ofner,R,191,AUT,24.531,158,402,7-6(4) 6-1,3,R32,65,5,2,55,34,31,14,10,0,0,7,4,56,28,20,16,9,2,4,TennisMyLife,2020_challenger.csv,2020,2026-08-23T06:37:21.010456+00:00,1984,9d20102da6f083ff2b57dbe584ab4f01,NEW_MATCH,0,,illya marchenko,sebastian ofner,ortisei,r32,hard
2020-6204,Ortisei,Hard,32,C,,20201122,17,I305,2,,Ilya Ivashka,R,193,BLR,26.743,113,601,HB31,,,Johannes Haerteis,L,196,GER,24.75,311,142,7-6(6) 6-3,3,R16,81,10,4,65,41,37,10,11,0,1,5,9,72,46,39,5,10,4,6,TennisMyLife,2020_challenger.csv,2020,2026-08-23T06:37:21.010456+00:00,1985,061bda78b6b0bbb35d70e338bb3ed9b9,NEW_MATCH,0,,ilya ivashka,johannes haerteis,ortisei,r16,hard
2020-6204,Ortisei,Hard,32,C,,20201122,18,KC56,3,,Aslan Karatsev,R,185,RUS,27.217,111,613,KD87,,,Evgeny Karlovskiy,R,191,RUS,26.294,265,204,7-5 6-4,3,R16,86,2,4,74,55,37,8,11,7,9,4,6,64,36,27,9,11,1,5,TennisMyLife,2020_challenger.csv,2020,2026-08-23T06:37:21.010456+00:00,1986,b6c052b60cd34f46a0911e6b787d9707,NEW_MATCH,0,,aslan karatsev,evgeny karlovskiy,ortisei,r16,hard
2020-6204,Ortisei,Hard,32,C,,20201122,19,HA71,5,,Antoine Hoang,R,183,FRA,25.051,126,510,K09F,,,Pavel Kotov,R,191,RUS,22.012,270,194,6-2 6-4,3,R16,69,3,0,53,44,31,8,9,3,3,6,0,53,36,24,9,9,3,6,TennisMyLife,2020_challenger.csv,2020,2026-08-23T06:37:21.010456+00:00,1987,1465a3be9889fe1094207079f191b6e2,NEW_MATCH,0,,antoine hoang,pavel kotov,ortisei,r16,hard
2020-6204,Ortisei,Hard,32,C,,20201122,20,GB53,6,,Federico Gaio,R,178,ITA,28.717,139,466,CH05,,,Altug Celikbilek,R,183,TUR,24.208,327,130,6-4 7-5,3,R16,76,8,6,70,40,34,16,11,0,0,13,3,63,40,34,7,11,2,4,TennisMyLife,2020_challenger.csv,2020,2026-08-23T06:37:21.010456+00:00,1988,41865bead4617757dc85432413933684,NEW_MATCH,0,,federico gaio,altug celikbilek,ortisei,r16,hard
2020-6204,Ortisei,Hard,32,C,,20201122,21,M0FH,,,Tomas Machac,R,183,CZE,20.11,197,318,K966,8,,Martin Klizan,L,191,SVK,31.368,149,425,6-4 6-2,3,R16,55,7,2,44,31,28,9,9,0,0,5,3,44,17,13,12,9,1,4,TennisMyLife,2020_challenger.csv,2020,2026-08-23T06:37:21.010456+00:00,1989,72b09e7d8cf7a548e0aae55ce7d181cd,NEW_MATCH,0,,tomas machac,martin klizan,ortisei,r16,hard
2020-6204,Ortisei,Hard,32,C,,20201122,22,LB51,,,Julian Lenz,R,188,GER,27.762,256,210,MJ01,,,Roberto Marcora,R,193,ITA,31.231,178,352,6-3 7-6(4),3,R16,84,7,10,77,46,38,12,11,3,5,9,3,69,36,24,16,10,3,6,TennisMyLife,2020_challenger.csv,2020,2026-08-23T06:37:21.010456+00:00,1990,7284a9370cb6b89fc0d9b9be9ed43dc2,NEW_MATCH,0,,julian lenz,roberto marcora,ortisei,r16,hard
2020-6204,Ortisei,Hard,32,C,,20201122,23,ME89,,,Illya Marchenko,R,185,UKR,33.207,218,266,GF95,,,Hugo Grenier,R,196,FRA,24.668,253,213,W/O,3,R16,,,,,,,,,,,,,,,,,,,,TennisMyLife,2020_challenger.csv,2020,2026-08-23T06:37:21.010456+00:00,1991,7160cec2d1db92e80289690b818d0737,NEW_MATCH,0,,illya marchenko,hugo grenier,ortisei,r16,hard
2020-6204,Ortisei,Hard,32,C,,20201122,24,MP20,,,Alexandre Muller,R,183,FRA,23.806,214,276,CI14,,,Jay Clarke,R,183,GBR,22.324,188,333,7-6(2) 6-7(4) 6-3,3,R16,132,12,3,113,76,58,21,17,5,6,15,1,95,58,45,23,16,1,3,TennisMyLife,2020_challenger.csv,2020,2026-08-23T06:37:21.010456+00:00,1992,a99613585bb8f1ad026fbb8932f8fa36,NEW_MATCH,0,,alexandre muller,jay clarke,ortisei,r16,hard
2020-6204,Ortisei,Hard,32,C,,20201122,25,I305,2,,Ilya Ivashka,R,193,BLR,26.743,113,601,M0FH,,,Tomas Machac,R,183,CZE,20.11,197,318,7-6(4) 7-6(5),3,QF,100,16,2,78,47,36,23,12,2,2,9,0,79,53,41,17,12,1,1,TennisMyLife,2020_challenger.csv,2020,2026-08-23T06:37:21.010456+00:00,1993,7f5e12465ebd394107d56280db26bc39,NEW_MATCH,0,,ilya ivashka,tomas machac,ortisei,qf,hard
2020-6204,Ortisei,Hard,32,C,,20201122,26,KC56,3,,Aslan Karatsev,R,185,RUS,27.217,111,613,GB53,6,,Federico Gaio,R,178,ITA,28.717,139,466,7-6(3) 6-3,3,QF,101,8,4,83,52,44,11,11,4,5,2,4,79,42,32,17,10,9,11,TennisMyLife,2020_challenger.csv,2020,2026-08-23T06:37:21.010456+00:00,1994,41e94eb48634c11260e54ca2a8645c47,NEW_MATCH,0,,aslan karatsev,federico gaio,ortisei,qf,hard
2020-6204,Ortisei,Hard,32,C,,20201122,27,HA71,5,,Antoine Hoang,R,183,FRA,25.051,126,510,LB51,,,Julian Lenz,R,188,GER,27.762,256,210,6-7(6) 6-4 6-3,3,QF,136,9,4,90,62,54,15,16,1,2,7,6,102,54,41,26,15,8,11,TennisMyLife,2020_challenger.csv,2020,2026-08-23T06:37:21.010456+00:00,1995,76b7b393d1b4d9fda11f9e3ae230e651,NEW_MATCH,0,,antoine hoang,julian lenz,ortisei,qf,hard
2020-6204,Ortisei,Hard,32,C,,20201122,28,MP20,,,Alexandre Muller,R,183,FRA,23.806,214,276,ME89,,,Illya Marchenko,R,185,UKR,33.207,218,266,6-7(5) 7-6(6) 7-5,3,QF,169,4,5,121,81,57,21,18,2,5,10,6,112,69,52,19,18,5,9,TennisMyLife,2020_challenger.csv,2020,2026-08-23T06:37:21.010456+00:00,1996,c62c845db728f97ec2f53e4177e72b01,NEW_MATCH,0,,alexandre muller,illya marchenko,ortisei,qf,hard
2020-6204,Ortisei,Hard,32,C,,20201122,29,I305,2,,Ilya Ivashka,R,193,BLR,26.743,113,601,KC56,3,,Aslan Karatsev,R,185,RUS,27.217,111,613,6-4 6-4,3,SF,86,5,3,71,41,32,14,10,3,4,11,3,66,42,31,9,10,3,6,TennisMyLife,2020_challenger.csv,2020,2026-08-23T06:37:21.010456+00:00,1997,adb44c3908a32c577806e760a72a6155,NEW_MATCH,0,,ilya ivashka,aslan karatsev,ortisei,sf,hard
2020-6204,Ortisei,Hard,32,C,,20201122,30,HA71,5,,Antoine Hoang,R,183,FRA,25.051,126,510,MP20,,,Alexandre Muller,R,183,FRA,23.806,214,276,3-6 6-2 6-2,3,SF,104,3,4,67,51,41,6,12,0,1,5,4,94,63,38,17,13,6,10,TennisMyLife,2020_challenger.csv,2020,2026-08-23T06:37:21.010456+00:00,1998,3f44dd1d47f63f1af3c6e68ab8d8b4eb,NEW_MATCH,0,,antoine hoang,alexandre muller,ortisei,sf,hard
2020-6204,Ortisei,Hard,32,C,,20201122,31,I305,2,,Ilya Ivashka,R,193,BLR,26.743,113,601,HA71,5,,Antoine Hoang,R,183,FRA,25.051,126,510,6-4 3-6 7-6(3),3,F,138,15,4,81,56,45,16,15,1,3,3,4,110,76,51,20,16,3,5,TennisMyLife,2020_challenger.csv,2020,2026-08-23T06:37:21.010456+00:00,1999,e3196d7467ac49301e2fd15b9c72cc89,NEW_MATCH,0,,ilya ivashka,antoine hoang,ortisei,f,hard
2020-7391,Guayaquil,Clay,32,C,,20201122,1,RB60,,,Oriol Roca Batalla,R,175,ESP,27.565,363,112,CE77,1,,Federico Coria,R,180,ARG,28.706,91,775,7-6(7) 6-7(2) 7-6(8),3,R32,227,10,5,139,100,68,13,18,9,15,3,4,142,109,67,18,18,10,16,TennisMyLife,2020_challenger.csv,2020,2026-08-23T06:37:21.010456+00:00,2000,5ac8ac7d0f1984b721d345e65c179048,NEW_MATCH,0,,oriol roca batalla,federico coria,guayaquil,r32,clay
2020-7391,Guayaquil,Clay,32,C,,20201122,2,CF59,2,,Roberto Carballes Baena,R,183,ESP,27.669,103,694,CG07,,,Hernan Casanova,R,178,ARG,26.793,378,105,5-0 RET,3,R32,36,3,2,34,23,18,3,3,2,2,0,0,18,11,5,2,2,1,3,TennisMyLife,2020_challenger.csv,2020,2026-08-23T06:37:21.010456+00:00,2001,5c818dc01c462767d68b143a8a03af61,NEW_MATCH,0,,roberto carballes baena,hernan casanova,guayaquil,r32,clay
2020-7391,Guayaquil,Clay,32,C,,20201122,3,MF35,3,,Andrej Martin,R,183,SVK,31.173,105,686,O340,,,Roberto Ortega-Olmedo,R,168,ESP,29.566,290,170,6-4 7-5,3,R32,99,4,2,67,42,31,16,11,5,6,0,3,68,47,29,11,11,4,7,TennisMyLife,2020_challenger.csv,2020,2026-08-23T06:37:21.010456+00:00,2002,8287d15a9f420dd5c1d3afb3bae597e7,NEW_MATCH,0,,andrej martin,roberto ortega olmedo,guayaquil,r32,clay
2020-7391,Guayaquil,Clay,32,C,,20201122,4,MU94,4,,Jaume Munar,R,183,ESP,23.551,108,646,FA43,,,Juan Pablo Ficovich,R,188,ARG,23.828,205,304,5-7 6-4 6-2,3,R32,160,0,4,99,73,46,12,15,7,12,2,3,95,55,30,21,15,6,13,TennisMyLife,2020_challenger.csv,2020,2026-08-23T06:37:21.010456+00:00,2003,e3a8c51b19dfe71ac98fefc51b421ff3,NEW_MATCH,0,,jaume munar,juan pablo ficovich,guayaquil,r32,clay
2020-7391,Guayaquil,Clay,32,C,,20201122,5,S483,5,,Pedro Sousa,R,180,POR,32.49,112,610,EA24,,,Tomas Martin Etcheverry,R,196,ARG,21.35,254,212,2-6 6-4 6-4,3,R32,120,2,1,73,57,36,9,14,0,4,2,3,83,60,40,9,14,1,5,TennisMyLife,2020_challenger.csv,2020,2026-08-23T06:37:21.010456+00:00,2004,8f340405dcd6d6761512721eaaf9c4ef,NEW_MATCH,0,,pedro sousa,tomas martin etcheverry,guayaquil,r32,clay
2020-7391,Guayaquil,Clay,32,C,,20201122,6,V836,6,,Juan Pablo Varillas,R,185,PER,25.131,157,403,MW75,,,Felipe Meligeni Alves,R,185,BRA,22.757,304,146,7-5 6-4,3,R32,93,2,1,64,41,32,8,11,6,9,7,0,57,36,25,7,11,2,7,TennisMyLife,2020_challenger.csv,2020,2026-08-23T06:37:21.010456+00:00,2005,7d549548f17178120eddcbf006a2a993,NEW_MATCH,0,,juan pablo varillas,felipe meligeni alves,guayaquil,r32,clay
2020-7391,Guayaquil,Clay,32,C,,20201122,7,MJ98,,,Facundo Mena,R,183,ARG,28.167,237,230,GA36,7,,Emilio Gomez,R,185,ECU,28.986,159,395,3-6 7-6(7) 6-2,3,R32,138,5,2,100,49,33,25,14,6,11,2,4,92,57,38,12,15,2,8,TennisMyLife,2020_challenger.csv,2020,2026-08-23T06:37:21.010456+00:00,2006,104f4ae98ddf270a0c346140e4ef8abe,NEW_MATCH,0,,facundo mena,emilio gomez,guayaquil,r32,clay
2020-7391,Guayaquil,Clay,32,C,,20201122,8,TE30,8,,Alejandro Tabilo,L,188,CHI,23.474,174,362,MN70,,,Joao Menezes,R,185,BRA,23.932,204,305,6-3 7-5,3,R32,88,6,3,67,46,33,14,11,5,6,4,3,65,46,30,8,10,4,7,TennisMyLife,2020_challenger.csv,2020,2026-08-23T06:37:21.010456+00:00,2007,f084372b5cb5114eb449f13e64803257,NEW_MATCH,0,,alejandro tabilo,joao menezes,guayaquil,r32,clay
2020-7391,Guayaquil,Clay,32,C,,20201122,9,B0BI,,,Sebastian Baez,R,170,ARG,19.901,333,128,Q941,,,Roberto Quiroz,L,193,ECU,28.747,295,164,7-5 7-6(1),3,R32,110,2,1,87,75,49,6,12,8,11,3,2,70,41,27,14,12,2,6,TennisMyLife,2020_challenger.csv,2020,2026-08-23T06:37:21.010456+00:00,2008,f1e4a27aeb342e4b997575152b6e5df3,NEW_MATCH,0,,sebastian baez,roberto quiroz,guayaquil,r32,clay
2020-7391,Guayaquil,Clay,32,C,,20201122,10,BS86,,,Tomas Barrios Vera,R,191,CHI,22.951,278,185,T0A1,,,Thiago Agustin Tirante,R,185,ARG,19.619,554,52,6-3 6-2,3,R32,96,2,1,45,27,22,12,8,3,3,3,0,80,59,32,9,9,8,12,TennisMyLife,2020_challenger.csv,2020,2026-08-23T06:37:21.010456+00:00,2009,16b0624e8776a0fc53357d08c23de913,NEW_MATCH,0,,tomas barrios vera,thiago agustin tirante,guayaquil,r32,clay
2020-7391,Guayaquil,Clay,32,C,,20201122,11,C0AU,,,Francisco Cerundolo,R,185,ARG,22.278,198,316,SL94,,,Pedro Sakamoto,R,178,BRA,27.4,306,145,6-3 6-3,3,R32,81,4,2,50,35,25,11,9,3,4,1,0,61,44,25,7,9,4,8,TennisMyLife,2020_challenger.csv,2020,2026-08-23T06:37:21.010456+00:00,2010,eea7d21b86cb8ba801330e769248306d,NEW_MATCH,0,,francisco cerundolo,pedro sakamoto,guayaquil,r32,clay
2020-7391,Guayaquil,Clay,32,C,,20201122,12,D0C1,,,Jesper de Jong,R,180,NED,20.479,349,118,V824,,,Mario Vilella Martinez,R,178,ESP,25.391,187,339,5-7 6-3 7-5,3,R32,141,6,1,87,64,49,15,17,2,4,11,10,102,54,46,21,16,8,11,TennisMyLife,2020_challenger.csv,2020,2026-08-23T06:37:21.010456+00:00,2011,458cbfd195a65b98a3469f5e999d03dc,NEW_MATCH,0,,jesper de jong,mario vilella martinez,guayaquil,r32,clay
2020-7391,Guayaquil,Clay,32,C,,20201122,13,E661,,,Gonzalo Escobar,L,178,ECU,31.838,447,80,H928,,,Diego Hidalgo,L,180,ECU,27.598,382,104,6-3 7-6(5),3,R32,106,3,1,61,42,33,11,11,3,5,3,0,73,46,26,16,10,6,9,TennisMyLife,2020_challenger.csv,2020,2026-08-23T06:37:21.010456+00:00,2012,42c8b20f8852c23e80667dbe32d63d6a,NEW_MATCH,0,,gonzalo escobar,diego hidalgo,guayaquil,r32,clay
2020-7391,Guayaquil,Clay,32,C,,20201122,14,KI82,,,Vit Kopriva,R,178,CZE,23.439,303,147,KD70,,,Pedja Krstin,R,183,SRB,26.22,264,204,6-1 6-4,3,R32,82,5,1,52,33,23,11,9,1,3,4,5,58,30,17,10,8,3,8,TennisMyLife,2020_challenger.csv,2020,2026-08-23T06:37:21.010456+00:00,2013,f8a9c25754f6f2ba19205d7e4dd61edf,NEW_MATCH,0,,vit kopriva,pedja krstin,guayaquil,r32,clay
2020-7391,Guayaquil,Clay,32,C,,20201122,15,LA94,,,Christian Lindell,R,193,SWE,29.008,335,127,M0AA,,,Cayetano March,R,175,ECU,20.389,670,32,7-6(5) 6-4,3,R32,131,3,6,85,49,33,18,11,8,11,3,1,71,49,30,9,11,1,5,TennisMyLife,2020_challenger.csv,2020,2026-08-23T06:37:21.010456+00:00,2014,8c3c4c5e112d9fc189008cf86b1f9d71,NEW_MATCH,0,,christian lindell,cayetano march,guayaquil,r32,clay
2020-7391,Guayaquil,Clay,32,C,,20201122,16,O376,,,Renzo Olivo,R,178,ARG,28.69,217,269,SO20,,,Jelle Sels,R,188,NED,25.287,337,125,4-6 6-2 6-4,3,R32,144,1,7,81,53,37,9,14,1,6,4,2,82,47,25,14,14,4,11,TennisMyLife,2020_challenger.csv,2020,2026-08-23T06:37:21.010456+00:00,2015,9960b37532e5f82fac43e8ef75eef12c,NEW_MATCH,0,,renzo olivo,jelle sels,guayaquil,r32,clay
2020-7391,Guayaquil,Clay,32,C,,20201122,17,CF59,2,,Roberto Carballes Baena,R,183,ESP,27.669,103,694,O376,,,Renzo Olivo,R,178,ARG,28.69,217,269,6-4 6-4,3,R16,109,1,1,64,51,37,10,10,3,3,0,0,61,50,31,7,10,2,4,TennisMyLife,2020_challenger.csv,2020,2026-08-23T06:37:21.010456+00:00,2016,359cb15c317c8f748f237aad5f03acf3,NEW_MATCH,0,,roberto carballes baena,renzo olivo,guayaquil,r16,clay
2020-7391,Guayaquil,Clay,32,C,,20201122,18,MF35,3,,Andrej Martin,R,183,SVK,31.173,105,686,BS86,,,Tomas Barrios Vera,R,191,CHI,22.951,278,185,6-4 6-1,3,R16,86,3,2,57,32,23,17,9,4,4,2,0,58,49,30,2,8,9,12,TennisMyLife,2020_challenger.csv,2020,2026-08-23T06:37:21.010456+00:00,2017,d7aadfcff81d69533b6b944a7fb53d53,NEW_MATCH,0,,andrej martin,tomas barrios vera,guayaquil,r16,clay
2020-7391,Guayaquil,Clay,32,C,,20201122,19,MU94,4,,Jaume Munar,R,183,ESP,23.551,108,646,LA94,,,Christian Lindell,R,193,SWE,29.008,335,127,6-0 4-6 6-4,3,R16,170,4,5,98,71,50,11,13,8,10,6,2,101,64,33,19,13,13,18,TennisMyLife,2020_challenger.csv,2020,2026-08-23T06:37:21.010456+00:00,2018,4ccd7acf8c872d2a73004863cc0b140c,NEW_MATCH,0,,jaume munar,christian lindell,guayaquil,r16,clay
2020-7391,Guayaquil,Clay,32,C,,20201122,20,S483,5,,Pedro Sousa,R,180,POR,32.49,112,610,KI82,,,Vit Kopriva,R,178,CZE,23.439,303,147,1-6 6-3 6-4,3,R16,109,1,2,89,58,30,15,13,11,17,7,2,76,48,24,15,13,3,9,TennisMyLife,2020_challenger.csv,2020,2026-08-23T06:37:21.010456+00:00,2019,6aafa94c22f29fef4a1020846dfad2b5,NEW_MATCH,0,,pedro sousa,vit kopriva,guayaquil,r16,clay
2020-7391,Guayaquil,Clay,32,C,,20201122,21,C0AU,,,Francisco Cerundolo,R,185,ARG,22.278,198,316,V836,6,,Juan Pablo Varillas,R,185,PER,25.131,157,403,6-1 6-7(9) 7-6(2),3,R16,165,7,3,110,68,50,23,16,2,3,3,1,109,72,52,17,15,9,12,TennisMyLife,2020_challenger.csv,2020,2026-08-23T06:37:21.010456+00:00,2020,771fbafef409f7fb702699a16dbd6195,NEW_MATCH,0,,francisco cerundolo,juan pablo varillas,guayaquil,r16,clay
2020-7391,Guayaquil,Clay,32,C,,20201122,22,D0C1,,,Jesper de Jong,R,180,NED,20.479,349,118,TE30,8,,Alejandro Tabilo,L,188,CHI,23.474,174,362,6-2 6-2,3,R16,75,6,1,55,34,26,12,8,3,3,0,2,48,33,17,8,8,2,6,TennisMyLife,2020_challenger.csv,2020,2026-08-23T06:37:21.010456+00:00,2021,c63f8312839f369b383c3a2b1dc13bca,NEW_MATCH,0,,jesper de jong,alejandro tabilo,guayaquil,r16,clay
2020-7391,Guayaquil,Clay,32,C,,20201122,23,B0BI,,,Sebastian Baez,R,170,ARG,19.901,333,128,MJ98,,,Facundo Mena,R,183,ARG,28.167,237,230,7-6(4) 6-2,3,R16,100,2,1,74,59,40,10,10,4,6,3,0,63,41,26,10,10,3,7,TennisMyLife,2020_challenger.csv,2020,2026-08-23T06:37:21.010456+00:00,2022,2e4a2c768c357bdac82785ed823f1795,NEW_MATCH,0,,sebastian baez,facundo mena,guayaquil,r16,clay
2020-7391,Guayaquil,Clay,32,C,,20201122,24,RB60,,,Oriol Roca Batalla,R,175,ESP,27.565,363,112,E661,,,Gonzalo Escobar,L,178,ECU,31.838,447,80,6-4 6-3,3,R16,70,3,0,52,45,37,4,10,0,0,1,0,51,39,27,4,9,2,4,TennisMyLife,2020_challenger.csv,2020,2026-08-23T06:37:21.010456+00:00,2023,b7517f7248d77ee0b7ca0f8ea5115694,NEW_MATCH,0,,oriol roca batalla,gonzalo escobar,guayaquil,r16,clay
2020-7391,Guayaquil,Clay,32,C,,20201122,25,CF59,2,,Roberto Carballes Baena,R,183,ESP,27.669,103,694,S483,5,,Pedro Sousa,R,180,POR,32.49,112,610,6-4 6-2,3,QF,74,2,2,57,42,29,10,9,2,3,0,2,49,31,18,9,9,1,5,TennisMyLife,2020_challenger.csv,2020,2026-08-23T06:37:21.010456+00:00,2024,4408aafb87bbeef869b51bcbed0e2587,NEW_MATCH,0,,roberto carballes baena,pedro sousa,guayaquil,qf,clay
2020-7391,Guayaquil,Clay,32,C,,20201122,26,MF35,3,,Andrej Martin,R,183,SVK,31.173,105,686,B0BI,,,Sebastian Baez,R,170,ARG,19.901,333,128,6-4 6-4,3,QF,94,2,0,54,32,25,15,10,2,3,0,2,68,51,34,6,10,5,8,TennisMyLife,2020_challenger.csv,2020,2026-08-23T06:37:21.010456+00:00,2025,52252e97526fb8734a74ad187c406356,NEW_MATCH,0,,andrej martin,sebastian baez,guayaquil,qf,clay
2020-7391,Guayaquil,Clay,32,C,,20201122,27,C0AU,,,Francisco Cerundolo,R,185,ARG,22.278,198,316,MU94,4,,Jaume Munar,R,183,ESP,23.551,108,646,4-6 6-4 6-2,3,QF,131,1,3,103,71,42,15,14,11,15,0,2,83,60,37,10,14,2,8,TennisMyLife,2020_challenger.csv,2020,2026-08-23T06:37:21.010456+00:00,2026,0b923c455a2ee6c565afbbacfaaee884,NEW_MATCH,0,,francisco cerundolo,jaume munar,guayaquil,qf,clay
2020-7391,Guayaquil,Clay,32,C,,20201122,28,D0C1,,,Jesper de Jong,R,180,NED,20.479,349,118,RB60,,,Oriol Roca Batalla,R,175,ESP,27.565,363,112,6-2 6-2,3,QF,78,7,1,48,33,25,9,8,3,4,2,3,48,32,17,3,8,2,7,TennisMyLife,2020_challenger.csv,2020,2026-08-23T06:37:21.010456+00:00,2027,000e6cbf97706e35202edf17e34a1991,NEW_MATCH,0,,jesper de jong,oriol roca batalla,guayaquil,qf,clay
2020-7391,Guayaquil,Clay,32,C,,20201122,29,C0AU,,,Francisco Cerundolo,R,185,ARG,22.278,198,316,CF59,2,,Roberto Carballes Baena,R,183,ESP,27.669,103,694,6-2 6-1,3,SF,74,0,1,35,21,16,9,7,0,1,1,4,67,39,19,10,8,8,14,TennisMyLife,2020_challenger.csv,2020,2026-08-23T06:37:21.010456+00:00,2028,3675ee53349a0aa9831e6188415a93cd,NEW_MATCH,0,,francisco cerundolo,roberto carballes baena,guayaquil,sf,clay
2020-7391,Guayaquil,Clay,32,C,,20201122,30,MF35,3,,Andrej Martin,R,183,SVK,31.173,105,686,D0C1,,,Jesper de Jong,R,180,NED,20.479,349,118,6-3 2-6 6-3,3,SF,137,3,3,90,63,44,7,13,11,15,2,1,96,69,39,14,13,6,11,TennisMyLife,2020_challenger.csv,2020,2026-08-23T06:37:21.010456+00:00,2029,0ff852c15e079f4d35f0cd2956b98bd4,NEW_MATCH,0,,andrej martin,jesper de jong,guayaquil,sf,clay
2020-7391,Guayaquil,Clay,32,C,,20201122,31,C0AU,,,Francisco Cerundolo,R,185,ARG,22.278,198,316,MF35,3,,Andrej Martin,R,183,SVK,31.173,105,686,6-4 3-6 6-2,3,F,108,2,2,84,66,43,11,14,3,5,1,1,65,40,29,16,13,2,5,TennisMyLife,2020_challenger.csv,2020,2026-08-23T06:37:21.010456+00:00,2030,42bd5194bf06a8ef7e393179019729bd,NEW_MATCH,0,,francisco cerundolo,andrej martin,guayaquil,f,clay
2020-9152,Orlando,Hard,32,C,,20201122,1,MJ08,1,,Thiago Monteiro,L,183,BRA,26.48,84,804,KE64,,,Stefan Kozlov,R,183,USA,22.806,375,106,6-1 6-3,3,R32,99,2,1,46,32,26,8,8,1,1,0,3,62,38,19,13,8,5,9,TennisMyLife,2020_challenger.csv,2020,2026-08-23T06:37:21.010456+00:00,2031,7d299b64fa2ffc3d014ad8fa0d8b353d,NEW_MATCH,0,,thiago monteiro,stefan kozlov,orlando,r32,hard
2020-9152,Orlando,Hard,32,C,,20201122,2,KB09,2,,Denis Kudla,R,180,USA,28.266,114,593,KB14,,,Kevin King,L,191,USA,29.733,299,151,6-4 6-3,3,R32,102,0,4,66,35,24,14,9,5,7,3,9,67,39,25,10,10,5,10,TennisMyLife,2020_challenger.csv,2020,2026-08-23T06:37:21.010456+00:00,2032,a4851d9f35163f22ccd339db1a30fc15,NEW_MATCH,0,,denis kudla,kevin king,orlando,r32,hard
2020-9152,Orlando,Hard,32,C,,20201122,3,F811,,,Bjorn Fratangelo,R,183,USA,27.346,276,188,GE33,3,,Daniel Elahi Galan,R,191,COL,24.43,128,504,6-3 6-3,3,R32,83,3,2,51,27,19,15,9,1,2,3,3,52,27,15,11,9,1,5,TennisMyLife,2020_challenger.csv,2020,2026-08-23T06:37:21.010456+00:00,2033,f3ca514cf36feaf2c4c590ea4fb2e4e4,NEW_MATCH,0,,bjorn fratangelo,daniel elahi galan,orlando,r32,hard
2020-9152,Orlando,Hard,32,C,,20201122,4,GA94,4,,Prajnesh Gunneswaran,L,188,IND,31.028,137,468,D917,,,Sadio Doumbia,R,183,FRA,30.196,388,102,6-3 7-5,3,R32,84,3,3,66,41,32,14,11,4,5,6,1,60,36,20,15,10,4,7,TennisMyLife,2020_challenger.csv,2020,2026-08-23T06:37:21.010456+00:00,2034,80bd30fa099035d6a26bcc1652cedf7b,NEW_MATCH,0,,prajnesh gunneswaran,sadio doumbia,orlando,r32,hard
2020-9152,Orlando,Hard,32,C,,20201122,5,MI01,,,Hiroki Moriya,R,168,JPN,30.103,238,227,SK47,5,,Mohamed Safwat,R,180,EGY,30.177,156,410,6-1 6-1,3,R32,73,3,5,51,23,17,16,7,6,7,2,3,43,25,9,5,7,8,14,TennisMyLife,2020_challenger.csv,2020,2026-08-23T06:37:21.010456+00:00,2035,3d94fdc38640d78e77d21104c064285f,NEW_MATCH,0,,hiroki moriya,mohamed safwat,orlando,r32,hard
2020-9152,Orlando,Hard,32,C,,20201122,6,PG20,6,,Dmitry Popko,R,191,KAZ,24.079,172,366,RC96,,,Noah Rubin,R,175,USA,24.753,245,219,6-1 6-2,3,R32,93,1,1,58,37,26,9,7,7,8,2,3,54,30,16,8,8,5,11,TennisMyLife,2020_challenger.csv,2020,2026-08-23T06:37:21.010456+00:00,2036,e41e91117ee726e5e80886600c5bc9ba,NEW_MATCH,0,,dmitry popko,noah rubin,orlando,r32,hard
2020-9152,Orlando,Hard,32,C,,20201122,7,CF10,,,Nick Chappell,L,178,USA,28.175,437,84,RB56,7,,Ramkumar Ramanathan,R,188,IND,26.04,186,340,6-3 6-4,3,R32,78,1,1,60,40,28,11,10,4,6,1,3,48,24,15,10,9,4,8,TennisMyLife,2020_challenger.csv,2020,2026-08-23T06:37:21.010456+00:00,2037,a0cac5e8d60742ff3570752da1acc87d,NEW_MATCH,0,,nick chappell,ramkumar ramanathan,orlando,r32,hard
2020-9152,Orlando,Hard,32,C,,20201122,8,MK66,8,,Mackenzie McDonald,R,178,USA,25.604,196,320,G681,,,Teymuraz Gabashvili,R,185,GEO,35.502,272,192,6-2 6-1,3,R32,76,6,0,52,33,25,8,7,3,4,2,7,50,25,12,10,8,6,12,TennisMyLife,2020_challenger.csv,2020,2026-08-23T06:37:21.010456+00:00,2038,e74f7c4a58792e1db5c54bb9c3552dbf,NEW_MATCH,0,,mackenzie mcdonald,teymuraz gabashvili,orlando,r32,hard
2020-9152,Orlando,Hard,32,C,,20201122,9,E865,,,Christopher Eubanks,R,201,USA,24.55,239,225,KD35,,,Thai-Son Kwiatkowski,R,188,USA,25.774,211,283,6-7(1) 6-3 6-1,3,R32,131,20,3,84,56,46,12,14,3,4,9,4,83,47,31,18,14,5,10,TennisMyLife,2020_challenger.csv,2020,2026-08-23T06:37:21.010456+00:00,2039,3036c5290fbc7d46391c9bf01533c52d,NEW_MATCH,0,,christopher eubanks,thai son kwiatkowski,orlando,r32,hard
2020-9152,Orlando,Hard,32,C,,20201122,10,KC12,,,Mitchell Krueger,R,188,USA,26.861,199,313,PB22,,,Peter Polansky,R,183,CAN,32.438,216,270,6-4 6-4,3,R32,103,2,2,66,35,26,17,10,6,7,6,2,63,38,23,13,10,3,6,TennisMyLife,2020_challenger.csv,2020,2026-08-23T06:37:21.010456+00:00,2040,61535de56cb8a88634a16227d6c11c2b,NEW_MATCH,0,,mitchell krueger,peter polansky,orlando,r32,hard
2020-9152,Orlando,Hard,32,C,,20201122,11,K0A3,,,Patrick Kypson,R,188,USA,21.07,736,25,HB05,,,Christian Harrison,R,180,USA,26.486,829,18,6-3 7-6(8),3,R32,96,1,0,66,47,33,14,11,0,1,11,3,62,37,28,14,10,5,7,TennisMyLife,2020_challenger.csv,2020,2026-08-23T06:37:21.010456+00:00,2041,ce34fc58fc0f2b0d2e26f6fe1d1dd8cb,NEW_MATCH,0,,patrick kypson,christian harrison,orlando,r32,hard
2020-9152,Orlando,Hard,32,C,,20201122,12,N0AE,,,Brandon Nakashima,R,188,USA,19.305,202,307,CF88,,,Roberto Cid Subervi,R,193,DOM,27.231,228,253,6-1 6-3,3,R32,74,3,1,46,31,25,8,8,1,2,1,7,55,29,17,9,8,6,11,TennisMyLife,2020_challenger.csv,2020,2026-08-23T06:37:21.010456+00:00,2042,9c58b3506ab06a8ff0f81cfd4b17f9ad,NEW_MATCH,0,,brandon nakashima,roberto cid subervi,orlando,r32,hard
2020-9152,Orlando,Hard,32,C,,20201122,13,RC04,,,Alexander Ritschard,R,193,SUI,26.667,302,148,BV27,,,Ulises Blanch,R,188,USA,22.664,241,224,6-4 6-3,3,R32,94,6,4,66,33,22,20,10,6,8,4,4,61,37,22,11,9,4,8,TennisMyLife,2020_challenger.csv,2020,2026-08-23T06:37:21.010456+00:00,2043,0d7a062b96148455c7bdc24852cbeb7a,NEW_MATCH,0,,alexander ritschard,ulises blanch,orlando,r32,hard
2020-9152,Orlando,Hard,32,C,,20201122,14,S0K7,,,Zachary Svajda,R,175,USA,17.982,954,12,H09P,,,Brandon Holt,R,185,USA,22.631,566,49,7-5 6-3,3,R32,105,2,0,58,32,19,16,11,1,5,2,0,63,44,26,4,10,5,11,TennisMyLife,2020_challenger.csv,2020,2026-08-23T06:37:21.010456+00:00,2044,a2d327480e744aff3d61a90bccaf6595,NEW_MATCH,0,,zachary svajda,brandon holt,orlando,r32,hard
2020-9152,Orlando,Hard,32,C,,20201122,15,W857,,,Tung-Lin Wu,R,188,TPE,22.533,250,216,BD20,,,Thomaz Bellucci,L,188,BRA,32.898,288,171,6-2 6-2,3,R32,80,4,0,47,37,28,8,8,2,2,1,3,54,38,18,7,8,4,8,TennisMyLife,2020_challenger.csv,2020,2026-08-23T06:37:21.010456+00:00,2045,af69a6a48005c051fcca69ad2276b4df,NEW_MATCH,0,,tung lin wu,thomaz bellucci,orlando,r32,hard
2020-9152,Orlando,Hard,32,C,,20201122,16,Y218,,,Elias Ymer,R,185,SWE,24.619,203,307,T0AP,,,Chun-Hsin Tseng,R,175,TPE,19.291,280,181,7-5 7-6(3),3,R32,124,1,3,75,46,27,21,12,1,4,1,6,93,51,31,21,12,8,12,TennisMyLife,2020_challenger.csv,2020,2026-08-23T06:37:21.010456+00:00,2046,2b6a3f6ddfb7af7bd2d17e6866e6b1c7,NEW_MATCH,0,,elias ymer,chun hsin tseng,orlando,r32,hard
2020-9152,Orlando,Hard,32,C,,20201122,17,N0AE,,,Brandon Nakashima,R,188,USA,19.305,202,307,MJ08,1,,Thiago Monteiro,L,183,BRA,26.48,84,804,6-4 6-3,3,R16,105,8,1,69,49,35,11,10,4,4,4,2,50,25,21,11,9,4,6,TennisMyLife,2020_challenger.csv,2020,2026-08-23T06:37:21.010456+00:00,2047,774e49d37c05a305bd90e1ddf2ccdceb,NEW_MATCH,0,,brandon nakashima,thiago monteiro,orlando,r16,hard
2020-9152,Orlando,Hard,32,C,,20201122,18,KB09,2,,Denis Kudla,R,180,USA,28.266,114,593,K0A3,,,Patrick Kypson,R,188,USA,21.07,736,25,6-4 6-4,3,R16,95,2,2,59,37,29,11,10,2,3,2,2,60,42,26,11,10,3,6,TennisMyLife,2020_challenger.csv,2020,2026-08-23T06:37:21.010456+00:00,2048,0b5014da56aa7308a676f54d4d37c232,NEW_MATCH,0,,denis kudla,patrick kypson,orlando,r16,hard
2020-9152,Orlando,Hard,32,C,,20201122,19,GA94,4,,Prajnesh Gunneswaran,L,188,IND,31.028,137,468,W857,,,Tung-Lin Wu,R,188,TPE,22.533,250,216,5-7 7-5 2-0 RET,3,R16,150,1,7,83,45,32,16,13,6,10,6,4,92,64,42,8,13,5,10,TennisMyLife,2020_challenger.csv,2020,2026-08-23T06:37:21.010456+00:00,2049,5f9a8d6421c447b55b84a869f877f83c,NEW_MATCH,0,,prajnesh gunneswaran,tung lin wu,orlando,r16,hard
2020-9152,Orlando,Hard,32,C,,20201122,20,PG20,6,,Dmitry Popko,R,191,KAZ,24.079,172,366,S0K7,,,Zachary Svajda,R,175,USA,17.982,954,12,7-5 1-6 7-5,3,R16,184,5,3,97,61,45,16,15,6,10,1,1,96,52,35,25,16,5,9,TennisMyLife,2020_challenger.csv,2020,2026-08-23T06:37:21.010456+00:00,2050,585249de84aa810e98ad27b99e2b7222,NEW_MATCH,0,,dmitry popko,zachary svajda,orlando,r16,hard
2020-9152,Orlando,Hard,32,C,,20201122,21,MK66,8,,Mackenzie McDonald,R,178,USA,25.604,196,320,Y218,,,Elias Ymer,R,185,SWE,24.619,203,307,6-3 6-3,3,R16,92,2,2,60,37,29,11,9,5,6,0,2,49,33,16,8,9,5,9,TennisMyLife,2020_challenger.csv,2020,2026-08-23T06:37:21.010456+00:00,2051,5631702935697d90baaf94328cf15c71,NEW_MATCH,0,,mackenzie mcdonald,elias ymer,orlando,r16,hard
2020-9152,Orlando,Hard,32,C,,20201122,22,E865,,,Christopher Eubanks,R,201,USA,24.55,239,225,MI01,,,Hiroki Moriya,R,168,JPN,30.103,238,227,6-2 6-1,3,R16,62,6,2,48,32,25,9,8,0,0,1,4,41,28,15,4,7,2,6,TennisMyLife,2020_challenger.csv,2020,2026-08-23T06:37:21.010456+00:00,2052,bb25c99b36bc08f08cf4a13b77df7391,NEW_MATCH,0,,christopher eubanks,hiroki moriya,orlando,r16,hard
2020-9152,Orlando,Hard,32,C,,20201122,23,KC12,,,Mitchell Krueger,R,188,USA,26.861,199,313,F811,,,Bjorn Fratangelo,R,183,USA,27.346,276,188,3-6 6-2 6-2,3,R16,119,3,5,77,55,41,9,13,5,8,1,0,73,49,28,11,12,2,7,TennisMyLife,2020_challenger.csv,2020,2026-08-23T06:37:21.010456+00:00,2053,0fe1295990caf80da92974f034f49882,NEW_MATCH,0,,mitchell krueger,bjorn fratangelo,orlando,r16,hard
2020-9152,Orlando,Hard,32,C,,20201122,24,RC04,,,Alexander Ritschard,R,193,SUI,26.667,302,148,CF10,,,Nick Chappell,L,178,USA,28.175,437,84,6-3 6-4,3,R16,104,5,4,68,37,31,16,10,5,5,0,2,65,39,23,16,9,3,5,TennisMyLife,2020_challenger.csv,2020,2026-08-23T06:37:21.010456+00:00,2054,1efd871bd6533aef69c9f4a29e482c59,NEW_MATCH,0,,alexander ritschard,nick chappell,orlando,r16,hard
2020-9152,Orlando,Hard,32,C,,20201122,25,E865,,,Christopher Eubanks,R,201,USA,24.55,239,225,KB09,2,,Denis Kudla,R,180,USA,28.266,114,593,5-7 7-6(3) 6-3,3,QF,185,17,10,148,93,64,25,16,16,18,3,8,108,62,48,21,17,4,7,TennisMyLife,2020_challenger.csv,2020,2026-08-23T06:37:21.010456+00:00,2055,0c023d23942eb102b15c0703801ca0d1,NEW_MATCH,0,,christopher eubanks,denis kudla,orlando,qf,hard
2020-9152,Orlando,Hard,32,C,,20201122,26,GA94,4,,Prajnesh Gunneswaran,L,188,IND,31.028,137,468,PG20,6,,Dmitry Popko,R,191,KAZ,24.079,172,366,6-0 6-3,3,QF,90,2,2,62,36,22,15,8,4,6,0,4,40,18,5,7,7,2,8,TennisMyLife,2020_challenger.csv,2020,2026-08-23T06:37:21.010456+00:00,2056,6df9335e549d32148f45a9f53af8a613,NEW_MATCH,0,,prajnesh gunneswaran,dmitry popko,orlando,qf,hard
2020-9152,Orlando,Hard,32,C,,20201122,27,N0AE,,,Brandon Nakashima,R,188,USA,19.305,202,307,MK66,8,,Mackenzie McDonald,R,178,USA,25.604,196,320,6-3 7-6(8),3,QF,111,2,3,78,47,33,16,11,5,7,1,2,59,32,25,12,10,0,3,TennisMyLife,2020_challenger.csv,2020,2026-08-23T06:37:21.010456+00:00,2057,0c2e6a9c88335ac8ad0950ce065971d9,NEW_MATCH,0,,brandon nakashima,mackenzie mcdonald,orlando,qf,hard
2020-9152,Orlando,Hard,32,C,,20201122,28,KC12,,,Mitchell Krueger,R,188,USA,26.861,199,313,RC04,,,Alexander Ritschard,R,193,SUI,26.667,302,148,6-4 6-7(5) 6-1,3,QF,154,6,4,95,65,45,17,15,2,5,2,4,96,47,28,22,14,11,17,TennisMyLife,2020_challenger.csv,2020,2026-08-23T06:37:21.010456+00:00,2058,77aedcb104de60b6b80c2c65fe73a2d1,NEW_MATCH,0,,mitchell krueger,alexander ritschard,orlando,qf,hard
2020-9152,Orlando,Hard,32,C,,20201122,29,GA94,4,,Prajnesh Gunneswaran,L,188,IND,31.028,137,468,E865,,,Christopher Eubanks,R,201,USA,24.55,239,225,6-4 7-6(2),3,SF,85,8,5,73,45,31,16,11,3,5,5,2,61,42,31,7,11,3,6,TennisMyLife,2020_challenger.csv,2020,2026-08-23T06:37:21.010456+00:00,2059,287e284ceeec217f8df3a54721412d7c,NEW_MATCH,0,,prajnesh gunneswaran,christopher eubanks,orlando,sf,hard
2020-9152,Orlando,Hard,32,C,,20201122,30,N0AE,,,Brandon Nakashima,R,188,USA,19.305,202,307,KC12,,,Mitchell Krueger,R,188,USA,26.861,199,313,6-1 6-3,3,SF,64,2,1,45,29,22,10,8,1,2,0,3,48,29,15,7,8,3,8,TennisMyLife,2020_challenger.csv,2020,2026-08-23T06:37:21.010456+00:00,2060,3f86e3647edfe61c987fb9887fb449fd,NEW_MATCH,0,,brandon nakashima,mitchell krueger,orlando,sf,hard
2020-9152,Orlando,Hard,32,C,,20201122,31,N0AE,,,Brandon Nakashima,R,188,USA,19.305,202,307,GA94,4,,Prajnesh Gunneswaran,L,188,IND,31.028,137,468,6-3 6-4,3,F,78,4,1,71,46,35,12,10,8,8,4,0,53,38,27,8,9,3,5,TennisMyLife,2020_challenger.csv,2020,2026-08-23T06:37:21.010456+00:00,2061,e2949c6e65566f1248032d12a7ee9e89,NEW_MATCH,0,,brandon nakashima,prajnesh gunneswaran,orlando,f,hard
2020-6579,Lima,Clay,32,C,,20201129,1,CE77,1,,Federico Coria,R,180,ARG,28.726,91,775,V824,,,Mario Vilella Martinez,R,178,ESP,25.41,190,339,6-2 6-4,3,R32,66,2,3,51,33,25,13,9,3,3,5,6,55,31,18,12,9,3,6,TennisMyLife,2020_challenger.csv,2020,2026-08-23T06:37:21.010456+00:00,2062,786d2425bc67bfb81c3874c9bea42f2a,NEW_MATCH,0,,federico coria,mario vilella martinez,lima,r32,clay
2020-6579,Lima,Clay,32,C,,20201129,2,CF59,2,,Roberto Carballes Baena,R,183,ESP,27.688,102,703,E702,,,Mauricio Echazu,,,PER,31.855,581,47,6-1 6-0,3,R32,60,3,0,36,22,18,11,7,0,0,0,2,40,29,14,1,6,4,9,TennisMyLife,2020_challenger.csv,2020,2026-08-23T06:37:21.010456+00:00,2063,280ff35cafa8d048d2556a9c429b7933,NEW_MATCH,0,,roberto carballes baena,mauricio echazu,lima,r32,clay
2020-6579,Lima,Clay,32,C,,20201129,3,T0A1,,,Thiago Agustin Tirante,R,185,ARG,19.639,539,56,S483,5,,Pedro Sousa,R,180,POR,32.509,113,618,6-2 6-1,3,R32,77,0,0,57,38,27,9,8,2,3,0,0,51,35,15,8,7,3,8,TennisMyLife,2020_challenger.csv,2020,2026-08-23T06:37:21.010456+00:00,2064,0539386379c20c939eafcacd5a60903f,NEW_MATCH,0,,thiago agustin tirante,pedro sousa,lima,r32,clay
2020-6579,Lima,Clay,32,C,,20201129,4,SS25,,,Vitaliy Sachko,R,188,UKR,23.379,496,67,BF23,6,,Facundo Bagnis,L,183,ARG,30.754,125,528,3-6 6-1 7-6(5),3,R32,169,2,5,112,69,50,22,14,4,5,6,3,95,50,38,22,14,7,9,TennisMyLife,2020_challenger.csv,2020,2026-08-23T06:37:21.010456+00:00,2065,874538d4e6aed791e92fac62afddbfaf,NEW_MATCH,0,,vitaliy sachko,facundo bagnis,lima,r32,clay
2020-6579,Lima,Clay,32,C,,20201129,5,GE33,7,,Daniel Elahi Galan,R,191,COL,24.449,129,504,V620,,,Agustin Velotti,R,,ARG,28.517,381,104,6-3 6-1,3,R32,70,2,3,47,28,23,13,8,2,2,0,1,51,23,11,14,8,1,5,TennisMyLife,2020_challenger.csv,2020,2026-08-23T06:37:21.010456+00:00,2066,07f1ffee9ce592ace9980170601e0fd7,NEW_MATCH,0,,daniel elahi galan,agustin velotti,lima,r32,clay
2020-6579,Lima,Clay,32,C,,20201129,6,V836,8,,Juan Pablo Varillas,R,185,PER,25.15,157,407,D917,,,Sadio Doumbia,R,183,FRA,30.215,389,102,6-1 7-6(6),3,R32,92,6,1,65,37,26,17,10,0,2,1,4,56,23,13,17,9,0,4,TennisMyLife,2020_challenger.csv,2020,2026-08-23T06:37:21.010456+00:00,2067,8b92dd6f73ee2e00a5f30050d3a4fa80,NEW_MATCH,0,,juan pablo varillas,sadio doumbia,lima,r32,clay
2020-6579,Lima,Clay,32,C,,20201129,7,AC58,,,Nicolas Alvarez,R,185,PER,24.476,350,119,J551,,,Nicolas Jarry,R,201,CHI,25.136,989,10,6-2 2-6 6-2,3,R32,129,2,3,86,63,36,15,12,9,12,10,2,80,53,30,15,12,6,11,TennisMyLife,2020_challenger.csv,2020,2026-08-23T06:37:21.010456+00:00,2068,2728d315864d39c87260ee7d827ac80e,NEW_MATCH,0,,nicolas alvarez,nicolas jarry,lima,r32,clay
2020-6579,Lima,Clay,32,C,,20201129,8,BS86,,,Tomas Barrios Vera,R,191,CHI,22.971,277,189,LB07,,,Gonzalo Lama,R,180,CHI,27.592,774,22,7-6(2) 3-6 6-2,3,R32,158,0,1,84,60,42,16,14,2,4,6,7,113,54,39,28,15,14,17,TennisMyLife,2020_challenger.csv,2020,2026-08-23T06:37:21.010456+00:00,2069,126336d8cf7abb18460687aaf0526378,NEW_MATCH,0,,tomas barrios vera,gonzalo lama,lima,r32,clay
2020-6579,Lima,Clay,32,C,,20201129,9,C0AU,,,Francisco Cerundolo,R,185,ARG,22.297,162,390,SO20,,,Jelle Sels,R,188,NED,25.306,339,125,6-2 6-2,3,R32,63,1,2,46,21,15,17,8,1,2,0,2,60,37,20,8,8,3,8,TennisMyLife,2020_challenger.csv,2020,2026-08-23T06:37:21.010456+00:00,2070,99a1f2a5a26c3a598fc0dee621e34a90,NEW_MATCH,0,,francisco cerundolo,jelle sels,lima,r32,clay
2020-6579,Lima,Clay,32,C,,20201129,10,C0C8,,,Juan Manuel Cerundolo,L,183,ARG,19.039,349,120,HG90,,,Conner Huertas del Pino,R,188,PER,24.945,758,24,6-4 7-5,3,R32,83,1,2,62,44,27,10,11,0,3,2,1,59,44,26,6,11,1,6,TennisMyLife,2020_challenger.csv,2020,2026-08-23T06:37:21.010456+00:00,2071,29197fcd6396e444dc4f1f1d775b3d42,NEW_MATCH,0,,juan manuel cerundolo,conner huertas del pino,lima,r32,clay
2020-6579,Lima,Clay,32,C,,20201129,11,CA33,,,Inigo Cervantes,R,180,ESP,30.998,543,55,LA54,,,Wilson Leite,R,178,BRA,29.065,532,59,6-2 6-7(4) 6-1,3,R32,150,11,3,110,53,43,27,14,11,12,2,2,88,52,34,14,13,9,14,TennisMyLife,2020_challenger.csv,2020,2026-08-23T06:37:21.010456+00:00,2072,ac3f564d0e04fcaaf316407dbcc039e6,NEW_MATCH,0,,inigo cervantes,wilson leite,lima,r32,clay
2020-6579,Lima,Clay,32,C,,20201129,12,D0C1,,,Jesper de Jong,R,180,NED,20.498,305,149,AC84,,,Collin Altamirano,R,188,USA,24.98,393,101,6-2 6-4,3,R32,77,3,2,50,28,22,11,9,3,5,2,7,57,23,11,17,9,3,8,TennisMyLife,2020_challenger.csv,2020,2026-08-23T06:37:21.010456+00:00,2073,ff01c2ba7cc0e2d11d7b60a7e798614e,NEW_MATCH,0,,jesper de jong,collin altamirano,lima,r32,clay
2020-6579,Lima,Clay,32,C,,20201129,13,KI82,,,Vit Kopriva,R,178,CZE,23.458,302,151,MM24,,,Bastian Malla,,,CHI,24.186,537,56,6-2 6-3,3,R32,78,1,3,59,37,20,14,9,1,4,0,2,51,36,12,7,8,4,10,TennisMyLife,2020_challenger.csv,2020,2026-08-23T06:37:21.010456+00:00,2074,41286a55246987153bf51dd281db0f33,NEW_MATCH,0,,vit kopriva,bastian malla,lima,r32,clay
2020-6579,Lima,Clay,32,C,,20201129,14,O376,,,Renzo Olivo,R,178,ARG,28.709,217,273,PG56,,,Jorge Panta,R,,PER,25.358,518,62,6-4 6-1,3,R32,83,3,3,63,37,28,13,9,3,4,1,5,44,18,11,11,8,1,5,TennisMyLife,2020_challenger.csv,2020,2026-08-23T06:37:21.010456+00:00,2075,96416bea87b8dd02010bfdbe859c4650,NEW_MATCH,0,,renzo olivo,jorge panta,lima,r32,clay
2020-6579,Lima,Clay,32,C,,20201129,15,RB60,,,Oriol Roca Batalla,R,175,ESP,27.584,335,129,KD70,,,Pedja Krstin,R,183,SRB,26.24,265,204,7-5 7-5,3,R32,115,0,0,48,48,48,0,12,0,0,0,0,52,48,41,2,12,0,2,TennisMyLife,2020_challenger.csv,2020,2026-08-23T06:37:21.010456+00:00,2076,c97a6f26f2c95de9d8c277b8849f8fa2,NEW_MATCH,0,,oriol roca batalla,pedja krstin,lima,r32,clay
2020-6579,Lima,Clay,32,C,,20201129,16,TE30,,,Alejandro Tabilo,L,188,CHI,23.493,175,364,GA46,,,Sergio Galdos,R,180,PER,30.908,1906,1,6-2 6-1,3,R32,68,6,1,66,45,35,6,7,8,8,3,5,51,33,15,7,8,1,6,TennisMyLife,2020_challenger.csv,2020,2026-08-23T06:37:21.010456+00:00,2077,a2d6094c63ba8334050ad72d71d5af2b,NEW_MATCH,0,,alejandro tabilo,sergio galdos,lima,r32,clay
2020-6579,Lima,Clay,32,C,,20201129,17,C0AU,,,Francisco Cerundolo,R,185,ARG,22.297,162,390,CE77,1,,Federico Coria,R,180,ARG,28.726,91,775,7-5 7-5,3,R16,116,1,0,74,51,31,11,12,3,7,0,1,83,56,28,16,12,7,13,TennisMyLife,2020_challenger.csv,2020,2026-08-23T06:37:21.010456+00:00,2078,361cc8147ebbe643430377fee032dc68,NEW_MATCH,0,,francisco cerundolo,federico coria,lima,r16,clay
2020-6579,Lima,Clay,32,C,,20201129,18,CF59,2,,Roberto Carballes Baena,R,183,ESP,27.688,102,703,O376,,,Renzo Olivo,R,178,ARG,28.709,217,273,5-7 6-0 6-4,3,R16,165,1,2,87,54,34,20,14,3,7,2,4,97,59,31,18,14,11,18,TennisMyLife,2020_challenger.csv,2020,2026-08-23T06:37:21.010456+00:00,2079,c283319f6bc70ab5f7a4085637a2bc91,NEW_MATCH,0,,roberto carballes baena,renzo olivo,lima,r16,clay
2020-6579,Lima,Clay,32,C,,20201129,19,GE33,7,,Daniel Elahi Galan,R,191,COL,24.449,129,504,CA33,,,Inigo Cervantes,R,180,ESP,30.998,543,55,6-3 6-2,3,R16,70,2,2,52,35,30,8,9,1,1,2,0,49,27,16,10,8,1,4,TennisMyLife,2020_challenger.csv,2020,2026-08-23T06:37:21.010456+00:00,2080,abe422a527e8e48ec0f5128fde7f1e01,NEW_MATCH,0,,daniel elahi galan,inigo cervantes,lima,r16,clay
2020-6579,Lima,Clay,32,C,,20201129,20,BS86,,,Tomas Barrios Vera,R,191,CHI,22.971,277,189,V836,8,,Juan Pablo Varillas,R,185,PER,25.15,157,407,6-1 6-2,3,R16,73,2,1,58,34,27,12,8,2,2,2,0,38,23,13,5,7,1,5,TennisMyLife,2020_challenger.csv,2020,2026-08-23T06:37:21.010456+00:00,2081,2ac75dfdb858ee6f8f82365cc5160229,NEW_MATCH,0,,tomas barrios vera,juan pablo varillas,lima,r16,clay
2020-6579,Lima,Clay,32,C,,20201129,21,KI82,,,Vit Kopriva,R,178,CZE,23.458,302,151,D0C1,,,Jesper de Jong,R,180,NED,20.498,305,149,6-0 3-6 6-1,3,R16,112,1,2,65,43,31,12,11,0,2,0,2,69,30,15,18,11,6,12,TennisMyLife,2020_challenger.csv,2020,2026-08-23T06:37:21.010456+00:00,2082,cc17b1fddcdc7c37c1eb50c4de4593ba,NEW_MATCH,0,,vit kopriva,jesper de jong,lima,r16,clay
2020-6579,Lima,Clay,32,C,,20201129,22,SS25,,,Vitaliy Sachko,R,188,UKR,23.379,496,67,C0C8,,,Juan Manuel Cerundolo,L,183,ARG,19.039,349,120,6-4 6-3,3,R16,101,3,3,69,45,31,10,9,2,4,0,4,65,44,23,10,10,2,7,TennisMyLife,2020_challenger.csv,2020,2026-08-23T06:37:21.010456+00:00,2083,2365a1937e1511a7c18f05d7b4fbc95d,NEW_MATCH,0,,vitaliy sachko,juan manuel cerundolo,lima,r16,clay
2020-6579,Lima,Clay,32,C,,20201129,23,TE30,,,Alejandro Tabilo,L,188,CHI,23.493,175,364,AC58,,,Nicolas Alvarez,R,185,PER,24.476,350,119,6-4 5-7 6-2,3,R16,139,4,2,98,55,37,26,15,5,7,1,10,99,51,40,18,15,4,8,TennisMyLife,2020_challenger.csv,2020,2026-08-23T06:37:21.010456+00:00,2084,88e861aa3c3ed74cc0f130a33c257bb9,NEW_MATCH,0,,alejandro tabilo,nicolas alvarez,lima,r16,clay
2020-6579,Lima,Clay,32,C,,20201129,24,T0A1,,,Thiago Agustin Tirante,R,185,ARG,19.639,539,56,RB60,,,Oriol Roca Batalla,R,175,ESP,27.584,335,129,6-3 6-3,3,R16,94,2,0,51,40,28,8,9,0,1,2,2,62,45,25,8,9,4,8,TennisMyLife,2020_challenger.csv,2020,2026-08-23T06:37:21.010456+00:00,2085,62c57dbdff5a602387a24b79c1b93d86,NEW_MATCH,0,,thiago agustin tirante,oriol roca batalla,lima,r16,clay
2020-6579,Lima,Clay,32,C,,20201129,25,GE33,7,,Daniel Elahi Galan,R,191,COL,24.449,129,504,CF59,2,,Roberto Carballes Baena,R,183,ESP,27.688,102,703,7-6(6) 6-2,3,QF,109,2,0,67,44,30,17,10,1,2,2,3,76,46,32,14,10,3,6,TennisMyLife,2020_challenger.csv,2020,2026-08-23T06:37:21.010456+00:00,2086,7cd30dc00463f3b9428c2d255291bca1,NEW_MATCH,0,,daniel elahi galan,roberto carballes baena,lima,qf,clay
2020-6579,Lima,Clay,32,C,,20201129,26,BS86,,,Tomas Barrios Vera,R,191,CHI,22.971,277,189,KI82,,,Vit Kopriva,R,178,CZE,23.458,302,151,6-7(4) 6-3 6-2,3,QF,170,2,4,101,59,38,23,15,5,7,2,2,96,53,32,21,14,7,12,TennisMyLife,2020_challenger.csv,2020,2026-08-23T06:37:21.010456+00:00,2087,dae622c2440991f7ea8ebf9c6e101112,NEW_MATCH,0,,tomas barrios vera,vit kopriva,lima,qf,clay
2020-6579,Lima,Clay,32,C,,20201129,27,SS25,,,Vitaliy Sachko,R,188,UKR,23.379,496,67,TE30,,,Alejandro Tabilo,L,188,CHI,23.493,175,364,6-4 6-4,3,QF,81,3,1,66,52,34,6,10,2,4,2,2,55,34,20,10,10,0,4,TennisMyLife,2020_challenger.csv,2020,2026-08-23T06:37:21.010456+00:00,2088,60ae87322e57c889e4aae6dc650670d0,NEW_MATCH,0,,vitaliy sachko,alejandro tabilo,lima,qf,clay
2020-6579,Lima,Clay,32,C,,20201129,28,T0A1,,,Thiago Agustin Tirante,R,185,ARG,19.639,539,56,C0AU,,,Francisco Cerundolo,R,185,ARG,22.297,162,390,6-2 6-0,3,QF,58,1,0,37,31,24,4,7,0,0,1,1,40,27,11,4,7,3,8,TennisMyLife,2020_challenger.csv,2020,2026-08-23T06:37:21.010456+00:00,2089,f4b942d612398e1e1c359002a2dec55e,NEW_MATCH,0,,thiago agustin tirante,francisco cerundolo,lima,qf,clay
2020-6579,Lima,Clay,32,C,,20201129,29,GE33,7,,Daniel Elahi Galan,R,191,COL,24.449,129,504,BS86,,,Tomas Barrios Vera,R,191,CHI,22.971,277,189,7-6(4) 4-6 6-4,3,SF,165,7,0,106,66,47,13,16,5,11,0,0,110,71,45,15,16,5,11,TennisMyLife,2020_challenger.csv,2020,2026-08-23T06:37:21.010456+00:00,2090,bb2c8f68de4d25837e0bdee561296798,NEW_MATCH,0,,daniel elahi galan,tomas barrios vera,lima,sf,clay
2020-6579,Lima,Clay,32,C,,20201129,30,T0A1,,,Thiago Agustin Tirante,R,185,ARG,19.639,539,56,SS25,,,Vitaliy Sachko,R,188,UKR,23.379,496,67,6-2 6-4,3,SF,103,1,1,67,50,35,10,9,7,7,0,4,59,34,25,9,9,6,9,TennisMyLife,2020_challenger.csv,2020,2026-08-23T06:37:21.010456+00:00,2091,8df17e951a0b573aec8792cd2f25633e,NEW_MATCH,0,,thiago agustin tirante,vitaliy sachko,lima,sf,clay
2020-6579,Lima,Clay,32,C,,20201129,31,GE33,7,,Daniel Elahi Galan,R,191,COL,24.449,129,504,T0A1,,,Thiago Agustin Tirante,R,185,ARG,19.639,539,56,6-1 3-6 6-3,3,F,112,2,1,86,49,36,19,13,3,5,5,1,72,45,27,14,12,3,7,TennisMyLife,2020_challenger.csv,2020,2026-08-23T06:37:21.010456+00:00,2092,769ce4025bc89c29d66ef899bf72325f,NEW_MATCH,0,,daniel elahi galan,thiago agustin tirante,lima,f,clay
2020-8382,Sao Paulo,Clay,32,C,,20201129,1,MJ08,1,,Thiago Monteiro,L,183,BRA,26.5,84,804,E698,,,Gastao Elias,R,180,POR,30.015,427,87,6-3 6-2,3,R32,79,5,3,51,30,23,11,9,2,3,2,2,48,16,11,14,8,4,8,TennisMyLife,2020_challenger.csv,2020,2026-08-23T06:37:21.010456+00:00,2093,6323e4bcbf0122c508637454d794fb4e,NEW_MATCH,0,,thiago monteiro,gastao elias,sao paulo,r32,clay
2020-8382,Sao Paulo,Clay,32,C,,20201129,2,LF26,,,Orlando Luz,R,180,BRA,22.806,315,141,SX91,2,,Thiago Seyboth Wild,R,185,BRA,20.723,115,586,7-5 1-6 6-3,3,R32,137,5,5,91,44,32,25,14,3,6,6,2,78,46,34,17,14,2,5,TennisMyLife,2020_challenger.csv,2020,2026-08-23T06:37:21.010456+00:00,2094,d2a7b93c207ca70c6883b8d8513d9cf1,NEW_MATCH,0,,orlando luz,thiago seyboth wild,sao paulo,r32,clay
2020-8382,Sao Paulo,Clay,32,C,,20201129,3,SK47,3,,Mohamed Safwat,R,180,EGY,30.196,156,410,GH33,,,Manuel Guinard,R,198,FRA,25.04,298,154,6-2 3-6 3-0 RET,3,R32,88,5,6,64,31,22,13,10,3,7,0,6,57,40,22,5,10,3,9,TennisMyLife,2020_challenger.csv,2020,2026-08-23T06:37:21.010456+00:00,2095,177d54eb891f9e69ef82bea442314b5f,NEW_MATCH,0,,mohamed safwat,manuel guinard,sao paulo,r32,clay
2020-8382,Sao Paulo,Clay,32,C,,20201129,4,U182,,,Camilo Ugo Carabelli,R,185,ARG,21.454,388,103,GA36,4,,Emilio Gomez,R,185,ECU,29.005,159,395,5-7 6-3 6-0,3,R32,126,7,1,75,45,34,19,13,2,4,1,8,91,41,23,23,14,7,13,TennisMyLife,2020_challenger.csv,2020,2026-08-23T06:37:21.010456+00:00,2096,ca96e99c81d02989369121e995854b84,NEW_MATCH,0,,camilo ugo carabelli,emilio gomez,sao paulo,r32,clay
2020-8382,Sao Paulo,Clay,32,C,,20201129,5,PG20,5,,Dmitry Popko,R,191,KAZ,24.099,172,371,G985,,,Carlos Gomez-Herrera,R,191,ESP,30.585,360,114,6-3 3-6 6-1,3,R32,121,3,5,82,50,37,17,13,5,7,2,2,71,35,21,17,12,1,5,TennisMyLife,2020_challenger.csv,2020,2026-08-23T06:37:21.010456+00:00,2097,2329354a828195870455bc32c8b0d900,NEW_MATCH,0,,dmitry popko,carlos gomez herrera,sao paulo,r32,clay
2020-8382,Sao Paulo,Clay,32,C,,20201129,6,SN54,6,,Frederico Ferreira Silva,L,178,POR,25.703,203,308,DF88,,,Aziz Dougaz,L,188,TUN,23.68,375,107,4-6 7-6(5) 6-1,3,R32,138,5,4,88,53,40,16,15,2,5,3,9,99,65,43,13,14,7,11,TennisMyLife,2020_challenger.csv,2020,2026-08-23T06:37:21.010456+00:00,2098,a9fcef5f6270cc69bdce4abd9cc7416d,NEW_MATCH,0,,frederico ferreira silva,aziz dougaz,sao paulo,r32,clay
2020-8382,Sao Paulo,Clay,32,C,,20201129,7,MN70,7,,Joao Menezes,R,185,BRA,23.951,204,305,SK69,,,Joao Pedro Sorgi,R,188,BRA,27.116,658,33,6-1 6-1,3,R32,56,3,2,41,23,21,10,7,5,5,1,2,38,28,13,2,7,1,6,TennisMyLife,2020_challenger.csv,2020,2026-08-23T06:37:21.010456+00:00,2099,14737e3fd501d710bf428baf5f52164d,NEW_MATCH,0,,joao menezes,joao pedro sorgi,sao paulo,r32,clay
2020-8382,Sao Paulo,Clay,32,C,,20201129,8,FA43,8,,Juan Pablo Ficovich,R,188,ARG,23.847,205,304,G892,,,Alejandro Gonzalez,R,191,COL,31.808,453,78,6-3 7-6(4),3,R32,99,5,1,71,40,24,19,11,2,5,0,4,70,37,22,15,10,8,12,TennisMyLife,2020_challenger.csv,2020,2026-08-23T06:37:21.010456+00:00,2100,c464d090aa4a47ab4f969afc5c1dfb98,NEW_MATCH,0,,juan pablo ficovich,alejandro gonzalez,sao paulo,r32,clay
2020-8382,Sao Paulo,Clay,32,C,,20201129,9,BD20,,,Thomaz Bellucci,L,188,BRA,32.917,288,171,G681,,,Teymuraz Gabashvili,R,185,GEO,35.521,273,192,6-2 6-0,3,R32,74,3,1,51,32,21,13,7,5,5,2,10,53,19,14,10,7,4,9,TennisMyLife,2020_challenger.csv,2020,2026-08-23T06:37:21.010456+00:00,2101,b30a5cdf3a7cc7faf47e72a9af51894c,NEW_MATCH,0,,thomaz bellucci,teymuraz gabashvili,sao paulo,r32,clay
2020-8382,Sao Paulo,Clay,32,C,,20201129,10,J620,,,Maxime Janvier,R,196,FRA,24.115,211,284,O340,,,Roberto Ortega-Olmedo,R,168,ESP,29.585,290,170,5-7 7-5 6-2,3,R32,143,3,10,100,58,44,17,16,7,11,3,6,96,54,35,19,16,4,10,TennisMyLife,2020_challenger.csv,2020,2026-08-23T06:37:21.010456+00:00,2102,ae19b699428d72ad7d7e670c2e8894ee,NEW_MATCH,0,,maxime janvier,roberto ortega olmedo,sao paulo,r32,clay
2020-8382,Sao Paulo,Clay,32,C,,20201129,11,LA94,,,Christian Lindell,R,193,SWE,29.027,326,133,R0A7,,,Joao Lucas Reis Da Silva,R,178,BRA,20.679,574,48,6-2 4-6 6-3,3,R32,139,8,5,78,45,31,19,14,5,8,3,0,83,50,26,18,13,4,9,TennisMyLife,2020_challenger.csv,2020,2026-08-23T06:37:21.010456+00:00,2103,33b071f760050d51afbcfb7922a68977,NEW_MATCH,0,,christian lindell,joao lucas reis da silva,sao paulo,r32,clay
2020-8382,Sao Paulo,Clay,32,C,,20201129,12,MW75,,,Felipe Meligeni Alves,R,185,BRA,22.776,306,146,LC54,,,Benjamin Lock,R,198,ZIM,27.74,436,85,6-4 6-1,3,R32,74,4,1,41,23,16,14,8,0,1,2,2,57,31,16,12,9,1,6,TennisMyLife,2020_challenger.csv,2020,2026-08-23T06:37:21.010456+00:00,2104,49c2689b282f9e445b16f664db313a83,NEW_MATCH,0,,felipe meligeni alves,benjamin lock,sao paulo,r32,clay
2020-8382,Sao Paulo,Clay,32,C,,20201129,13,P0DF,,,Matheus Pucinelli De Almeida,R,183,BRA,19.663,936,13,U120,,,Kaichi Uchida,R,180,JPN,26.27,328,132,6-2 5-7 6-3,3,R32,131,10,1,93,57,41,21,15,5,6,5,5,85,53,38,17,14,2,5,TennisMyLife,2020_challenger.csv,2020,2026-08-23T06:37:21.010456+00:00,2105,808d82ddd7e6eecb99372a69955c55d7,NEW_MATCH,0,,matheus pucinelli de almeida,kaichi uchida,sao paulo,r32,clay
2020-8382,Sao Paulo,Clay,32,C,,20201129,14,Q941,,,Roberto Quiroz,L,193,ECU,28.767,295,164,A941,,,Facundo Arguello,R,178,ARG,28.32,351,117,6-7(0) 6-3 6-1,3,R32,158,1,3,88,48,32,22,14,6,8,3,11,109,59,36,22,14,8,14,TennisMyLife,2020_challenger.csv,2020,2026-08-23T06:37:21.010456+00:00,2106,b4ca27821b303f4d967d7eee50e8d14e,NEW_MATCH,0,,roberto quiroz,facundo arguello,sao paulo,r32,clay
2020-8382,Sao Paulo,Clay,32,C,,20201129,15,SL94,,,Pedro Sakamoto,R,178,BRA,27.42,308,145,RD48,,,Igor Marcondes,L,185,BRA,23.455,818,19,6-1 6-7(7) 7-5,3,R32,157,1,2,117,75,53,19,15,12,16,4,6,108,63,36,19,16,3,11,TennisMyLife,2020_challenger.csv,2020,2026-08-23T06:37:21.010456+00:00,2107,e5895e54c465601ecd4a31054064a76c,NEW_MATCH,0,,pedro sakamoto,igor marcondes,sao paulo,r32,clay
2020-8382,Sao Paulo,Clay,32,C,,20201129,16,T0AP,,,Chun-Hsin Tseng,R,175,TPE,19.31,280,181,B0BI,,,Sebastian Baez,R,170,ARG,19.921,316,141,6-3 3-6 6-4,3,R32,128,4,5,94,55,33,23,14,5,8,4,3,86,52,36,14,14,5,9,TennisMyLife,2020_challenger.csv,2020,2026-08-23T06:37:21.010456+00:00,2108,ed84217d18d47304e1925f97bd0e49da,NEW_MATCH,0,,chun hsin tseng,sebastian baez,sao paulo,r32,clay
2020-8382,Sao Paulo,Clay,32,C,,20201129,17,J620,,,Maxime Janvier,R,196,FRA,24.115,211,284,MJ08,1,,Thiago Monteiro,L,183,BRA,26.5,84,804,7-6(5) 6-7(4) 6-4,3,R16,171,6,9,111,56,40,29,17,2,4,3,9,117,77,51,21,17,6,9,TennisMyLife,2020_challenger.csv,2020,2026-08-23T06:37:21.010456+00:00,2109,9df56c6a1ce6721163ee6a1507fdf61b,NEW_MATCH,0,,maxime janvier,thiago monteiro,sao paulo,r16,clay
2020-8382,Sao Paulo,Clay,32,C,,20201129,18,MW75,,,Felipe Meligeni Alves,R,185,BRA,22.776,306,146,SK47,3,,Mohamed Safwat,R,180,EGY,30.196,156,410,6-3 7-6(7),3,R16,104,0,1,78,49,32,18,10,4,5,3,1,66,35,26,15,11,1,4,TennisMyLife,2020_challenger.csv,2020,2026-08-23T06:37:21.010456+00:00,2110,5c2bb1c2be0a69a4e8e7caeb0f9b4647,NEW_MATCH,0,,felipe meligeni alves,mohamed safwat,sao paulo,r16,clay
2020-8382,Sao Paulo,Clay,32,C,,20201129,19,PG20,5,,Dmitry Popko,R,191,KAZ,24.099,172,371,Q941,,,Roberto Quiroz,L,193,ECU,28.767,295,164,6-1 6-1,3,R16,64,2,1,33,20,19,9,7,0,0,0,4,60,39,16,11,7,10,15,TennisMyLife,2020_challenger.csv,2020,2026-08-23T06:37:21.010456+00:00,2111,5dfe70fbffd043935e98eaa754a7aadf,NEW_MATCH,0,,dmitry popko,roberto quiroz,sao paulo,r16,clay
2020-8382,Sao Paulo,Clay,32,C,,20201129,20,SN54,6,,Frederico Ferreira Silva,L,178,POR,25.703,203,308,BD20,,,Thomaz Bellucci,L,188,BRA,32.917,288,171,6-3 6-1,3,R16,92,1,4,58,30,21,15,8,7,8,1,2,59,28,19,8,8,4,9,TennisMyLife,2020_challenger.csv,2020,2026-08-23T06:37:21.010456+00:00,2112,a0d91946987701e5e04125a6575e6834,NEW_MATCH,0,,frederico ferreira silva,thomaz bellucci,sao paulo,r16,clay
2020-8382,Sao Paulo,Clay,32,C,,20201129,21,MN70,7,,Joao Menezes,R,185,BRA,23.951,204,305,T0AP,,,Chun-Hsin Tseng,R,175,TPE,19.31,280,181,6-3 6-3,3,R16,92,2,3,61,45,27,10,9,6,8,1,7,71,39,25,11,9,7,12,TennisMyLife,2020_challenger.csv,2020,2026-08-23T06:37:21.010456+00:00,2113,89eeba60964a4fa6e361d9e69300630f,NEW_MATCH,0,,joao menezes,chun hsin tseng,sao paulo,r16,clay
2020-8382,Sao Paulo,Clay,32,C,,20201129,22,SL94,,,Pedro Sakamoto,R,178,BRA,27.42,308,145,FA43,8,,Juan Pablo Ficovich,R,188,ARG,23.847,205,304,7-6(4) 7-5,3,R16,140,0,2,88,53,31,15,12,5,10,7,8,102,57,39,13,12,9,15,TennisMyLife,2020_challenger.csv,2020,2026-08-23T06:37:21.010456+00:00,2114,ce8b3ea1599bb2575368b31edb590490,NEW_MATCH,0,,pedro sakamoto,juan pablo ficovich,sao paulo,r16,clay
2020-8382,Sao Paulo,Clay,32,C,,20201129,23,P0DF,,,Matheus Pucinelli De Almeida,R,183,BRA,19.663,936,13,LF26,,,Orlando Luz,R,180,BRA,22.806,315,141,6-4 2-6 6-3,3,R16,137,3,1,97,57,40,18,14,7,11,7,7,78,37,28,19,13,3,7,TennisMyLife,2020_challenger.csv,2020,2026-08-23T06:37:21.010456+00:00,2115,023fb0c3dc0ef134f621c171057aa8fc,NEW_MATCH,0,,matheus pucinelli de almeida,orlando luz,sao paulo,r16,clay
2020-8382,Sao Paulo,Clay,32,C,,20201129,24,U182,,,Camilo Ugo Carabelli,R,185,ARG,21.454,388,103,LA94,,,Christian Lindell,R,193,SWE,29.027,326,133,6-2 6-3,3,R16,87,2,1,49,24,17,17,8,1,2,2,3,65,36,20,10,9,11,16,TennisMyLife,2020_challenger.csv,2020,2026-08-23T06:37:21.010456+00:00,2116,dfe82a53debe10bb72b3c3586bb64d9f,NEW_MATCH,0,,camilo ugo carabelli,christian lindell,sao paulo,r16,clay
2020-8382,Sao Paulo,Clay,32,C,,20201129,25,MW75,,,Felipe Meligeni Alves,R,185,BRA,22.776,306,146,PG20,5,,Dmitry Popko,R,191,KAZ,24.099,172,371,2-6 6-3 6-3,3,QF,134,5,3,88,57,38,16,13,8,11,3,7,85,39,22,28,13,3,7,TennisMyLife,2020_challenger.csv,2020,2026-08-23T06:37:21.010456+00:00,2117,b0fb333f6fcfea8b0012d5ecb0b66a15,NEW_MATCH,0,,felipe meligeni alves,dmitry popko,sao paulo,qf,clay
2020-8382,Sao Paulo,Clay,32,C,,20201129,26,SN54,6,,Frederico Ferreira Silva,L,178,POR,25.703,203,308,U182,,,Camilo Ugo Carabelli,R,185,ARG,21.454,388,103,7-5 6-2,3,QF,116,6,3,89,50,32,20,10,13,14,5,3,57,27,15,16,10,2,6,TennisMyLife,2020_challenger.csv,2020,2026-08-23T06:37:21.010456+00:00,2118,1b8edd9ec33e8e98696e4a31cb5d5293,NEW_MATCH,0,,frederico ferreira silva,camilo ugo carabelli,sao paulo,qf,clay
2020-8382,Sao Paulo,Clay,32,C,,20201129,27,MN70,7,,Joao Menezes,R,185,BRA,23.951,204,305,P0DF,,,Matheus Pucinelli De Almeida,R,183,BRA,19.663,936,13,6-2 6-2,3,QF,82,1,3,52,26,18,13,8,4,6,0,2,54,37,17,7,8,4,10,TennisMyLife,2020_challenger.csv,2020,2026-08-23T06:37:21.010456+00:00,2119,9dad040a935a20c6bda0e0d9a4382ecc,NEW_MATCH,0,,joao menezes,matheus pucinelli de almeida,sao paulo,qf,clay
2020-8382,Sao Paulo,Clay,32,C,,20201129,28,SL94,,,Pedro Sakamoto,R,178,BRA,27.42,308,145,J620,,,Maxime Janvier,R,196,FRA,24.115,211,284,6-2 3-6 6-1,3,QF,129,2,2,79,53,39,14,12,5,6,4,6,90,48,32,18,12,5,9,TennisMyLife,2020_challenger.csv,2020,2026-08-23T06:37:21.010456+00:00,2120,3a9a32a113ed910956b0bb25f985815e,NEW_MATCH,0,,pedro sakamoto,maxime janvier,sao paulo,qf,clay
2020-8382,Sao Paulo,Clay,32,C,,20201129,29,SN54,6,,Frederico Ferreira Silva,L,178,POR,25.703,203,308,MN70,7,,Joao Menezes,R,185,BRA,23.951,204,305,6-4 6-3,3,SF,80,1,5,56,34,24,14,10,2,3,1,4,49,27,18,12,9,1,4,TennisMyLife,2020_challenger.csv,2020,2026-08-23T06:37:21.010456+00:00,2121,2ac0bd03b0388063a8020b36b9ae3b19,NEW_MATCH,0,,frederico ferreira silva,joao menezes,sao paulo,sf,clay
2020-8382,Sao Paulo,Clay,32,C,,20201129,30,MW75,,,Felipe Meligeni Alves,R,185,BRA,22.776,306,146,SL94,,,Pedro Sakamoto,R,178,BRA,27.42,308,145,6-2 6-4,3,SF,82,4,1,52,35,26,13,9,3,3,2,1,63,38,23,12,9,7,10,TennisMyLife,2020_challenger.csv,2020,2026-08-23T06:37:21.010456+00:00,2122,d96a30bff77231e9b472766e32d2cd10,NEW_MATCH,0,,felipe meligeni alves,pedro sakamoto,sao paulo,sf,clay
2020-8382,Sao Paulo,Clay,32,C,,20201129,31,MW75,,,Felipe Meligeni Alves,R,185,BRA,22.776,306,146,SN54,6,,Frederico Ferreira Silva,L,178,POR,25.703,203,308,6-2 7-6(1),3,F,97,4,1,66,43,28,15,10,2,4,5,5,65,32,19,14,10,3,7,TennisMyLife,2020_challenger.csv,2020,2026-08-23T06:37:21.010456+00:00,2123,cc9083fe4eec9d159a93a886d101c960,NEW_MATCH,0,,felipe meligeni alves,frederico ferreira silva,sao paulo,f,clay
2020-6307,Campinas,Clay,32,C,,20201130,1,CF59,1,,Roberto Carballes Baena,R,183,ESP,27.691,102,703,O340,,,Roberto Ortega-Olmedo,R,168,ESP,29.588,292,170,6-4 6-0,3,R32,69,2,2,44,26,20,12,8,1,2,0,2,48,29,17,5,8,6,11,TennisMyLife,2020_challenger.csv,2020,2026-08-23T06:37:21.010456+00:00,2124,c324e96fe1cb215ed16cd766bcc40bed,NEW_MATCH,0,,roberto carballes baena,roberto ortega olmedo,campinas,r32,clay
2020-6307,Campinas,Clay,32,C,,20201130,2,TE30,,,Alejandro Tabilo,L,188,CHI,23.496,173,374,SX91,2,,Thiago Seyboth Wild,R,185,BRA,20.726,115,586,6-1 6-3,3,R32,77,3,0,61,36,25,15,8,6,6,2,3,51,30,16,8,8,0,4,TennisMyLife,2020_challenger.csv,2020,2026-08-23T06:37:21.010456+00:00,2125,6b5549f4c9279b574b416f61d9de82a7,NEW_MATCH,0,,alejandro tabilo,thiago seyboth wild,campinas,r32,clay
2020-6307,Campinas,Clay,32,C,,20201130,3,BF23,3,,Facundo Bagnis,L,183,ARG,30.757,126,528,R0A7,,,Joao Lucas Reis Da Silva,R,178,BRA,20.682,556,52,6-7(5) 6-4 6-4,3,R32,154,9,5,100,59,49,21,16,5,6,6,6,114,79,52,19,16,5,8,TennisMyLife,2020_challenger.csv,2020,2026-08-23T06:37:21.010456+00:00,2126,d525708db887ad35b5a61114bdd9f376,NEW_MATCH,0,,facundo bagnis,joao lucas reis da silva,campinas,r32,clay
2020-6307,Campinas,Clay,32,C,,20201130,4,GE33,4,,Daniel Elahi Galan,R,191,COL,24.452,117,577,SO20,,,Jelle Sels,R,188,NED,25.309,340,125,6-2 6-3,3,R32,72,1,3,51,30,23,12,9,3,4,1,3,59,26,15,14,8,5,9,TennisMyLife,2020_challenger.csv,2020,2026-08-23T06:37:21.010456+00:00,2127,07b94bc08dea2bc4a31be6d0b9b7d609,NEW_MATCH,0,,daniel elahi galan,jelle sels,campinas,r32,clay
2020-6307,Campinas,Clay,32,C,,20201130,5,SK47,5,,Mohamed Safwat,R,180,EGY,30.198,157,410,BS86,,,Tomas Barrios Vera,R,191,CHI,22.973,254,214,5-7 6-2 6-2,3,R32,142,8,5,100,56,35,24,14,6,10,3,4,83,44,30,14,14,3,10,TennisMyLife,2020_challenger.csv,2020,2026-08-23T06:37:21.010456+00:00,2128,6b3f5bd2e958f4ce3de3380e8b3a72ae,NEW_MATCH,0,,mohamed safwat,tomas barrios vera,campinas,r32,clay
2020-6307,Campinas,Clay,32,C,,20201130,6,GA36,6,,Emilio Gomez,R,185,ECU,29.008,160,395,Q941,,,Roberto Quiroz,L,193,ECU,28.769,295,166,6-3 7-6(10),3,R32,103,2,1,77,50,36,16,11,3,4,2,1,74,49,31,15,10,4,6,TennisMyLife,2020_challenger.csv,2020,2026-08-23T06:37:21.010456+00:00,2129,8338fb1e45ba1c4b0b57a481c13553a4,NEW_MATCH,0,,emilio gomez,roberto quiroz,campinas,r32,clay
2020-6307,Campinas,Clay,32,C,,20201130,7,C0AU,7,,Francisco Cerundolo,R,185,ARG,22.3,159,398,SL94,,,Pedro Sakamoto,R,178,BRA,27.422,290,171,6-1 6-3,3,R32,74,4,0,54,38,31,6,8,2,2,2,0,51,38,16,9,8,2,6,TennisMyLife,2020_challenger.csv,2020,2026-08-23T06:37:21.010456+00:00,2130,12c92200a2da1a845e09df9efd426b6d,NEW_MATCH,0,,francisco cerundolo,pedro sakamoto,campinas,r32,clay
2020-6307,Campinas,Clay,32,C,,20201130,8,PG20,8,,Dmitry Popko,R,191,KAZ,24.101,172,376,T0A1,,,Thiago Agustin Tirante,R,185,ARG,19.641,376,107,5-7 7-5 6-2,3,R32,192,7,2,98,39,29,31,16,4,8,4,7,124,74,45,20,16,10,16,TennisMyLife,2020_challenger.csv,2020,2026-08-23T06:37:21.010456+00:00,2131,0752c2f74ccd5c768c8aba3aca675da8,NEW_MATCH,0,,dmitry popko,thiago agustin tirante,campinas,r32,clay
2020-6307,Campinas,Clay,32,C,,20201130,9,B0BI,,,Sebastian Baez,R,170,ARG,19.923,316,141,GC17,,,Oscar Jose Gutierrez,R,170,ESP,27.6,403,97,7-5 1-6 6-1,3,R32,114,3,0,75,57,35,13,13,6,9,1,0,76,52,31,13,13,5,9,TennisMyLife,2020_challenger.csv,2020,2026-08-23T06:37:21.010456+00:00,2132,9d029cb7258b5f8edb9a4dcc90075502,NEW_MATCH,0,,sebastian baez,oscar jose gutierrez,campinas,r32,clay
2020-6307,Campinas,Clay,32,C,,20201130,10,BD20,,,Thomaz Bellucci,L,188,BRA,32.92,282,178,U182,,,Camilo Ugo Carabelli,R,185,ARG,21.457,351,120,6-1 6-4,3,R32,78,4,4,55,29,21,13,9,1,3,0,2,45,28,12,8,8,4,9,TennisMyLife,2020_challenger.csv,2020,2026-08-23T06:37:21.010456+00:00,2133,0cc7a287656a0e7ef23c412e78d31c37,NEW_MATCH,0,,thomaz bellucci,camilo ugo carabelli,campinas,r32,clay
2020-6307,Campinas,Clay,32,C,,20201130,11,KI82,,,Vit Kopriva,R,178,CZE,23.461,299,163,G681,,,Teymuraz Gabashvili,R,185,GEO,35.524,275,192,7-5 5-3 RET,3,R32,113,5,2,74,48,30,14,10,7,9,3,6,57,30,21,11,10,3,7,TennisMyLife,2020_challenger.csv,2020,2026-08-23T06:37:21.010456+00:00,2134,2a8b10e9863c3ebda9f4bef62354dd03,NEW_MATCH,0,,vit kopriva,teymuraz gabashvili,campinas,r32,clay
2020-6307,Campinas,Clay,32,C,,20201130,12,LF26,,,Orlando Luz,R,180,BRA,22.809,309,145,P0DF,,,Matheus Pucinelli De Almeida,R,183,BRA,19.666,669,32,7-6(3) 6-2,3,R32,104,3,2,66,38,28,18,10,5,6,2,2,63,47,30,7,10,1,4,TennisMyLife,2020_challenger.csv,2020,2026-08-23T06:37:21.010456+00:00,2135,700963ce3537aae84356f16f93358f94,NEW_MATCH,0,,orlando luz,matheus pucinelli de almeida,campinas,r32,clay
2020-6307,Campinas,Clay,32,C,,20201130,13,MW75,,,Felipe Meligeni Alves,R,185,BRA,22.779,242,224,G985,,,Carlos Gomez-Herrera,R,191,ESP,30.587,361,114,6-4 7-6(3),3,R32,119,6,2,78,52,35,13,11,7,11,1,1,88,61,33,12,11,8,13,TennisMyLife,2020_challenger.csv,2020,2026-08-23T06:37:21.010456+00:00,2136,bd2e51db523198bfa9da367e6472ce5a,NEW_MATCH,0,,felipe meligeni alves,carlos gomez herrera,campinas,r32,clay
2020-6307,Campinas,Clay,32,C,,20201130,14,MJ98,,,Facundo Mena,R,183,ARG,28.189,238,236,CC32,,,Guilherme Clezar,R,180,BRA,27.915,270,203,6-4 6-4,3,R32,82,9,3,50,28,26,15,10,2,2,4,8,84,43,32,17,10,6,8,TennisMyLife,2020_challenger.csv,2020,2026-08-23T06:37:21.010456+00:00,2137,a90822e9a4e53dbe1e559ca826faac53,NEW_MATCH,0,,facundo mena,guilherme clezar,campinas,r32,clay
2020-6307,Campinas,Clay,32,C,,20201130,15,MN70,,,Joao Menezes,R,185,BRA,23.953,196,331,FA43,,,Juan Pablo Ficovich,R,188,ARG,23.849,205,304,4-6 6-3 7-6(5),3,R32,,3,3,107,76,53,15,16,6,9,3,1,104,65,47,18,15,7,10,TennisMyLife,2020_challenger.csv,2020,2026-08-23T06:37:21.010456+00:00,2138,5742f525b87aeb55cae4ceee1f0d81fb,NEW_MATCH,0,,joao menezes,juan pablo ficovich,campinas,r32,clay
2020-6307,Campinas,Clay,32,C,,20201130,16,O376,,,Renzo Olivo,R,178,ARG,28.712,216,277,SS25,,,Vitaliy Sachko,R,188,UKR,23.381,400,99,6-7(3) 6-0 6-4,3,R32,151,3,9,91,48,36,20,14,2,4,1,4,97,58,36,15,14,10,16,TennisMyLife,2020_challenger.csv,2020,2026-08-23T06:37:21.010456+00:00,2139,25f97c51660eecda0f55b8a2a2d351c4,NEW_MATCH,0,,renzo olivo,vitaliy sachko,campinas,r32,clay
2020-6307,Campinas,Clay,32,C,,20201130,17,CF59,1,,Roberto Carballes Baena,R,183,ESP,27.691,102,703,KI82,,,Vit Kopriva,R,178,CZE,23.461,299,163,4-6 6-3 7-5,3,R16,165,4,5,95,53,41,17,16,6,10,4,7,104,55,35,23,15,6,11,TennisMyLife,2020_challenger.csv,2020,2026-08-23T06:37:21.010456+00:00,2140,db548bc39fbf54698bdca15346ad4754,NEW_MATCH,0,,roberto carballes baena,vit kopriva,campinas,r16,clay
2020-6307,Campinas,Clay,32,C,,20201130,18,BF23,3,,Facundo Bagnis,L,183,ARG,30.757,126,528,O376,,,Renzo Olivo,R,178,ARG,28.712,216,277,6-1 7-5,3,R16,92,5,4,56,23,15,19,10,0,3,1,5,48,31,18,2,9,3,9,TennisMyLife,2020_challenger.csv,2020,2026-08-23T06:37:21.010456+00:00,2141,01288a57045b75d0fcdb7e296fadc43f,NEW_MATCH,0,,facundo bagnis,renzo olivo,campinas,r16,clay
2020-6307,Campinas,Clay,32,C,,20201130,19,GE33,4,,Daniel Elahi Galan,R,191,COL,24.452,117,577,B0BI,,,Sebastian Baez,R,170,ARG,19.923,316,141,6-3 3-6 7-6(5),3,R16,150,4,1,114,69,36,24,15,10,16,6,4,103,81,41,12,15,8,14,TennisMyLife,2020_challenger.csv,2020,2026-08-23T06:37:21.010456+00:00,2142,c6895011a2b4307f55273244e2503224,NEW_MATCH,0,,daniel elahi galan,sebastian baez,campinas,r16,clay
2020-6307,Campinas,Clay,32,C,,20201130,20,SK47,5,,Mohamed Safwat,R,180,EGY,30.198,157,410,BD20,,,Thomaz Bellucci,L,188,BRA,32.92,282,178,2-6 6-4 6-3,3,R16,121,4,3,91,59,38,16,14,4,8,3,4,78,45,27,19,13,3,7,TennisMyLife,2020_challenger.csv,2020,2026-08-23T06:37:21.010456+00:00,2143,30aa967d2079a0fc5bbb9c46026344db,NEW_MATCH,0,,mohamed safwat,thomaz bellucci,campinas,r16,clay
2020-6307,Campinas,Clay,32,C,,20201130,21,MW75,,,Felipe Meligeni Alves,R,185,BRA,22.779,242,224,GA36,6,,Emilio Gomez,R,185,ECU,29.008,160,395,6-4 6-4,3,R16,90,6,2,74,45,30,18,10,6,7,5,3,63,40,25,11,10,5,8,TennisMyLife,2020_challenger.csv,2020,2026-08-23T06:37:21.010456+00:00,2144,508d4b59586d0ebf7390fd6732df947c,NEW_MATCH,0,,felipe meligeni alves,emilio gomez,campinas,r16,clay
2020-6307,Campinas,Clay,32,C,,20201130,22,C0AU,7,,Francisco Cerundolo,R,185,ARG,22.3,159,398,MJ98,,,Facundo Mena,R,183,ARG,28.189,238,236,4-6 7-5 7-6(0),3,R16,149,4,5,107,63,44,26,17,10,13,5,7,112,57,40,30,17,4,7,TennisMyLife,2020_challenger.csv,2020,2026-08-23T06:37:21.010456+00:00,2145,c5107fde7fbe78f1f0a648ddef864063,NEW_MATCH,0,,francisco cerundolo,facundo mena,campinas,r16,clay
2020-6307,Campinas,Clay,32,C,,20201130,23,PG20,8,,Dmitry Popko,R,191,KAZ,24.101,172,376,MN70,,,Joao Menezes,R,185,BRA,23.953,196,331,6-2 7-5,3,R16,97,2,1,58,36,25,13,10,2,4,3,4,69,47,25,8,10,4,9,TennisMyLife,2020_challenger.csv,2020,2026-08-23T06:37:21.010456+00:00,2146,99b1a69231697ffed9a8ffb25d8a7e13,NEW_MATCH,0,,dmitry popko,joao menezes,campinas,r16,clay
2020-6307,Campinas,Clay,32,C,,20201130,24,TE30,,,Alejandro Tabilo,L,188,CHI,23.496,173,374,LF26,,,Orlando Luz,R,180,BRA,22.809,309,145,W/O,3,R16,,,,,,,,,,,,,,,,,,,,TennisMyLife,2020_challenger.csv,2020,2026-08-23T06:37:21.010456+00:00,2147,a35a4a2d71aba2ef1bb61106dec3221b,NEW_MATCH,0,,alejandro tabilo,orlando luz,campinas,r16,clay
2020-6307,Campinas,Clay,32,C,,20201130,25,CF59,1,,Roberto Carballes Baena,R,183,ESP,27.691,102,703,SK47,5,,Mohamed Safwat,R,180,EGY,30.198,157,410,6-4 1-6 6-0,3,QF,117,3,3,71,41,29,18,11,7,9,7,4,82,56,35,13,12,6,10,TennisMyLife,2020_challenger.csv,2020,2026-08-23T06:37:21.010456+00:00,2148,545dda2a2ee75b3f9cf8bdc187a16644,NEW_MATCH,0,,roberto carballes baena,mohamed safwat,campinas,qf,clay
2020-6307,Campinas,Clay,32,C,,20201130,26,C0AU,7,,Francisco Cerundolo,R,185,ARG,22.3,159,398,BF23,3,,Facundo Bagnis,L,183,ARG,30.757,126,528,6-2 7-5,3,QF,96,4,4,63,37,28,12,10,4,6,4,4,75,47,24,12,10,7,12,TennisMyLife,2020_challenger.csv,2020,2026-08-23T06:37:21.010456+00:00,2149,9c8312708f36a4358618f195380f2738,NEW_MATCH,0,,francisco cerundolo,facundo bagnis,campinas,qf,clay
2020-6307,Campinas,Clay,32,C,,20201130,27,GE33,4,,Daniel Elahi Galan,R,191,COL,24.452,117,577,PG20,8,,Dmitry Popko,R,191,KAZ,24.101,172,376,6-3 6-3,3,QF,84,4,0,62,40,29,13,9,3,3,1,4,57,23,15,19,9,4,7,TennisMyLife,2020_challenger.csv,2020,2026-08-23T06:37:21.010456+00:00,2150,b0c5bf6ef761cebac52c0326fa2ba384,NEW_MATCH,0,,daniel elahi galan,dmitry popko,campinas,qf,clay
2020-6307,Campinas,Clay,32,C,,20201130,28,MW75,,,Felipe Meligeni Alves,R,185,BRA,22.779,242,224,TE30,,,Alejandro Tabilo,L,188,CHI,23.496,173,374,7-5 6-1,3,QF,79,4,0,58,32,26,14,10,3,4,3,1,58,25,15,16,9,4,8,TennisMyLife,2020_challenger.csv,2020,2026-08-23T06:37:21.010456+00:00,2151,086b28b6eef94a1b0cbfc8bc28644a93,NEW_MATCH,0,,felipe meligeni alves,alejandro tabilo,campinas,qf,clay
2020-6307,Campinas,Clay,32,C,,20201130,29,CF59,1,,Roberto Carballes Baena,R,183,ESP,27.691,102,703,GE33,4,,Daniel Elahi Galan,R,191,COL,24.452,117,577,6-4 6-2,3,SF,78,1,1,52,30,20,17,9,3,4,5,1,47,29,16,10,9,1,5,TennisMyLife,2020_challenger.csv,2020,2026-08-23T06:37:21.010456+00:00,2152,896096eb1eff706d828a60c9af9e1455,NEW_MATCH,0,,roberto carballes baena,daniel elahi galan,campinas,sf,clay
2020-6307,Campinas,Clay,32,C,,20201130,30,C0AU,7,,Francisco Cerundolo,R,185,ARG,22.3,159,398,MW75,,,Felipe Meligeni Alves,R,185,BRA,22.779,242,224,6-1 6-4,3,SF,84,3,4,57,33,21,14,9,3,5,1,3,63,43,20,9,8,7,12,TennisMyLife,2020_challenger.csv,2020,2026-08-23T06:37:21.010456+00:00,2153,3fdcd21c2e9434cc9db1fe34bdf0e66e,NEW_MATCH,0,,francisco cerundolo,felipe meligeni alves,campinas,sf,clay
2020-6307,Campinas,Clay,32,C,,20201130,31,C0AU,7,,Francisco Cerundolo,R,185,ARG,22.3,159,398,CF59,1,,Roberto Carballes Baena,R,183,ESP,27.691,102,703,6-4 3-6 6-3,3,F,134,3,0,88,51,34,23,14,7,10,2,3,86,51,35,16,14,2,6,TennisMyLife,2020_challenger.csv,2020,2026-08-23T06:37:21.010456+00:00,2154,42f51070d0ce02477f07864c56bd4bb7,NEW_MATCH,0,,francisco cerundolo,roberto carballes baena,campinas,f,clay
2020-8312,Maia,Clay,32,C,,20201130,1,A622,,,Andrea Arnaboldi,L,180,ITA,32.928,276,191,MO44,1,,Pedro Martinez,R,185,ESP,23.598,85,800,6-1 6-2,3,R32,68,6,1,48,30,24,11,8,3,3,1,3,58,39,21,7,7,7,11,TennisMyLife,2020_challenger.csv,2020,2026-08-23T06:37:21.010456+00:00,2155,5820e6391ddb8c01c67fa34d18a1477b,NEW_MATCH,0,,andrea arnaboldi,pedro martinez,maia,r32,clay
2020-8312,Maia,Clay,32,C,,20201130,2,S483,2,,Pedro Sousa,R,180,POR,32.512,113,618,HB35,,,Maxime Hamou,R,185,FRA,25.481,365,112,6-2 6-2,3,R32,56,3,0,53,36,25,9,8,2,3,0,1,45,23,10,10,8,3,8,TennisMyLife,2020_challenger.csv,2020,2026-08-23T06:37:21.010456+00:00,2156,a10b812ab779a6cf5c0f1e5e2d55c0cf,NEW_MATCH,0,,pedro sousa,maxime hamou,maia,r32,clay
2020-8312,Maia,Clay,32,C,,20201130,3,KC04,3,,Jozef Kovalik,R,183,SVK,28.071,131,491,LB51,,,Julian Lenz,R,188,GER,27.784,246,222,6-1 4-6 6-2,3,R32,126,2,4,86,47,34,19,13,5,7,1,4,90,54,34,12,12,10,15,TennisMyLife,2020_challenger.csv,2020,2026-08-23T06:37:21.010456+00:00,2157,ab8d251fb6dd2414586b185b801adee4,NEW_MATCH,0,,jozef kovalik,julian lenz,maia,r32,clay
2020-8312,Maia,Clay,32,C,,20201130,4,L949,4,,Henri Laaksonen,R,185,SUI,28.668,135,477,KH56,,,Zdenek Kolar,R,183,CZE,24.142,231,250,6-4 6-3,3,R32,87,3,1,57,38,26,12,9,3,4,2,2,75,46,25,16,10,5,9,TennisMyLife,2020_challenger.csv,2020,2026-08-23T06:37:21.010456+00:00,2158,ec62f50d682611833310d0a68034f6c0,NEW_MATCH,0,,henri laaksonen,zdenek kolar,maia,r32,clay
2020-8312,Maia,Clay,32,C,,20201130,5,TA29,,,Marco Trungelliti,R,178,ARG,30.831,247,219,MM66,5,,Nikola Milojevic,R,188,SRB,25.451,138,472,6-3 6-1,3,R32,61,1,1,39,24,20,12,8,0,0,0,7,59,27,10,19,8,6,10,TennisMyLife,2020_challenger.csv,2020,2026-08-23T06:37:21.010456+00:00,2159,7860f4df8eb02742580b59f34f90a4ac,NEW_MATCH,0,,marco trungelliti,nikola milojevic,maia,r32,clay
2020-8312,Maia,Clay,32,C,,20201130,6,L503,6,,Paolo Lorenzi,R,183,ITA,38.96,144,450,V0B2,,,Michael Vrbensky,R,,CZE,20.931,310,144,5-7 7-6(7) 6-2,3,R32,185,4,4,91,54,38,23,16,2,6,5,6,120,63,43,27,16,8,13,TennisMyLife,2020_challenger.csv,2020,2026-08-23T06:37:21.010456+00:00,2160,697b31619d4b6f1104ba514e06add125,NEW_MATCH,0,,paolo lorenzi,michael vrbensky,maia,r32,clay
2020-8312,Maia,Clay,32,C,,20201130,7,A0CJ,,,Duje Ajdukovic,R,188,CRO,19.817,377,107,GA79,7,,Lorenzo Giustino,R,180,ITA,29.224,149,426,7-5 6-2,3,R32,86,4,2,61,36,29,14,10,4,5,2,1,64,38,25,10,10,4,8,TennisMyLife,2020_challenger.csv,2020,2026-08-23T06:37:21.010456+00:00,2161,7bd3266df2f3bbc8a34e951acd6b8131,NEW_MATCH,0,,duje ajdukovic,lorenzo giustino,maia,r32,clay
2020-8312,Maia,Clay,32,C,,20201130,8,TE16,8,,Carlos Taberner,R,183,ESP,23.313,152,416,D985,,,Joao Domingues,R,,POR,27.154,176,364,6-3 6-2,3,R32,68,2,0,49,30,22,14,9,2,3,1,2,42,27,15,6,8,2,6,TennisMyLife,2020_challenger.csv,2020,2026-08-23T06:37:21.010456+00:00,2162,7eea5154e3f9351f5300e2c076fada7b,NEW_MATCH,0,,carlos taberner,joao domingues,maia,r32,clay
2020-8312,Maia,Clay,32,C,,20201130,9,CH05,,,Altug Celikbilek,R,183,TUR,24.23,318,139,O482,,,Gonzalo Oliveira,L,185,VEN,25.785,287,176,2-6 7-5 7-6(3),3,R32,137,2,3,105,66,39,17,16,6,13,1,3,99,63,35,20,16,7,13,TennisMyLife,2020_challenger.csv,2020,2026-08-23T06:37:21.010456+00:00,2163,373f8b848e992b522bcefe0545f09232,NEW_MATCH,0,,altug celikbilek,gonzalo oliveira,maia,r32,clay
2020-8312,Maia,Clay,32,C,,20201130,10,CG33,,,Kimmer Coppejans,R,178,BEL,26.812,179,353,MN20,,,Daniel Masur,R,183,GER,26.067,244,223,6-2 7-5,3,R32,87,3,0,53,32,25,15,10,1,2,1,0,72,50,28,10,10,5,9,TennisMyLife,2020_challenger.csv,2020,2026-08-23T06:37:21.010456+00:00,2164,f75cbcb8ca5fbbb8568539552a2477aa,NEW_MATCH,0,,kimmer coppejans,daniel masur,maia,r32,clay
2020-8312,Maia,Clay,32,C,,20201130,11,E698,,,Gastao Elias,R,180,POR,30.018,429,87,K09F,,,Pavel Kotov,R,191,RUS,22.034,271,202,6-2 7-5,3,R32,84,1,0,61,37,29,10,10,3,5,5,0,63,41,24,6,10,6,11,TennisMyLife,2020_challenger.csv,2020,2026-08-23T06:37:21.010456+00:00,2165,295b0bca4dc347003d6ebd9632d0f7cb,NEW_MATCH,0,,gastao elias,pavel kotov,maia,r32,clay
2020-8312,Maia,Clay,32,C,,20201130,12,SN54,,,Frederico Ferreira Silva,L,178,POR,25.706,183,349,GF95,,,Hugo Grenier,R,196,FRA,24.69,255,214,6-3 6-2,3,R32,73,1,2,47,26,19,13,9,0,2,4,1,43,29,12,7,8,2,7,TennisMyLife,2020_challenger.csv,2020,2026-08-23T06:37:21.010456+00:00,2166,f0f4b8494e5fd7517c4167ea99c6a172,NEW_MATCH,0,,frederico ferreira silva,hugo grenier,maia,r32,clay
2020-8312,Maia,Clay,32,C,,20201130,13,HB64,,,Quentin Halys,R,191,FRA,24.096,206,303,BU54,,,Geoffrey Blancaneaux,R,180,FRA,22.313,283,178,7-5 3-6 7-5,3,R32,148,2,10,117,79,54,12,16,6,11,1,7,102,72,48,10,17,4,10,TennisMyLife,2020_challenger.csv,2020,2026-08-23T06:37:21.010456+00:00,2167,55d1af0007ac572a72f02e3028b0ce7d,NEW_MATCH,0,,quentin halys,geoffrey blancaneaux,maia,r32,clay
2020-8312,Maia,Clay,32,C,,20201130,14,RC91,,,Arthur Rinderknech,R,196,FRA,25.358,178,358,LC11,,,Tristan Lamasine,R,183,FRA,27.74,266,204,6-3 3-6 6-2,3,R32,114,5,1,76,51,38,15,13,2,3,3,1,84,49,33,20,13,4,7,TennisMyLife,2020_challenger.csv,2020,2026-08-23T06:37:21.010456+00:00,2168,5b286cf15edec94031c72b2da80448c3,NEW_MATCH,0,,arthur rinderknech,tristan lamasine,maia,r32,clay
2020-8312,Maia,Clay,32,C,,20201130,15,V717,,,Alexey Vatutin,R,178,RUS,28.093,252,218,LB66,,,Constant Lestienne,R,180,FRA,28.523,225,255,6-2 6-0,3,R32,65,2,1,52,30,21,12,7,8,9,1,3,46,14,6,12,7,4,10,TennisMyLife,2020_challenger.csv,2020,2026-08-23T06:37:21.010456+00:00,2169,81a589e49e74cccc6edf4adca077db63,NEW_MATCH,0,,alexey vatutin,constant lestienne,maia,r32,clay
2020-8312,Maia,Clay,32,C,,20201130,16,Z419,,,Bernabe Zapata Miralles,R,183,ESP,23.882,155,414,BT72,,,Nuno Borges,R,185,POR,23.778,398,99,7-5 6-1,3,R32,78,2,2,59,40,30,11,10,0,1,1,2,53,26,17,12,9,6,10,TennisMyLife,2020_challenger.csv,2020,2026-08-23T06:37:21.010456+00:00,2170,50a5e91c433c5bb12cde555086bc2097,NEW_MATCH,0,,bernabe zapata miralles,nuno borges,maia,r32,clay
2020-8312,Maia,Clay,32,C,,20201130,17,S483,2,,Pedro Sousa,R,180,POR,32.512,113,618,E698,,,Gastao Elias,R,180,POR,30.018,429,87,6-2 6-4,3,R16,108,0,1,64,49,31,8,9,5,7,0,1,74,47,23,12,9,11,16,TennisMyLife,2020_challenger.csv,2020,2026-08-23T06:37:21.010456+00:00,2171,9fc38e5bde0e3e34056a028db8f4bba0,NEW_MATCH,0,,pedro sousa,gastao elias,maia,r16,clay
2020-8312,Maia,Clay,32,C,,20201130,18,KC04,3,,Jozef Kovalik,R,183,SVK,28.071,131,491,CH05,,,Altug Celikbilek,R,183,TUR,24.23,318,139,6-3 3-6 6-3,3,R16,131,5,2,101,63,40,20,14,11,14,4,3,103,72,43,14,13,11,15,TennisMyLife,2020_challenger.csv,2020,2026-08-23T06:37:21.010456+00:00,2172,afa1c5dfac3ab669d12dbf43dc232dc4,NEW_MATCH,0,,jozef kovalik,altug celikbilek,maia,r16,clay
2020-8312,Maia,Clay,32,C,,20201130,19,L949,4,,Henri Laaksonen,R,185,SUI,28.668,135,477,HB64,,,Quentin Halys,R,191,FRA,24.096,206,303,6-3 6-1,3,R16,61,5,0,43,24,21,14,8,3,3,2,12,55,25,16,11,8,5,9,TennisMyLife,2020_challenger.csv,2020,2026-08-23T06:37:21.010456+00:00,2173,410dbc64ecb778582299687356cc0f3e,NEW_MATCH,0,,henri laaksonen,quentin halys,maia,r16,clay
2020-8312,Maia,Clay,32,C,,20201130,20,Z419,,,Bernabe Zapata Miralles,R,183,ESP,23.882,155,414,L503,6,,Paolo Lorenzi,R,183,ITA,38.96,144,450,6-1 6-0,3,R16,60,3,2,48,27,22,11,7,3,3,1,1,33,20,9,3,6,3,8,TennisMyLife,2020_challenger.csv,2020,2026-08-23T06:37:21.010456+00:00,2174,714a2cc7f7a39d4d8a3957076a154a85,NEW_MATCH,0,,bernabe zapata miralles,paolo lorenzi,maia,r16,clay
2020-8312,Maia,Clay,32,C,,20201130,21,TE16,8,,Carlos Taberner,R,183,ESP,23.313,152,416,V717,,,Alexey Vatutin,R,178,RUS,28.093,252,218,7-6(6) 6-3,3,R16,109,1,4,73,42,32,13,11,3,6,1,5,75,44,26,14,10,3,7,TennisMyLife,2020_challenger.csv,2020,2026-08-23T06:37:21.010456+00:00,2175,e5879d6639766aec5183408d133855b8,NEW_MATCH,0,,carlos taberner,alexey vatutin,maia,r16,clay
2020-8312,Maia,Clay,32,C,,20201130,22,A0CJ,,,Duje Ajdukovic,R,188,CRO,19.817,377,107,RC91,,,Arthur Rinderknech,R,196,FRA,25.358,178,358,6-2 2-6 6-1,3,R16,116,1,6,89,62,37,12,12,6,10,3,3,93,55,31,16,11,11,17,TennisMyLife,2020_challenger.csv,2020,2026-08-23T06:37:21.010456+00:00,2176,855d630ebe172df5f348be4a5406b735,NEW_MATCH,0,,duje ajdukovic,arthur rinderknech,maia,r16,clay
2020-8312,Maia,Clay,32,C,,20201130,23,A622,,,Andrea Arnaboldi,L,180,ITA,32.928,276,191,SN54,,,Frederico Ferreira Silva,L,178,POR,25.706,183,349,2-6 6-4 7-5,3,R16,167,4,1,112,77,43,18,15,15,20,2,5,86,49,30,20,15,1,6,TennisMyLife,2020_challenger.csv,2020,2026-08-23T06:37:21.010456+00:00,2177,f0563df0c44ce59379789271a695b3ad,NEW_MATCH,0,,andrea arnaboldi,frederico ferreira silva,maia,r16,clay
2020-8312,Maia,Clay,32,C,,20201130,24,CG33,,,Kimmer Coppejans,R,178,BEL,26.812,179,353,TA29,,,Marco Trungelliti,R,178,ARG,30.831,247,219,W/O,3,R16,,,,,,,,,,,,,,,,,,,,TennisMyLife,2020_challenger.csv,2020,2026-08-23T06:37:21.010456+00:00,2178,7ac5b858ab905ba3734ce025a4939187,NEW_MATCH,0,,kimmer coppejans,marco trungelliti,maia,r16,clay
2020-8312,Maia,Clay,32,C,,20201130,25,S483,2,,Pedro Sousa,R,180,POR,32.512,113,618,CG33,,,Kimmer Coppejans,R,178,BEL,26.812,179,353,6-2 3-6 6-1,3,QF,96,6,1,78,51,36,12,12,2,5,2,3,71,51,26,11,12,6,12,TennisMyLife,2020_challenger.csv,2020,2026-08-23T06:37:21.010456+00:00,2179,777b917f2607c93271880c56baf23b56,NEW_MATCH,0,,pedro sousa,kimmer coppejans,maia,qf,clay
2020-8312,Maia,Clay,32,C,,20201130,26,TE16,8,,Carlos Taberner,R,183,ESP,23.313,152,416,KC04,3,,Jozef Kovalik,R,183,SVK,28.071,131,491,7-6(3) 6-1,3,QF,108,1,1,67,41,31,14,10,4,5,5,4,66,39,22,12,9,3,6,TennisMyLife,2020_challenger.csv,2020,2026-08-23T06:37:21.010456+00:00,2180,3e4d02ae3598c539701fc1a282a16591,NEW_MATCH,0,,carlos taberner,jozef kovalik,maia,qf,clay
2020-8312,Maia,Clay,32,C,,20201130,27,Z419,,,Bernabe Zapata Miralles,R,183,ESP,23.882,155,414,L949,4,,Henri Laaksonen,R,185,SUI,28.668,135,477,6-2 3-6 6-4,3,QF,108,1,0,81,58,34,15,13,7,10,4,2,82,45,27,20,14,5,10,TennisMyLife,2020_challenger.csv,2020,2026-08-23T06:37:21.010456+00:00,2181,b2f46a8f39301ebc53b99522aec38048,NEW_MATCH,0,,bernabe zapata miralles,henri laaksonen,maia,qf,clay
2020-8312,Maia,Clay,32,C,,20201130,28,A0CJ,,,Duje Ajdukovic,R,188,CRO,19.817,377,107,A622,,,Andrea Arnaboldi,L,180,ITA,32.928,276,191,6-3 6-0,3,QF,61,6,0,37,23,19,6,7,1,2,2,1,57,35,15,10,8,2,8,TennisMyLife,2020_challenger.csv,2020,2026-08-23T06:37:21.010456+00:00,2182,034eebbbdb5f7aded740c3dede166482,NEW_MATCH,0,,duje ajdukovic,andrea arnaboldi,maia,qf,clay
2020-8312,Maia,Clay,32,C,,20201130,29,S483,2,,Pedro Sousa,R,180,POR,32.512,113,618,Z419,,,Bernabe Zapata Miralles,R,183,ESP,23.882,155,414,6-4 6-1,3,SF,63,0,0,54,33,24,11,8,3,4,1,1,53,37,19,5,9,3,8,TennisMyLife,2020_challenger.csv,2020,2026-08-23T06:37:21.010456+00:00,2183,f8bc73a5dcffbded1ce65c08fe80d038,NEW_MATCH,0,,pedro sousa,bernabe zapata miralles,maia,sf,clay
2020-8312,Maia,Clay,32,C,,20201130,30,TE16,8,,Carlos Taberner,R,183,ESP,23.313,152,416,A0CJ,,,Duje Ajdukovic,R,188,CRO,19.817,377,107,7-5 6-7(9) 6-4,3,SF,186,1,1,115,69,50,20,17,8,13,5,3,144,84,54,24,17,13,20,TennisMyLife,2020_challenger.csv,2020,2026-08-23T06:37:21.010456+00:00,2184,9f5467f12e6a78d98604378d151bbfd3,NEW_MATCH,0,,carlos taberner,duje ajdukovic,maia,sf,clay
2020-8312,Maia,Clay,32,C,,20201130,31,S483,2,,Pedro Sousa,R,180,POR,32.512,113,618,TE16,8,,Carlos Taberner,R,183,ESP,23.313,152,416,6-0 5-7 6-2,3,F,124,2,3,78,55,39,12,13,4,6,0,0,91,50,23,23,13,6,12,TennisMyLife,2020_challenger.csv,2020,2026-08-23T06:37:21.010456+00:00,2185,43eb8d1cba5da3a6d61a1f42eab360d0,NEW_MATCH,0,,pedro sousa,carlos taberner,maia,f,clay
